# BLASTN 2.16.0+
# Query: CM024632.1 Eucalyptus decipiens isolate CCA4570 chloroplast, complete sequence, whole genome shotgun sequence
# Database: e_phylacis_db
# Fields: subject id, % identity, alignment length, query length, subject length, % query coverage per subject, evalue
# 4924 hits found
ptg000022l	99.357	49925	163268	198530	99	0.0
ptg000022l	99.674	35302	163268	198530	99	0.0
ptg000022l	99.095	34265	163268	198530	99	0.0
ptg000022l	99.281	31705	163268	198530	99	0.0
ptg000022l	99.641	29785	163268	198530	99	0.0
ptg000022l	99.788	26402	163268	198530	99	0.0
ptg000022l	99.739	26429	163268	198530	99	0.0
ptg000022l	99.790	26138	163268	198530	99	0.0
ptg000022l	99.346	7037	163268	198530	99	0.0
ptg000022l	99.033	6825	163268	198530	99	0.0
ptg000022l	98.860	4123	163268	198530	99	0.0
ptg000022l	99.384	3086	163268	198530	99	0.0
ptg000022l	98.182	55	163268	198530	99	5.08e-16
ptg000022l	100.000	39	163268	198530	99	8.56e-09
ptg000022l	97.619	42	163268	198530	99	8.56e-09
ptg000022l	97.500	40	163268	198530	99	1.11e-07
ptg000022l	97.500	40	163268	198530	99	1.11e-07
ptg000022l	97.500	40	163268	198530	99	1.11e-07
ptg000022l	97.500	40	163268	198530	99	1.11e-07
ptg000022l	97.500	40	163268	198530	99	1.11e-07
ptg000022l	79.121	91	163268	198530	99	2.40e-04
ptg000022l	100.000	30	163268	198530	99	8.62e-04
ptg000022l	100.000	30	163268	198530	99	8.62e-04
ptg000022l	100.000	30	163268	198530	99	8.62e-04
ptg000022l	100.000	28	163268	198530	99	0.011
ptg000033l	99.291	38084	163268	79721	53	0.0
ptg000033l	99.674	35566	163268	79721	53	0.0
ptg000033l	99.638	27101	163268	79721	53	0.0
ptg000033l	99.788	26402	163268	79721	53	0.0
ptg000033l	98.836	4124	163268	79721	53	0.0
ptg000033l	99.570	2095	163268	79721	53	0.0
ptg000033l	100.000	39	163268	79721	53	8.56e-09
ptg000033l	97.500	40	163268	79721	53	1.11e-07
ptg000033l	97.500	40	163268	79721	53	1.11e-07
ptg000033l	97.500	40	163268	79721	53	1.11e-07
ptg000033l	97.500	40	163268	79721	53	1.11e-07
ptg000021l	99.095	34265	163268	272542	75	0.0
ptg000021l	99.278	31705	163268	272542	75	0.0
ptg000021l	99.811	15317	163268	272542	75	0.0
ptg000021l	99.654	15327	163268	272542	75	0.0
ptg000021l	99.417	10987	163268	272542	75	0.0
ptg000021l	99.361	7037	163268	272542	75	0.0
ptg000021l	99.033	6825	163268	272542	75	0.0
ptg000021l	99.838	1849	163268	272542	75	0.0
ptg000021l	99.563	1829	163268	272542	75	0.0
ptg000021l	98.743	1830	163268	272542	75	0.0
ptg000021l	74.016	889	163268	272542	75	1.67e-80
ptg000021l	73.903	889	163268	272542	75	7.75e-79
ptg000021l	74.943	435	163268	272542	75	6.30e-45
ptg000021l	98.182	55	163268	272542	75	5.08e-16
ptg000021l	100.000	39	163268	272542	75	8.56e-09
ptg000021l	97.500	40	163268	272542	75	1.11e-07
ptg000021l	79.121	91	163268	272542	75	2.40e-04
ptg000021l	100.000	30	163268	272542	75	8.62e-04
ptg000021l	100.000	30	163268	272542	75	8.62e-04
ptg000021l	100.000	30	163268	272542	75	8.62e-04
ptg000021l	100.000	28	163268	272542	75	0.011
ptg000046l	99.101	24129	163268	53645	25	0.0
ptg000046l	99.468	13157	163268	53645	25	0.0
ptg000046l	99.856	7651	163268	53645	25	0.0
ptg000046l	99.752	7654	163268	53645	25	0.0
ptg000046l	98.860	4121	163268	53645	25	0.0
ptg000046l	97.619	42	163268	53645	25	8.56e-09
ptg000046l	97.500	40	163268	53645	25	1.11e-07
ptg000046l	97.500	40	163268	53645	25	1.11e-07
ptg000027l	99.800	22953	163268	214149	44	0.0
ptg000027l	99.730	22960	163268	214149	44	0.0
ptg000027l	99.019	22009	163268	214149	44	0.0
ptg000027l	99.366	11037	163268	214149	44	0.0
ptg000027l	98.860	4121	163268	214149	44	0.0
ptg000027l	93.331	2609	163268	214149	44	0.0
ptg000027l	82.022	534	163268	214149	44	3.43e-112
ptg000027l	74.016	889	163268	214149	44	1.67e-80
ptg000027l	73.903	889	163268	214149	44	7.75e-79
ptg000027l	77.582	455	163268	214149	44	6.21e-55
ptg000027l	74.943	435	163268	214149	44	6.30e-45
ptg000027l	91.954	87	163268	214149	44	8.38e-24
ptg000027l	91.954	87	163268	214149	44	8.38e-24
ptg000027l	100.000	43	163268	214149	44	5.11e-11
ptg000027l	97.619	42	163268	214149	44	8.56e-09
ptg000027l	97.500	40	163268	214149	44	1.11e-07
ptg000027l	97.500	40	163268	214149	44	1.11e-07
ptg000027l	97.500	40	163268	214149	44	1.11e-07
ptg000010l	98.700	5848	163268	39824047	47	0.0
ptg000010l	99.041	3964	163268	39824047	47	0.0
ptg000010l	98.462	3965	163268	39824047	47	0.0
ptg000010l	83.240	7285	163268	39824047	47	0.0
ptg000010l	83.212	7285	163268	39824047	47	0.0
ptg000010l	98.276	3422	163268	39824047	47	0.0
ptg000010l	98.070	2954	163268	39824047	47	0.0
ptg000010l	96.026	1359	163268	39824047	47	0.0
ptg000010l	94.745	1294	163268	39824047	47	0.0
ptg000010l	94.599	1296	163268	39824047	47	0.0
ptg000010l	99.173	1088	163268	39824047	47	0.0
ptg000010l	90.013	1482	163268	39824047	47	0.0
ptg000010l	89.953	1483	163268	39824047	47	0.0
ptg000010l	85.284	1794	163268	39824047	47	0.0
ptg000010l	85.268	1792	163268	39824047	47	0.0
ptg000010l	87.809	1337	163268	39824047	47	0.0
ptg000010l	87.481	1342	163268	39824047	47	0.0
ptg000010l	92.650	1034	163268	39824047	47	0.0
ptg000010l	89.518	1059	163268	39824047	47	0.0
ptg000010l	89.424	1059	163268	39824047	47	0.0
ptg000010l	89.068	1052	163268	39824047	47	0.0
ptg000010l	96.579	760	163268	39824047	47	0.0
ptg000010l	83.451	1414	163268	39824047	47	0.0
ptg000010l	88.269	1057	163268	39824047	47	0.0
ptg000010l	83.345	1417	163268	39824047	47	0.0
ptg000010l	86.162	1084	163268	39824047	47	0.0
ptg000010l	86.083	1085	163268	39824047	47	0.0
ptg000010l	86.610	1053	163268	39824047	47	0.0
ptg000010l	89.531	917	163268	39824047	47	0.0
ptg000010l	92.494	786	163268	39824047	47	0.0
ptg000010l	85.675	1089	163268	39824047	47	0.0
ptg000010l	86.457	1019	163268	39824047	47	0.0
ptg000010l	86.399	1022	163268	39824047	47	0.0
ptg000010l	85.583	1089	163268	39824047	47	0.0
ptg000010l	91.858	786	163268	39824047	47	0.0
ptg000010l	91.583	796	163268	39824047	47	0.0
ptg000010l	85.823	924	163268	39824047	47	0.0
ptg000010l	85.515	932	163268	39824047	47	0.0
ptg000010l	85.545	927	163268	39824047	47	0.0
ptg000010l	93.526	587	163268	39824047	47	0.0
ptg000010l	93.345	586	163268	39824047	47	0.0
ptg000010l	99.355	465	163268	39824047	47	0.0
ptg000010l	99.353	464	163268	39824047	47	0.0
ptg000010l	89.286	616	163268	39824047	47	0.0
ptg000010l	98.575	421	163268	39824047	47	0.0
ptg000010l	85.541	740	163268	39824047	47	0.0
ptg000010l	99.746	393	163268	39824047	47	0.0
ptg000010l	92.885	506	163268	39824047	47	0.0
ptg000010l	97.959	392	163268	39824047	47	0.0
ptg000010l	88.748	551	163268	39824047	47	0.0
ptg000010l	94.357	443	163268	39824047	47	0.0
ptg000010l	88.566	551	163268	39824047	47	0.0
ptg000010l	93.891	442	163268	39824047	47	0.0
ptg000010l	90.244	492	163268	39824047	47	1.87e-179
ptg000010l	90.244	492	163268	39824047	47	1.87e-179
ptg000010l	96.154	390	163268	39824047	47	1.13e-176
ptg000010l	97.222	360	163268	39824047	47	5.27e-170
ptg000010l	96.438	365	163268	39824047	47	8.83e-168
ptg000010l	97.826	322	163268	39824047	47	1.94e-154
ptg000010l	97.516	322	163268	39824047	47	3.24e-152
ptg000010l	82.595	632	163268	39824047	47	9.08e-148
ptg000010l	98.000	300	163268	39824047	47	2.54e-143
ptg000010l	85.221	521	163268	39824047	47	4.25e-141
ptg000010l	94.242	330	163268	39824047	47	2.56e-138
ptg000010l	97.611	293	163268	39824047	47	9.21e-138
ptg000010l	93.713	334	163268	39824047	47	4.28e-136
ptg000010l	89.109	404	163268	39824047	47	4.28e-136
ptg000010l	84.512	523	163268	39824047	47	1.99e-134
ptg000010l	88.942	416	163268	39824047	47	2.58e-133
ptg000010l	93.072	332	163268	39824047	47	3.34e-132
ptg000010l	85.270	482	163268	39824047	47	1.20e-131
ptg000010l	95.667	300	163268	39824047	47	4.32e-131
ptg000010l	90.544	349	163268	39824047	47	4.35e-126
ptg000010l	90.544	349	163268	39824047	47	4.35e-126
ptg000010l	92.308	325	163268	39824047	47	2.62e-123
ptg000010l	94.828	290	163268	39824047	47	1.22e-121
ptg000010l	90.323	341	163268	39824047	47	2.04e-119
ptg000010l	95.290	276	163268	39824047	47	7.32e-119
ptg000010l	95.290	276	163268	39824047	47	7.32e-119
ptg000010l	96.935	261	163268	39824047	47	2.63e-118
ptg000010l	94.077	287	163268	39824047	47	3.41e-117
ptg000010l	96.552	261	163268	39824047	47	1.23e-116
ptg000010l	91.167	317	163268	39824047	47	1.23e-116
ptg000010l	89.518	353	163268	39824047	47	1.23e-116
ptg000010l	89.518	353	163268	39824047	47	1.23e-116
ptg000010l	96.169	261	163268	39824047	47	1.59e-115
ptg000010l	92.333	300	163268	39824047	47	1.59e-115
ptg000010l	99.571	233	163268	39824047	47	5.70e-115
ptg000010l	98.340	241	163268	39824047	47	7.38e-114
ptg000010l	89.474	342	163268	39824047	47	2.65e-113
ptg000010l	92.759	290	163268	39824047	47	9.54e-113
ptg000010l	90.154	325	163268	39824047	47	1.23e-111
ptg000010l	93.190	279	163268	39824047	47	1.60e-110
ptg000010l	93.190	279	163268	39824047	47	1.60e-110
ptg000010l	96.735	245	163268	39824047	47	2.07e-109
ptg000010l	96.735	245	163268	39824047	47	2.07e-109
ptg000010l	94.007	267	163268	39824047	47	2.67e-108
ptg000010l	92.883	281	163268	39824047	47	3.46e-107
ptg000010l	93.258	267	163268	39824047	47	2.08e-104
ptg000010l	95.798	238	163268	39824047	47	9.68e-103
ptg000010l	95.798	238	163268	39824047	47	3.48e-102
ptg000010l	99.519	208	163268	39824047	47	4.50e-101
ptg000010l	87.926	323	163268	39824047	47	1.62e-100
ptg000010l	87.926	323	163268	39824047	47	1.62e-100
ptg000010l	94.262	244	163268	39824047	47	7.53e-99
ptg000010l	94.262	244	163268	39824047	47	7.53e-99
ptg000010l	92.636	258	163268	39824047	47	2.71e-98
ptg000010l	94.142	239	163268	39824047	47	4.53e-96
ptg000010l	94.118	238	163268	39824047	47	4.53e-96
ptg000010l	91.321	265	163268	39824047	47	1.63e-95
ptg000010l	91.321	265	163268	39824047	47	1.63e-95
ptg000010l	93.776	241	163268	39824047	47	5.87e-95
ptg000010l	95.890	219	163268	39824047	47	7.59e-94
ptg000010l	93.277	238	163268	39824047	47	3.53e-92
ptg000010l	99.479	192	163268	39824047	47	3.53e-92
ptg000010l	84.746	354	163268	39824047	47	4.57e-91
ptg000010l	91.304	253	163268	39824047	47	1.64e-90
ptg000010l	89.046	283	163268	39824047	47	2.12e-89
ptg000010l	93.450	229	163268	39824047	47	2.12e-89
ptg000010l	94.170	223	163268	39824047	47	7.64e-89
ptg000010l	94.170	223	163268	39824047	47	7.64e-89
ptg000010l	90.909	253	163268	39824047	47	2.75e-88
ptg000010l	96.000	200	163268	39824047	47	5.95e-85
ptg000010l	87.241	290	163268	39824047	47	7.70e-84
ptg000010l	95.477	199	163268	39824047	47	3.58e-82
ptg000010l	88.976	254	163268	39824047	47	7.75e-79
ptg000010l	96.667	180	163268	39824047	47	4.66e-76
ptg000010l	95.135	185	163268	39824047	47	6.03e-75
ptg000010l	95.135	185	163268	39824047	47	6.03e-75
ptg000010l	94.595	185	163268	39824047	47	2.81e-73
ptg000010l	92.784	194	163268	39824047	47	1.31e-71
ptg000010l	91.262	206	163268	39824047	47	6.08e-70
ptg000010l	91.542	201	163268	39824047	47	6.08e-70
ptg000010l	94.886	176	163268	39824047	47	2.19e-69
ptg000010l	94.886	176	163268	39824047	47	2.19e-69
ptg000010l	91.045	201	163268	39824047	47	2.83e-68
ptg000010l	96.914	162	163268	39824047	47	1.02e-67
ptg000010l	96.914	162	163268	39824047	47	1.02e-67
ptg000010l	87.342	237	163268	39824047	47	3.66e-67
ptg000010l	87.342	237	163268	39824047	47	1.32e-66
ptg000010l	98.630	146	163268	39824047	47	6.12e-65
ptg000010l	98.000	150	163268	39824047	47	6.12e-65
ptg000010l	90.256	195	163268	39824047	47	7.92e-64
ptg000010l	90.256	195	163268	39824047	47	7.92e-64
ptg000010l	91.803	183	163268	39824047	47	2.85e-63
ptg000010l	89.268	205	163268	39824047	47	1.02e-62
ptg000010l	93.023	172	163268	39824047	47	3.68e-62
ptg000010l	93.373	166	163268	39824047	47	1.71e-60
ptg000010l	99.259	135	163268	39824047	47	1.71e-60
ptg000010l	93.293	164	163268	39824047	47	6.16e-60
ptg000010l	99.254	134	163268	39824047	47	6.16e-60
ptg000010l	94.771	153	163268	39824047	47	7.97e-59
ptg000010l	95.333	150	163268	39824047	47	7.97e-59
ptg000010l	97.122	139	163268	39824047	47	1.03e-57
ptg000010l	87.143	210	163268	39824047	47	4.80e-56
ptg000010l	89.888	178	163268	39824047	47	4.80e-56
ptg000010l	88.482	191	163268	39824047	47	2.23e-54
ptg000010l	92.810	153	163268	39824047	47	8.03e-54
ptg000010l	98.400	125	163268	39824047	47	2.89e-53
ptg000010l	98.400	125	163268	39824047	47	1.04e-52
ptg000010l	86.700	203	163268	39824047	47	1.04e-52
ptg000010l	98.374	123	163268	39824047	47	3.74e-52
ptg000010l	91.558	154	163268	39824047	47	4.83e-51
ptg000010l	89.697	165	163268	39824047	47	1.74e-50
ptg000010l	99.130	115	163268	39824047	47	2.25e-49
ptg000010l	96.094	128	163268	39824047	47	8.09e-49
ptg000010l	83.710	221	163268	39824047	47	1.05e-47
ptg000010l	96.667	120	163268	39824047	47	3.76e-47
ptg000010l	93.893	131	163268	39824047	47	1.35e-46
ptg000010l	93.893	131	163268	39824047	47	1.35e-46
ptg000010l	86.139	202	163268	39824047	47	1.35e-46
ptg000010l	95.161	124	163268	39824047	47	4.87e-46
ptg000010l	100.000	106	163268	39824047	47	4.87e-46
ptg000010l	100.000	105	163268	39824047	47	1.75e-45
ptg000010l	97.368	114	163268	39824047	47	1.75e-45
ptg000010l	92.537	134	163268	39824047	47	6.30e-45
ptg000010l	100.000	103	163268	39824047	47	2.26e-44
ptg000010l	100.000	103	163268	39824047	47	2.26e-44
ptg000010l	93.651	126	163268	39824047	47	8.14e-44
ptg000010l	96.491	114	163268	39824047	47	8.14e-44
ptg000010l	92.308	130	163268	39824047	47	3.79e-42
ptg000010l	92.248	129	163268	39824047	47	1.36e-41
ptg000010l	91.538	130	163268	39824047	47	4.90e-41
ptg000010l	92.248	129	163268	39824047	47	4.90e-41
ptg000010l	81.448	221	163268	39824047	47	4.90e-41
ptg000010l	95.575	113	163268	39824047	47	1.76e-40
ptg000010l	98.039	102	163268	39824047	47	1.76e-40
ptg000010l	98.058	103	163268	39824047	47	1.76e-40
ptg000010l	96.262	107	163268	39824047	47	6.34e-40
ptg000010l	75.561	401	163268	39824047	47	6.34e-40
ptg000010l	85.475	179	163268	39824047	47	6.34e-40
ptg000010l	97.143	105	163268	39824047	47	2.28e-39
ptg000010l	91.406	128	163268	39824047	47	2.28e-39
ptg000010l	91.406	128	163268	39824047	47	2.28e-39
ptg000010l	94.690	113	163268	39824047	47	2.28e-39
ptg000010l	83.422	187	163268	39824047	47	2.28e-39
ptg000010l	97.938	97	163268	39824047	47	1.06e-37
ptg000010l	97.000	100	163268	39824047	47	3.82e-37
ptg000010l	100.000	90	163268	39824047	47	3.82e-37
ptg000010l	84.393	173	163268	39824047	47	3.82e-37
ptg000010l	93.578	109	163268	39824047	47	4.94e-36
ptg000010l	93.578	109	163268	39824047	47	4.94e-36
ptg000010l	89.764	127	163268	39824047	47	4.94e-36
ptg000010l	100.000	88	163268	39824047	47	4.94e-36
ptg000010l	100.000	88	163268	39824047	47	4.94e-36
ptg000010l	96.875	96	163268	39824047	47	1.78e-35
ptg000010l	88.235	136	163268	39824047	47	6.39e-35
ptg000010l	96.842	95	163268	39824047	47	6.39e-35
ptg000010l	98.876	89	163268	39824047	47	6.39e-35
ptg000010l	93.396	106	163268	39824047	47	2.30e-34
ptg000010l	90.756	119	163268	39824047	47	2.30e-34
ptg000010l	90.756	119	163268	39824047	47	2.30e-34
ptg000010l	96.809	94	163268	39824047	47	2.30e-34
ptg000010l	97.778	90	163268	39824047	47	8.26e-34
ptg000010l	95.833	96	163268	39824047	47	2.97e-33
ptg000010l	78.467	274	163268	39824047	47	2.97e-33
ptg000010l	100.000	81	163268	39824047	47	3.84e-32
ptg000010l	100.000	81	163268	39824047	47	3.84e-32
ptg000010l	93.269	104	163268	39824047	47	3.84e-32
ptg000010l	94.792	96	163268	39824047	47	3.84e-32
ptg000010l	97.674	86	163268	39824047	47	1.38e-31
ptg000010l	92.308	104	163268	39824047	47	1.38e-31
ptg000010l	85.333	150	163268	39824047	47	4.97e-31
ptg000010l	90.179	112	163268	39824047	47	1.79e-30
ptg000010l	90.179	112	163268	39824047	47	1.79e-30
ptg000010l	92.929	99	163268	39824047	47	1.79e-30
ptg000010l	97.590	83	163268	39824047	47	6.43e-30
ptg000010l	86.567	134	163268	39824047	47	6.43e-30
ptg000010l	86.567	134	163268	39824047	47	6.43e-30
ptg000010l	92.857	98	163268	39824047	47	8.32e-29
ptg000010l	100.000	74	163268	39824047	47	2.99e-28
ptg000010l	95.238	84	163268	39824047	47	3.87e-27
ptg000010l	96.296	81	163268	39824047	47	1.39e-26
ptg000010l	97.403	77	163268	39824047	47	1.39e-26
ptg000010l	97.403	77	163268	39824047	47	1.39e-26
ptg000010l	90.909	99	163268	39824047	47	1.39e-26
ptg000010l	100.000	70	163268	39824047	47	5.01e-26
ptg000010l	100.000	70	163268	39824047	47	5.01e-26
ptg000010l	81.768	181	163268	39824047	47	1.80e-25
ptg000010l	89.899	99	163268	39824047	47	1.80e-25
ptg000010l	92.222	90	163268	39824047	47	1.80e-25
ptg000010l	92.222	90	163268	39824047	47	1.80e-25
ptg000010l	98.611	72	163268	39824047	47	1.80e-25
ptg000010l	93.103	87	163268	39824047	47	6.48e-25
ptg000010l	93.103	87	163268	39824047	47	6.48e-25
ptg000010l	96.053	76	163268	39824047	47	2.33e-24
ptg000010l	89.691	97	163268	39824047	47	2.33e-24
ptg000010l	100.000	67	163268	39824047	47	2.33e-24
ptg000010l	97.222	72	163268	39824047	47	8.38e-24
ptg000010l	97.222	72	163268	39824047	47	8.38e-24
ptg000010l	98.551	69	163268	39824047	47	8.38e-24
ptg000010l	98.551	69	163268	39824047	47	8.38e-24
ptg000010l	90.426	94	163268	39824047	47	8.38e-24
ptg000010l	90.426	94	163268	39824047	47	8.38e-24
ptg000010l	82.517	143	163268	39824047	47	8.38e-24
ptg000010l	98.551	69	163268	39824047	47	8.38e-24
ptg000010l	97.222	72	163268	39824047	47	3.01e-23
ptg000010l	94.805	77	163268	39824047	47	3.01e-23
ptg000010l	82.394	142	163268	39824047	47	3.01e-23
ptg000010l	100.000	64	163268	39824047	47	1.08e-22
ptg000010l	100.000	64	163268	39824047	47	1.08e-22
ptg000010l	100.000	63	163268	39824047	47	3.90e-22
ptg000010l	95.833	72	163268	39824047	47	3.90e-22
ptg000010l	95.833	72	163268	39824047	47	3.90e-22
ptg000010l	98.507	67	163268	39824047	47	3.90e-22
ptg000010l	97.059	68	163268	39824047	47	1.40e-21
ptg000010l	98.462	65	163268	39824047	47	1.40e-21
ptg000010l	95.775	71	163268	39824047	47	5.04e-21
ptg000010l	93.421	76	163268	39824047	47	5.04e-21
ptg000010l	93.421	76	163268	39824047	47	5.04e-21
ptg000010l	100.000	61	163268	39824047	47	5.04e-21
ptg000010l	81.818	143	163268	39824047	47	6.52e-20
ptg000010l	81.818	143	163268	39824047	47	6.52e-20
ptg000010l	100.000	59	163268	39824047	47	6.52e-20
ptg000010l	94.286	70	163268	39824047	47	2.35e-19
ptg000010l	100.000	58	163268	39824047	47	2.35e-19
ptg000010l	100.000	58	163268	39824047	47	2.35e-19
ptg000010l	93.056	72	163268	39824047	47	8.44e-19
ptg000010l	94.366	71	163268	39824047	47	8.44e-19
ptg000010l	98.333	60	163268	39824047	47	8.44e-19
ptg000010l	100.000	55	163268	39824047	47	1.09e-17
ptg000010l	100.000	55	163268	39824047	47	1.09e-17
ptg000010l	91.892	74	163268	39824047	47	1.09e-17
ptg000010l	91.892	74	163268	39824047	47	1.09e-17
ptg000010l	93.056	72	163268	39824047	47	1.09e-17
ptg000010l	98.276	58	163268	39824047	47	1.09e-17
ptg000010l	100.000	54	163268	39824047	47	3.93e-17
ptg000010l	91.667	72	163268	39824047	47	1.41e-16
ptg000010l	91.667	72	163268	39824047	47	1.41e-16
ptg000010l	93.846	65	163268	39824047	47	1.41e-16
ptg000010l	100.000	53	163268	39824047	47	1.41e-16
ptg000010l	100.000	53	163268	39824047	47	1.41e-16
ptg000010l	98.214	56	163268	39824047	47	1.41e-16
ptg000010l	86.598	97	163268	39824047	47	1.41e-16
ptg000010l	86.598	97	163268	39824047	47	1.41e-16
ptg000010l	95.082	61	163268	39824047	47	5.08e-16
ptg000010l	100.000	52	163268	39824047	47	5.08e-16
ptg000010l	96.552	58	163268	39824047	47	1.83e-15
ptg000010l	100.000	51	163268	39824047	47	1.83e-15
ptg000010l	92.424	66	163268	39824047	47	1.83e-15
ptg000010l	93.651	63	163268	39824047	47	1.83e-15
ptg000010l	93.651	63	163268	39824047	47	1.83e-15
ptg000010l	98.148	54	163268	39824047	47	6.57e-15
ptg000010l	100.000	49	163268	39824047	47	2.36e-14
ptg000010l	100.000	49	163268	39824047	47	2.36e-14
ptg000010l	100.000	49	163268	39824047	47	2.36e-14
ptg000010l	100.000	48	163268	39824047	47	8.50e-14
ptg000010l	90.141	71	163268	39824047	47	8.50e-14
ptg000010l	96.226	53	163268	39824047	47	3.06e-13
ptg000010l	96.226	53	163268	39824047	47	3.06e-13
ptg000010l	94.828	58	163268	39824047	47	3.06e-13
ptg000010l	100.000	47	163268	39824047	47	3.06e-13
ptg000010l	98.000	50	163268	39824047	47	3.06e-13
ptg000010l	98.000	50	163268	39824047	47	3.06e-13
ptg000010l	100.000	46	163268	39824047	47	1.10e-12
ptg000010l	100.000	46	163268	39824047	47	1.10e-12
ptg000010l	100.000	46	163268	39824047	47	1.10e-12
ptg000010l	100.000	46	163268	39824047	47	1.10e-12
ptg000010l	91.803	61	163268	39824047	47	3.95e-12
ptg000010l	91.803	61	163268	39824047	47	3.95e-12
ptg000010l	100.000	45	163268	39824047	47	3.95e-12
ptg000010l	97.917	48	163268	39824047	47	3.95e-12
ptg000010l	97.917	48	163268	39824047	47	3.95e-12
ptg000010l	94.444	54	163268	39824047	47	1.42e-11
ptg000010l	100.000	44	163268	39824047	47	1.42e-11
ptg000010l	97.872	47	163268	39824047	47	1.42e-11
ptg000010l	97.872	47	163268	39824047	47	1.42e-11
ptg000010l	80.531	113	163268	39824047	47	1.42e-11
ptg000010l	80.531	113	163268	39824047	47	1.42e-11
ptg000010l	100.000	43	163268	39824047	47	5.11e-11
ptg000010l	97.826	46	163268	39824047	47	5.11e-11
ptg000010l	97.826	46	163268	39824047	47	5.11e-11
ptg000010l	97.826	46	163268	39824047	47	5.11e-11
ptg000010l	97.826	46	163268	39824047	47	5.11e-11
ptg000010l	100.000	41	163268	39824047	47	6.61e-10
ptg000010l	97.727	44	163268	39824047	47	6.61e-10
ptg000010l	81.633	98	163268	39824047	47	2.38e-09
ptg000010l	97.674	43	163268	39824047	47	2.38e-09
ptg000010l	97.674	43	163268	39824047	47	2.38e-09
ptg000010l	97.674	43	163268	39824047	47	2.38e-09
ptg000010l	100.000	40	163268	39824047	47	2.38e-09
ptg000010l	92.000	50	163268	39824047	47	3.08e-08
ptg000010l	78.632	117	163268	39824047	47	3.08e-08
ptg000010l	92.157	51	163268	39824047	47	3.08e-08
ptg000010l	92.157	51	163268	39824047	47	3.08e-08
ptg000010l	100.000	38	163268	39824047	47	3.08e-08
ptg000010l	100.000	38	163268	39824047	47	3.08e-08
ptg000010l	97.500	40	163268	39824047	47	1.11e-07
ptg000010l	95.455	44	163268	39824047	47	1.11e-07
ptg000010l	95.455	44	163268	39824047	47	1.11e-07
ptg000010l	97.561	41	163268	39824047	47	1.11e-07
ptg000010l	97.561	41	163268	39824047	47	1.11e-07
ptg000010l	97.436	39	163268	39824047	47	3.98e-07
ptg000010l	100.000	35	163268	39824047	47	1.43e-06
ptg000010l	100.000	35	163268	39824047	47	1.43e-06
ptg000010l	100.000	34	163268	39824047	47	5.15e-06
ptg000010l	100.000	34	163268	39824047	47	5.15e-06
ptg000010l	97.297	37	163268	39824047	47	5.15e-06
ptg000010l	100.000	34	163268	39824047	47	5.15e-06
ptg000010l	100.000	34	163268	39824047	47	5.15e-06
ptg000010l	95.000	40	163268	39824047	47	5.15e-06
ptg000010l	97.297	37	163268	39824047	47	5.15e-06
ptg000010l	97.297	37	163268	39824047	47	5.15e-06
ptg000010l	97.297	37	163268	39824047	47	5.15e-06
ptg000010l	97.222	36	163268	39824047	47	1.85e-05
ptg000010l	97.222	36	163268	39824047	47	1.85e-05
ptg000010l	100.000	32	163268	39824047	47	6.66e-05
ptg000010l	94.737	38	163268	39824047	47	2.40e-04
ptg000010l	94.737	38	163268	39824047	47	2.40e-04
ptg000010l	92.500	40	163268	39824047	47	8.62e-04
ptg000010l	100.000	30	163268	39824047	47	8.62e-04
ptg000010l	100.000	30	163268	39824047	47	8.62e-04
ptg000010l	100.000	30	163268	39824047	47	8.62e-04
ptg000010l	100.000	30	163268	39824047	47	8.62e-04
ptg000010l	96.875	32	163268	39824047	47	0.003
ptg000010l	96.875	32	163268	39824047	47	0.003
ptg000005l	94.336	6833	163268	61704420	54	0.0
ptg000005l	96.761	3643	163268	61704420	54	0.0
ptg000005l	95.155	3777	163268	61704420	54	0.0
ptg000005l	98.039	3009	163268	61704420	54	0.0
ptg000005l	94.971	2883	163268	61704420	54	0.0
ptg000005l	96.866	2010	163268	61704420	54	0.0
ptg000005l	94.334	1959	163268	61704420	54	0.0
ptg000005l	94.266	1779	163268	61704420	54	0.0
ptg000005l	91.249	1874	163268	61704420	54	0.0
ptg000005l	91.205	1876	163268	61704420	54	0.0
ptg000005l	96.951	1148	163268	61704420	54	0.0
ptg000005l	96.626	978	163268	61704420	54	0.0
ptg000005l	96.315	977	163268	61704420	54	0.0
ptg000005l	95.088	1018	163268	61704420	54	0.0
ptg000005l	89.726	1168	163268	61704420	54	0.0
ptg000005l	89.599	1173	163268	61704420	54	0.0
ptg000005l	95.854	820	163268	61704420	54	0.0
ptg000005l	88.514	1097	163268	61704420	54	0.0
ptg000005l	88.321	1096	163268	61704420	54	0.0
ptg000005l	97.756	713	163268	61704420	54	0.0
ptg000005l	91.176	850	163268	61704420	54	0.0
ptg000005l	90.834	851	163268	61704420	54	0.0
ptg000005l	94.590	647	163268	61704420	54	0.0
ptg000005l	88.523	819	163268	61704420	54	0.0
ptg000005l	88.523	819	163268	61704420	54	0.0
ptg000005l	94.436	629	163268	61704420	54	0.0
ptg000005l	94.277	629	163268	61704420	54	0.0
ptg000005l	97.727	528	163268	61704420	54	0.0
ptg000005l	96.140	544	163268	61704420	54	0.0
ptg000005l	96.125	542	163268	61704420	54	0.0
ptg000005l	96.449	535	163268	61704420	54	0.0
ptg000005l	98.340	482	163268	61704420	54	0.0
ptg000005l	93.162	585	163268	61704420	54	0.0
ptg000005l	96.484	512	163268	61704420	54	0.0
ptg000005l	92.517	588	163268	61704420	54	0.0
ptg000005l	98.291	468	163268	61704420	54	0.0
ptg000005l	97.510	482	163268	61704420	54	0.0
ptg000005l	98.072	415	163268	61704420	54	0.0
ptg000005l	87.639	631	163268	61704420	54	0.0
ptg000005l	89.591	538	163268	61704420	54	0.0
ptg000005l	89.591	538	163268	61704420	54	0.0
ptg000005l	89.758	537	163268	61704420	54	0.0
ptg000005l	89.405	538	163268	61704420	54	0.0
ptg000005l	89.572	537	163268	61704420	54	0.0
ptg000005l	98.408	377	163268	61704420	54	0.0
ptg000005l	99.722	360	163268	61704420	54	0.0
ptg000005l	95.377	411	163268	61704420	54	0.0
ptg000005l	96.419	391	163268	61704420	54	1.45e-180
ptg000005l	95.074	406	163268	61704420	54	6.73e-179
ptg000005l	98.876	356	163268	61704420	54	2.42e-178
ptg000005l	95.443	395	163268	61704420	54	4.05e-176
ptg000005l	95.190	395	163268	61704420	54	1.88e-174
ptg000005l	94.335	406	163268	61704420	54	2.44e-173
ptg000005l	89.024	492	163268	61704420	54	8.83e-168
ptg000005l	89.024	492	163268	61704420	54	8.83e-168
ptg000005l	95.225	377	163268	61704420	54	1.48e-165
ptg000005l	94.709	378	163268	61704420	54	2.47e-163
ptg000005l	95.628	366	163268	61704420	54	3.20e-162
ptg000005l	97.368	342	163268	61704420	54	1.15e-161
ptg000005l	97.368	342	163268	61704420	54	1.15e-161
ptg000005l	90.869	449	163268	61704420	54	5.35e-160
ptg000005l	87.048	525	163268	61704420	54	6.92e-159
ptg000005l	98.089	314	163268	61704420	54	1.17e-151
ptg000005l	96.626	326	163268	61704420	54	1.95e-149
ptg000005l	97.771	314	163268	61704420	54	1.95e-149
ptg000005l	98.046	307	163268	61704420	54	9.08e-148
ptg000005l	98.046	307	163268	61704420	54	9.08e-148
ptg000005l	93.113	363	163268	61704420	54	1.17e-146
ptg000005l	93.113	363	163268	61704420	54	1.17e-146
ptg000005l	100.000	285	163268	61704420	54	1.52e-145
ptg000005l	91.026	390	163268	61704420	54	1.97e-144
ptg000005l	95.652	322	163268	61704420	54	9.14e-143
ptg000005l	93.410	349	163268	61704420	54	3.29e-142
ptg000005l	93.410	349	163268	61704420	54	3.29e-142
ptg000005l	89.487	409	163268	61704420	54	1.18e-141
ptg000005l	89.487	409	163268	61704420	54	1.18e-141
ptg000005l	93.567	342	163268	61704420	54	1.53e-140
ptg000005l	97.635	296	163268	61704420	54	5.50e-140
ptg000005l	97.635	296	163268	61704420	54	5.50e-140
ptg000005l	92.500	360	163268	61704420	54	1.54e-135
ptg000005l	94.136	324	163268	61704420	54	5.54e-135
ptg000005l	94.136	324	163268	61704420	54	5.54e-135
ptg000005l	92.486	346	163268	61704420	54	5.54e-135
ptg000005l	95.738	305	163268	61704420	54	1.99e-134
ptg000005l	92.793	333	163268	61704420	54	3.34e-132
ptg000005l	95.318	299	163268	61704420	54	2.01e-129
ptg000005l	88.020	409	163268	61704420	54	2.01e-129
ptg000005l	88.020	409	163268	61704420	54	2.01e-129
ptg000005l	91.092	348	163268	61704420	54	7.22e-129
ptg000005l	91.092	348	163268	61704420	54	7.22e-129
ptg000005l	99.611	257	163268	61704420	54	2.60e-128
ptg000005l	92.169	332	163268	61704420	54	3.36e-127
ptg000005l	92.169	332	163268	61704420	54	3.36e-127
ptg000005l	92.515	334	163268	61704420	54	1.21e-126
ptg000005l	98.837	258	163268	61704420	54	1.56e-125
ptg000005l	98.069	259	163268	61704420	54	9.41e-123
ptg000005l	94.218	294	163268	61704420	54	1.22e-121
ptg000005l	94.218	294	163268	61704420	54	1.22e-121
ptg000005l	98.419	253	163268	61704420	54	4.38e-121
ptg000005l	93.750	304	163268	61704420	54	1.57e-120
ptg000005l	97.674	258	163268	61704420	54	1.57e-120
ptg000005l	95.324	278	163268	61704420	54	2.04e-119
ptg000005l	89.655	348	163268	61704420	54	2.04e-119
ptg000005l	97.674	258	163268	61704420	54	2.04e-119
ptg000005l	90.379	343	163268	61704420	54	7.32e-119
ptg000005l	95.035	282	163268	61704420	54	2.63e-118
ptg000005l	90.173	346	163268	61704420	54	9.47e-118
ptg000005l	94.643	280	163268	61704420	54	3.41e-117
ptg000005l	89.143	350	163268	61704420	54	1.23e-116
ptg000005l	90.087	343	163268	61704420	54	1.23e-116
ptg000005l	94.928	276	163268	61704420	54	4.41e-116
ptg000005l	98.760	242	163268	61704420	54	4.41e-116
ptg000005l	97.976	247	163268	61704420	54	1.59e-115
ptg000005l	94.245	278	163268	61704420	54	2.05e-114
ptg000005l	98.340	241	163268	61704420	54	2.05e-114
ptg000005l	83.084	467	163268	61704420	54	2.65e-113
ptg000005l	96.124	258	163268	61704420	54	9.54e-113
ptg000005l	99.134	231	163268	61704420	54	3.43e-112
ptg000005l	82.869	467	163268	61704420	54	1.23e-111
ptg000005l	91.582	297	163268	61704420	54	1.60e-110
ptg000005l	93.190	279	163268	61704420	54	5.74e-110
ptg000005l	92.832	279	163268	61704420	54	2.67e-108
ptg000005l	85.714	399	163268	61704420	54	2.67e-108
ptg000005l	90.354	311	163268	61704420	54	2.67e-108
ptg000005l	92.832	279	163268	61704420	54	2.67e-108
ptg000005l	89.318	337	163268	61704420	54	2.67e-108
ptg000005l	100.000	216	163268	61704420	54	3.46e-107
ptg000005l	90.667	300	163268	61704420	54	1.24e-106
ptg000005l	90.816	294	163268	61704420	54	1.61e-105
ptg000005l	90.397	302	163268	61704420	54	5.78e-105
ptg000005l	97.788	226	163268	61704420	54	2.08e-104
ptg000005l	93.916	263	163268	61704420	54	7.48e-104
ptg000005l	90.972	288	163268	61704420	54	2.69e-103
ptg000005l	90.972	288	163268	61704420	54	2.69e-103
ptg000005l	91.489	282	163268	61704420	54	3.48e-102
ptg000005l	96.916	227	163268	61704420	54	1.25e-101
ptg000005l	91.549	284	163268	61704420	54	1.25e-101
ptg000005l	91.549	284	163268	61704420	54	1.25e-101
ptg000005l	89.542	306	163268	61704420	54	1.25e-101
ptg000005l	89.542	306	163268	61704420	54	1.25e-101
ptg000005l	97.321	224	163268	61704420	54	1.25e-101
ptg000005l	91.336	277	163268	61704420	54	4.50e-101
ptg000005l	92.135	267	163268	61704420	54	1.62e-100
ptg000005l	99.517	207	163268	61704420	54	1.62e-100
ptg000005l	84.539	401	163268	61704420	54	2.09e-99
ptg000005l	98.585	212	163268	61704420	54	2.09e-99
ptg000005l	96.444	225	163268	61704420	54	7.53e-99
ptg000005l	92.969	256	163268	61704420	54	7.53e-99
ptg000005l	96.476	227	163268	61704420	54	7.53e-99
ptg000005l	88.889	306	163268	61704420	54	2.71e-98
ptg000005l	88.889	306	163268	61704420	54	2.71e-98
ptg000005l	84.171	398	163268	61704420	54	2.71e-98
ptg000005l	91.241	274	163268	61704420	54	9.75e-98
ptg000005l	87.576	330	163268	61704420	54	4.53e-96
ptg000005l	97.196	214	163268	61704420	54	4.53e-96
ptg000005l	97.653	213	163268	61704420	54	4.53e-96
ptg000005l	94.828	232	163268	61704420	54	1.63e-95
ptg000005l	80.347	519	163268	61704420	54	5.87e-95
ptg000005l	80.347	519	163268	61704420	54	5.87e-95
ptg000005l	98.522	203	163268	61704420	54	5.87e-95
ptg000005l	98.529	204	163268	61704420	54	5.87e-95
ptg000005l	95.516	223	163268	61704420	54	2.11e-94
ptg000005l	95.516	223	163268	61704420	54	2.11e-94
ptg000005l	95.197	229	163268	61704420	54	2.11e-94
ptg000005l	98.049	205	163268	61704420	54	2.11e-94
ptg000005l	93.333	240	163268	61704420	54	7.59e-94
ptg000005l	96.296	216	163268	61704420	54	7.59e-94
ptg000005l	98.039	204	163268	61704420	54	2.73e-93
ptg000005l	92.946	241	163268	61704420	54	9.81e-93
ptg000005l	98.980	196	163268	61704420	54	9.81e-93
ptg000005l	95.853	217	163268	61704420	54	1.27e-91
ptg000005l	96.226	212	163268	61704420	54	4.57e-91
ptg000005l	97.462	197	163268	61704420	54	2.75e-88
ptg000005l	96.552	203	163268	61704420	54	9.88e-88
ptg000005l	94.495	218	163268	61704420	54	4.60e-86
ptg000005l	94.470	217	163268	61704420	54	4.60e-86
ptg000005l	91.286	241	163268	61704420	54	4.60e-86
ptg000005l	91.949	236	163268	61704420	54	4.60e-86
ptg000005l	91.949	236	163268	61704420	54	4.60e-86
ptg000005l	97.895	190	163268	61704420	54	4.60e-86
ptg000005l	86.755	302	163268	61704420	54	1.65e-85
ptg000005l	98.361	183	163268	61704420	54	7.70e-84
ptg000005l	98.361	183	163268	61704420	54	7.70e-84
ptg000005l	97.838	185	163268	61704420	54	2.77e-83
ptg000005l	92.208	231	163268	61704420	54	9.95e-83
ptg000005l	94.686	207	163268	61704420	54	3.58e-82
ptg000005l	99.425	174	163268	61704420	54	3.58e-82
ptg000005l	99.425	174	163268	61704420	54	3.58e-82
ptg000005l	98.333	180	163268	61704420	54	1.29e-81
ptg000005l	95.431	197	163268	61704420	54	1.29e-81
ptg000005l	95.431	197	163268	61704420	54	1.29e-81
ptg000005l	98.864	176	163268	61704420	54	1.29e-81
ptg000005l	98.864	176	163268	61704420	54	1.29e-81
ptg000005l	93.868	212	163268	61704420	54	4.63e-81
ptg000005l	95.431	197	163268	61704420	54	4.63e-81
ptg000005l	89.712	243	163268	61704420	54	1.67e-80
ptg000005l	89.712	243	163268	61704420	54	1.67e-80
ptg000005l	98.305	177	163268	61704420	54	1.67e-80
ptg000005l	89.558	249	163268	61704420	54	1.67e-80
ptg000005l	97.283	184	163268	61704420	54	1.67e-80
ptg000005l	97.283	184	163268	61704420	54	1.67e-80
ptg000005l	99.415	171	163268	61704420	54	1.67e-80
ptg000005l	99.415	171	163268	61704420	54	1.67e-80
ptg000005l	97.778	180	163268	61704420	54	5.99e-80
ptg000005l	98.844	173	163268	61704420	54	5.99e-80
ptg000005l	98.844	173	163268	61704420	54	5.99e-80
ptg000005l	82.632	380	163268	61704420	54	7.75e-79
ptg000005l	90.909	242	163268	61704420	54	7.75e-79
ptg000005l	97.207	179	163268	61704420	54	2.79e-78
ptg000005l	82.632	380	163268	61704420	54	2.79e-78
ptg000005l	96.257	187	163268	61704420	54	2.79e-78
ptg000005l	96.257	187	163268	61704420	54	2.79e-78
ptg000005l	92.925	212	163268	61704420	54	3.61e-77
ptg000005l	97.143	175	163268	61704420	54	4.66e-76
ptg000005l	100.000	160	163268	61704420	54	4.66e-76
ptg000005l	98.795	166	163268	61704420	54	1.68e-75
ptg000005l	98.795	166	163268	61704420	54	1.68e-75
ptg000005l	84.790	309	163268	61704420	54	6.03e-75
ptg000005l	91.364	220	163268	61704420	54	6.03e-75
ptg000005l	93.782	193	163268	61704420	54	7.81e-74
ptg000005l	96.067	178	163268	61704420	54	2.81e-73
ptg000005l	98.765	162	163268	61704420	54	2.81e-73
ptg000005l	94.595	185	163268	61704420	54	1.01e-72
ptg000005l	98.742	159	163268	61704420	54	3.63e-72
ptg000005l	97.546	163	163268	61704420	54	4.70e-71
ptg000005l	96.429	168	163268	61704420	54	1.69e-70
ptg000005l	98.113	159	163268	61704420	54	1.69e-70
ptg000005l	97.531	162	163268	61704420	54	6.08e-70
ptg000005l	88.793	232	163268	61704420	54	6.08e-70
ptg000005l	92.708	192	163268	61704420	54	6.08e-70
ptg000005l	92.708	192	163268	61704420	54	6.08e-70
ptg000005l	96.933	163	163268	61704420	54	2.19e-69
ptg000005l	93.548	186	163268	61704420	54	2.19e-69
ptg000005l	93.548	186	163268	61704420	54	2.19e-69
ptg000005l	83.706	313	163268	61704420	54	2.19e-69
ptg000005l	91.500	200	163268	61704420	54	2.19e-69
ptg000005l	91.500	200	163268	61704420	54	2.19e-69
ptg000005l	97.500	160	163268	61704420	54	2.19e-69
ptg000005l	96.933	163	163268	61704420	54	2.19e-69
ptg000005l	91.837	196	163268	61704420	54	7.86e-69
ptg000005l	99.333	150	163268	61704420	54	7.86e-69
ptg000005l	99.333	150	163268	61704420	54	7.86e-69
ptg000005l	93.923	181	163268	61704420	54	7.86e-69
ptg000005l	93.923	181	163268	61704420	54	7.86e-69
ptg000005l	95.833	168	163268	61704420	54	7.86e-69
ptg000005l	91.795	195	163268	61704420	54	2.83e-68
ptg000005l	89.252	214	163268	61704420	54	1.02e-67
ptg000005l	89.252	214	163268	61704420	54	1.02e-67
ptg000005l	95.294	170	163268	61704420	54	1.02e-67
ptg000005l	98.684	152	163268	61704420	54	1.02e-67
ptg000005l	98.684	152	163268	61704420	54	1.02e-67
ptg000005l	95.266	169	163268	61704420	54	3.66e-67
ptg000005l	96.319	163	163268	61704420	54	3.66e-67
ptg000005l	96.319	163	163268	61704420	54	3.66e-67
ptg000005l	94.220	173	163268	61704420	54	1.32e-66
ptg000005l	91.282	195	163268	61704420	54	1.32e-66
ptg000005l	88.789	223	163268	61704420	54	1.32e-66
ptg000005l	96.296	162	163268	61704420	54	1.32e-66
ptg000005l	97.368	152	163268	61704420	54	6.12e-65
ptg000005l	97.368	152	163268	61704420	54	6.12e-65
ptg000005l	98.000	150	163268	61704420	54	6.12e-65
ptg000005l	98.000	150	163268	61704420	54	6.12e-65
ptg000005l	94.643	168	163268	61704420	54	6.12e-65
ptg000005l	92.350	183	163268	61704420	54	2.20e-64
ptg000005l	87.946	224	163268	61704420	54	2.20e-64
ptg000005l	87.946	224	163268	61704420	54	2.20e-64
ptg000005l	97.959	147	163268	61704420	54	7.92e-64
ptg000005l	97.959	147	163268	61704420	54	7.92e-64
ptg000005l	97.959	147	163268	61704420	54	2.85e-63
ptg000005l	92.655	177	163268	61704420	54	1.02e-62
ptg000005l	94.578	166	163268	61704420	54	1.02e-62
ptg000005l	94.479	163	163268	61704420	54	3.68e-62
ptg000005l	98.561	139	163268	61704420	54	4.76e-61
ptg000005l	87.907	215	163268	61704420	54	4.76e-61
ptg000005l	97.857	140	163268	61704420	54	6.16e-60
ptg000005l	100.000	131	163268	61704420	54	6.16e-60
ptg000005l	100.000	131	163268	61704420	54	6.16e-60
ptg000005l	89.950	199	163268	61704420	54	6.16e-60
ptg000005l	89.950	199	163268	61704420	54	6.16e-60
ptg000005l	97.203	143	163268	61704420	54	2.22e-59
ptg000005l	98.529	136	163268	61704420	54	2.22e-59
ptg000005l	98.529	136	163268	61704420	54	2.22e-59
ptg000005l	89.268	205	163268	61704420	54	2.22e-59
ptg000005l	93.827	162	163268	61704420	54	2.22e-59
ptg000005l	88.119	202	163268	61704420	54	1.03e-57
ptg000005l	96.503	143	163268	61704420	54	1.03e-57
ptg000005l	92.771	166	163268	61704420	54	1.03e-57
ptg000005l	94.805	154	163268	61704420	54	1.03e-57
ptg000005l	96.454	141	163268	61704420	54	3.71e-57
ptg000005l	89.231	195	163268	61704420	54	3.71e-57
ptg000005l	89.231	195	163268	61704420	54	3.71e-57
ptg000005l	93.038	158	163268	61704420	54	1.33e-56
ptg000005l	85.532	235	163268	61704420	54	1.33e-56
ptg000005l	95.833	144	163268	61704420	54	1.33e-56
ptg000005l	97.080	137	163268	61704420	54	1.33e-56
ptg000005l	97.761	134	163268	61704420	54	1.33e-56
ptg000005l	95.775	142	163268	61704420	54	4.80e-56
ptg000005l	89.617	183	163268	61704420	54	4.80e-56
ptg000005l	97.059	136	163268	61704420	54	4.80e-56
ptg000005l	97.059	136	163268	61704420	54	4.80e-56
ptg000005l	98.462	130	163268	61704420	54	4.80e-56
ptg000005l	98.462	130	163268	61704420	54	4.80e-56
ptg000005l	100.000	124	163268	61704420	54	4.80e-56
ptg000005l	87.143	210	163268	61704420	54	4.80e-56
ptg000005l	90.286	175	163268	61704420	54	1.73e-55
ptg000005l	90.286	175	163268	61704420	54	1.73e-55
ptg000005l	88.177	203	163268	61704420	54	1.73e-55
ptg000005l	98.450	129	163268	61704420	54	1.73e-55
ptg000005l	96.350	137	163268	61704420	54	6.21e-55
ptg000005l	90.341	176	163268	61704420	54	2.23e-54
ptg000005l	91.515	165	163268	61704420	54	2.23e-54
ptg000005l	99.200	125	163268	61704420	54	2.23e-54
ptg000005l	97.692	130	163268	61704420	54	2.23e-54
ptg000005l	97.692	130	163268	61704420	54	2.23e-54
ptg000005l	93.960	149	163268	61704420	54	2.23e-54
ptg000005l	97.674	129	163268	61704420	54	8.03e-54
ptg000005l	90.116	172	163268	61704420	54	2.89e-53
ptg000005l	96.269	134	163268	61704420	54	2.89e-53
ptg000005l	84.889	225	163268	61704420	54	1.04e-52
ptg000005l	84.889	225	163268	61704420	54	1.04e-52
ptg000005l	96.212	132	163268	61704420	54	3.74e-52
ptg000005l	96.212	132	163268	61704420	54	3.74e-52
ptg000005l	86.869	198	163268	61704420	54	3.74e-52
ptg000005l	96.923	130	163268	61704420	54	3.74e-52
ptg000005l	94.326	141	163268	61704420	54	1.34e-51
ptg000005l	94.326	141	163268	61704420	54	1.34e-51
ptg000005l	95.556	135	163268	61704420	54	1.34e-51
ptg000005l	95.556	135	163268	61704420	54	1.34e-51
ptg000005l	82.917	240	163268	61704420	54	1.34e-51
ptg000005l	92.105	152	163268	61704420	54	1.34e-51
ptg000005l	84.255	235	163268	61704420	54	4.83e-51
ptg000005l	96.825	126	163268	61704420	54	1.74e-50
ptg000005l	96.124	129	163268	61704420	54	1.74e-50
ptg000005l	96.825	126	163268	61704420	54	1.74e-50
ptg000005l	96.825	126	163268	61704420	54	6.25e-50
ptg000005l	92.105	152	163268	61704420	54	2.25e-49
ptg000005l	98.291	117	163268	61704420	54	8.09e-49
ptg000005l	82.305	243	163268	61704420	54	2.91e-48
ptg000005l	100.000	110	163268	61704420	54	2.91e-48
ptg000005l	100.000	110	163268	61704420	54	2.91e-48
ptg000005l	82.231	242	163268	61704420	54	1.05e-47
ptg000005l	98.246	114	163268	61704420	54	3.76e-47
ptg000005l	97.414	116	163268	61704420	54	1.35e-46
ptg000005l	99.091	110	163268	61704420	54	1.35e-46
ptg000005l	99.091	110	163268	61704420	54	1.35e-46
ptg000005l	97.414	116	163268	61704420	54	1.35e-46
ptg000005l	97.414	116	163268	61704420	54	1.35e-46
ptg000005l	87.222	180	163268	61704420	54	1.35e-46
ptg000005l	87.791	172	163268	61704420	54	4.87e-46
ptg000005l	95.902	122	163268	61704420	54	4.87e-46
ptg000005l	95.902	122	163268	61704420	54	4.87e-46
ptg000005l	90.062	161	163268	61704420	54	1.75e-45
ptg000005l	93.333	135	163268	61704420	54	6.30e-45
ptg000005l	92.086	139	163268	61704420	54	6.30e-45
ptg000005l	96.552	116	163268	61704420	54	2.26e-44
ptg000005l	98.148	108	163268	61704420	54	8.14e-44
ptg000005l	96.522	115	163268	61704420	54	8.14e-44
ptg000005l	98.131	107	163268	61704420	54	2.93e-43
ptg000005l	94.958	119	163268	61704420	54	2.93e-43
ptg000005l	99.038	104	163268	61704420	54	2.93e-43
ptg000005l	92.593	135	163268	61704420	54	2.93e-43
ptg000005l	99.038	104	163268	61704420	54	2.93e-43
ptg000005l	99.038	104	163268	61704420	54	2.93e-43
ptg000005l	99.038	104	163268	61704420	54	2.93e-43
ptg000005l	99.038	104	163268	61704420	54	2.93e-43
ptg000005l	99.038	104	163268	61704420	54	2.93e-43
ptg000005l	99.038	104	163268	61704420	54	2.93e-43
ptg000005l	97.273	110	163268	61704420	54	1.05e-42
ptg000005l	95.690	116	163268	61704420	54	1.05e-42
ptg000005l	98.113	106	163268	61704420	54	1.05e-42
ptg000005l	98.113	106	163268	61704420	54	1.05e-42
ptg000005l	99.020	102	163268	61704420	54	3.79e-42
ptg000005l	95.652	115	163268	61704420	54	3.79e-42
ptg000005l	99.020	102	163268	61704420	54	3.79e-42
ptg000005l	99.020	102	163268	61704420	54	3.79e-42
ptg000005l	97.222	108	163268	61704420	54	1.36e-41
ptg000005l	97.196	107	163268	61704420	54	1.36e-41
ptg000005l	92.800	125	163268	61704420	54	1.36e-41
ptg000005l	98.077	104	163268	61704420	54	1.36e-41
ptg000005l	98.077	104	163268	61704420	54	1.36e-41
ptg000005l	93.443	122	163268	61704420	54	4.90e-41
ptg000005l	93.443	122	163268	61704420	54	4.90e-41
ptg000005l	94.828	116	163268	61704420	54	4.90e-41
ptg000005l	91.603	131	163268	61704420	54	4.90e-41
ptg000005l	88.591	149	163268	61704420	54	4.90e-41
ptg000005l	100.000	96	163268	61704420	54	1.76e-40
ptg000005l	98.058	103	163268	61704420	54	1.76e-40
ptg000005l	95.495	111	163268	61704420	54	1.76e-40
ptg000005l	98.039	102	163268	61704420	54	1.76e-40
ptg000005l	100.000	96	163268	61704420	54	1.76e-40
ptg000005l	97.115	104	163268	61704420	54	6.34e-40
ptg000005l	97.115	104	163268	61704420	54	6.34e-40
ptg000005l	88.591	149	163268	61704420	54	2.28e-39
ptg000005l	92.000	125	163268	61704420	54	2.28e-39
ptg000005l	96.226	106	163268	61704420	54	2.28e-39
ptg000005l	96.226	106	163268	61704420	54	2.28e-39
ptg000005l	98.000	100	163268	61704420	54	2.28e-39
ptg000005l	98.000	100	163268	61704420	54	2.28e-39
ptg000005l	95.370	108	163268	61704420	54	8.20e-39
ptg000005l	83.333	204	163268	61704420	54	8.20e-39
ptg000005l	86.624	157	163268	61704420	54	2.95e-38
ptg000005l	93.750	112	163268	61704420	54	1.06e-37
ptg000005l	84.239	184	163268	61704420	54	1.06e-37
ptg000005l	96.970	99	163268	61704420	54	3.82e-37
ptg000005l	100.000	90	163268	61704420	54	3.82e-37
ptg000005l	96.939	98	163268	61704420	54	1.37e-36
ptg000005l	97.895	95	163268	61704420	54	1.37e-36
ptg000005l	96.000	100	163268	61704420	54	4.94e-36
ptg000005l	87.500	144	163268	61704420	54	4.94e-36
ptg000005l	97.872	94	163268	61704420	54	4.94e-36
ptg000005l	97.872	94	163268	61704420	54	4.94e-36
ptg000005l	91.525	118	163268	61704420	54	4.94e-36
ptg000005l	97.849	93	163268	61704420	54	6.39e-35
ptg000005l	81.643	207	163268	61704420	54	6.39e-35
ptg000005l	100.000	85	163268	61704420	54	2.30e-34
ptg000005l	85.000	160	163268	61704420	54	2.30e-34
ptg000005l	89.147	129	163268	61704420	54	2.30e-34
ptg000005l	89.147	129	163268	61704420	54	2.30e-34
ptg000005l	97.802	91	163268	61704420	54	2.30e-34
ptg000005l	96.809	94	163268	61704420	54	2.30e-34
ptg000005l	96.809	94	163268	61704420	54	2.30e-34
ptg000005l	93.396	106	163268	61704420	54	2.30e-34
ptg000005l	97.778	90	163268	61704420	54	8.26e-34
ptg000005l	97.778	90	163268	61704420	54	8.26e-34
ptg000005l	100.000	84	163268	61704420	54	8.26e-34
ptg000005l	100.000	84	163268	61704420	54	8.26e-34
ptg000005l	94.949	99	163268	61704420	54	2.97e-33
ptg000005l	91.818	110	163268	61704420	54	2.97e-33
ptg000005l	91.818	110	163268	61704420	54	2.97e-33
ptg000005l	98.837	86	163268	61704420	54	2.97e-33
ptg000005l	98.837	86	163268	61704420	54	2.97e-33
ptg000005l	95.789	95	163268	61704420	54	2.97e-33
ptg000005l	91.743	109	163268	61704420	54	1.07e-32
ptg000005l	97.727	88	163268	61704420	54	1.07e-32
ptg000005l	86.184	152	163268	61704420	54	3.84e-32
ptg000005l	82.022	178	163268	61704420	54	1.38e-31
ptg000005l	97.674	86	163268	61704420	54	1.38e-31
ptg000005l	97.674	86	163268	61704420	54	1.38e-31
ptg000005l	96.591	88	163268	61704420	54	4.97e-31
ptg000005l	95.652	92	163268	61704420	54	4.97e-31
ptg000005l	96.591	88	163268	61704420	54	1.79e-30
ptg000005l	96.591	88	163268	61704420	54	1.79e-30
ptg000005l	82.065	184	163268	61704420	54	1.79e-30
ptg000005l	95.556	90	163268	61704420	54	6.43e-30
ptg000005l	81.967	183	163268	61704420	54	6.43e-30
ptg000005l	86.957	138	163268	61704420	54	2.31e-29
ptg000005l	94.565	92	163268	61704420	54	2.31e-29
ptg000005l	89.908	109	163268	61704420	54	8.32e-29
ptg000005l	97.531	81	163268	61704420	54	8.32e-29
ptg000005l	97.531	81	163268	61704420	54	8.32e-29
ptg000005l	95.402	87	163268	61704420	54	8.32e-29
ptg000005l	94.382	89	163268	61704420	54	2.99e-28
ptg000005l	98.701	77	163268	61704420	54	2.99e-28
ptg000005l	94.382	89	163268	61704420	54	2.99e-28
ptg000005l	94.382	89	163268	61704420	54	2.99e-28
ptg000005l	98.701	77	163268	61704420	54	2.99e-28
ptg000005l	98.701	77	163268	61704420	54	2.99e-28
ptg000005l	98.701	77	163268	61704420	54	2.99e-28
ptg000005l	98.701	77	163268	61704420	54	2.99e-28
ptg000005l	94.444	90	163268	61704420	54	2.99e-28
ptg000005l	92.553	94	163268	61704420	54	1.08e-27
ptg000005l	95.294	85	163268	61704420	54	1.08e-27
ptg000005l	95.294	85	163268	61704420	54	1.08e-27
ptg000005l	96.341	82	163268	61704420	54	1.08e-27
ptg000005l	96.341	82	163268	61704420	54	1.08e-27
ptg000005l	100.000	73	163268	61704420	54	1.08e-27
ptg000005l	90.566	106	163268	61704420	54	1.08e-27
ptg000005l	100.000	73	163268	61704420	54	1.08e-27
ptg000005l	100.000	72	163268	61704420	54	3.87e-27
ptg000005l	98.667	75	163268	61704420	54	3.87e-27
ptg000005l	98.667	75	163268	61704420	54	3.87e-27
ptg000005l	97.436	78	163268	61704420	54	3.87e-27
ptg000005l	100.000	71	163268	61704420	54	1.39e-26
ptg000005l	98.649	74	163268	61704420	54	1.39e-26
ptg000005l	100.000	71	163268	61704420	54	1.39e-26
ptg000005l	80.541	185	163268	61704420	54	5.01e-26
ptg000005l	90.909	99	163268	61704420	54	5.01e-26
ptg000005l	97.368	76	163268	61704420	54	5.01e-26
ptg000005l	97.368	76	163268	61704420	54	1.80e-25
ptg000005l	97.368	76	163268	61704420	54	1.80e-25
ptg000005l	98.611	72	163268	61704420	54	1.80e-25
ptg000005l	93.182	88	163268	61704420	54	1.80e-25
ptg000005l	97.333	75	163268	61704420	54	1.80e-25
ptg000005l	97.333	75	163268	61704420	54	1.80e-25
ptg000005l	95.062	81	163268	61704420	54	1.80e-25
ptg000005l	95.062	81	163268	61704420	54	1.80e-25
ptg000005l	92.222	90	163268	61704420	54	6.48e-25
ptg000005l	98.571	70	163268	61704420	54	2.33e-24
ptg000005l	91.209	91	163268	61704420	54	2.33e-24
ptg000005l	91.209	91	163268	61704420	54	2.33e-24
ptg000005l	97.260	73	163268	61704420	54	2.33e-24
ptg000005l	80.000	185	163268	61704420	54	2.33e-24
ptg000005l	80.000	185	163268	61704420	54	2.33e-24
ptg000005l	88.991	109	163268	61704420	54	2.33e-24
ptg000005l	93.902	82	163268	61704420	54	2.33e-24
ptg000005l	93.976	83	163268	61704420	54	2.33e-24
ptg000005l	100.000	66	163268	61704420	54	8.38e-24
ptg000005l	96.000	75	163268	61704420	54	8.38e-24
ptg000005l	79.891	184	163268	61704420	54	8.38e-24
ptg000005l	89.796	98	163268	61704420	54	8.38e-24
ptg000005l	92.941	85	163268	61704420	54	8.38e-24
ptg000005l	98.529	68	163268	61704420	54	3.01e-23
ptg000005l	98.529	68	163268	61704420	54	3.01e-23
ptg000005l	95.890	73	163268	61704420	54	1.08e-22
ptg000005l	93.750	80	163268	61704420	54	1.08e-22
ptg000005l	95.890	73	163268	61704420	54	3.90e-22
ptg000005l	95.890	73	163268	61704420	54	3.90e-22
ptg000005l	95.890	73	163268	61704420	54	3.90e-22
ptg000005l	95.890	73	163268	61704420	54	3.90e-22
ptg000005l	97.143	70	163268	61704420	54	3.90e-22
ptg000005l	79.348	184	163268	61704420	54	3.90e-22
ptg000005l	79.348	184	163268	61704420	54	3.90e-22
ptg000005l	82.946	129	163268	61704420	54	3.90e-22
ptg000005l	95.775	71	163268	61704420	54	1.40e-21
ptg000005l	97.059	68	163268	61704420	54	1.40e-21
ptg000005l	97.059	68	163268	61704420	54	1.40e-21
ptg000005l	98.462	65	163268	61704420	54	1.40e-21
ptg000005l	97.059	68	163268	61704420	54	5.04e-21
ptg000005l	97.059	68	163268	61704420	54	5.04e-21
ptg000005l	93.590	78	163268	61704420	54	5.04e-21
ptg000005l	93.590	78	163268	61704420	54	5.04e-21
ptg000005l	100.000	60	163268	61704420	54	1.81e-20
ptg000005l	92.405	79	163268	61704420	54	1.81e-20
ptg000005l	100.000	60	163268	61704420	54	1.81e-20
ptg000005l	100.000	60	163268	61704420	54	1.81e-20
ptg000005l	100.000	59	163268	61704420	54	6.52e-20
ptg000005l	85.586	111	163268	61704420	54	6.52e-20
ptg000005l	85.586	111	163268	61704420	54	6.52e-20
ptg000005l	98.413	63	163268	61704420	54	6.52e-20
ptg000005l	98.387	62	163268	61704420	54	6.52e-20
ptg000005l	98.361	61	163268	61704420	54	2.35e-19
ptg000005l	100.000	58	163268	61704420	54	2.35e-19
ptg000005l	98.361	61	163268	61704420	54	2.35e-19
ptg000005l	96.875	64	163268	61704420	54	8.44e-19
ptg000005l	100.000	57	163268	61704420	54	8.44e-19
ptg000005l	100.000	57	163268	61704420	54	8.44e-19
ptg000005l	94.118	68	163268	61704420	54	1.09e-17
ptg000005l	98.276	58	163268	61704420	54	1.09e-17
ptg000005l	98.276	58	163268	61704420	54	1.09e-17
ptg000005l	100.000	55	163268	61704420	54	1.09e-17
ptg000005l	98.305	59	163268	61704420	54	1.09e-17
ptg000005l	100.000	54	163268	61704420	54	3.93e-17
ptg000005l	93.939	66	163268	61704420	54	3.93e-17
ptg000005l	98.246	57	163268	61704420	54	3.93e-17
ptg000005l	98.246	57	163268	61704420	54	3.93e-17
ptg000005l	100.000	54	163268	61704420	54	3.93e-17
ptg000005l	95.161	62	163268	61704420	54	1.41e-16
ptg000005l	93.846	65	163268	61704420	54	1.41e-16
ptg000005l	100.000	53	163268	61704420	54	1.41e-16
ptg000005l	98.182	55	163268	61704420	54	5.08e-16
ptg000005l	100.000	52	163268	61704420	54	5.08e-16
ptg000005l	98.182	55	163268	61704420	54	5.08e-16
ptg000005l	100.000	52	163268	61704420	54	5.08e-16
ptg000005l	100.000	52	163268	61704420	54	5.08e-16
ptg000005l	100.000	51	163268	61704420	54	1.83e-15
ptg000005l	98.148	54	163268	61704420	54	1.83e-15
ptg000005l	89.610	77	163268	61704420	54	1.83e-15
ptg000005l	98.113	53	163268	61704420	54	6.57e-15
ptg000005l	86.747	83	163268	61704420	54	6.57e-15
ptg000005l	86.747	83	163268	61704420	54	6.57e-15
ptg000005l	86.747	83	163268	61704420	54	6.57e-15
ptg000005l	86.747	83	163268	61704420	54	6.57e-15
ptg000005l	100.000	50	163268	61704420	54	6.57e-15
ptg000005l	98.113	53	163268	61704420	54	6.57e-15
ptg000005l	100.000	49	163268	61704420	54	2.36e-14
ptg000005l	93.443	61	163268	61704420	54	2.36e-14
ptg000005l	96.364	55	163268	61704420	54	2.36e-14
ptg000005l	96.364	55	163268	61704420	54	2.36e-14
ptg000005l	98.077	52	163268	61704420	54	2.36e-14
ptg000005l	98.077	52	163268	61704420	54	2.36e-14
ptg000005l	91.045	67	163268	61704420	54	8.50e-14
ptg000005l	91.045	67	163268	61704420	54	8.50e-14
ptg000005l	90.909	66	163268	61704420	54	8.50e-14
ptg000005l	98.039	51	163268	61704420	54	8.50e-14
ptg000005l	98.039	51	163268	61704420	54	8.50e-14
ptg000005l	98.077	52	163268	61704420	54	8.50e-14
ptg000005l	98.077	52	163268	61704420	54	8.50e-14
ptg000005l	94.643	56	163268	61704420	54	3.06e-13
ptg000005l	94.643	56	163268	61704420	54	3.06e-13
ptg000005l	88.889	72	163268	61704420	54	3.06e-13
ptg000005l	88.889	72	163268	61704420	54	3.06e-13
ptg000005l	97.959	49	163268	61704420	54	1.10e-12
ptg000005l	100.000	46	163268	61704420	54	1.10e-12
ptg000005l	97.959	49	163268	61704420	54	1.10e-12
ptg000005l	98.000	50	163268	61704420	54	1.10e-12
ptg000005l	96.154	52	163268	61704420	54	1.10e-12
ptg000005l	96.154	52	163268	61704420	54	1.10e-12
ptg000005l	97.959	49	163268	61704420	54	1.10e-12
ptg000005l	100.000	46	163268	61704420	54	1.10e-12
ptg000005l	96.154	52	163268	61704420	54	3.95e-12
ptg000005l	94.444	54	163268	61704420	54	3.95e-12
ptg000005l	94.444	54	163268	61704420	54	3.95e-12
ptg000005l	96.000	50	163268	61704420	54	1.42e-11
ptg000005l	100.000	44	163268	61704420	54	1.42e-11
ptg000005l	95.918	49	163268	61704420	54	5.11e-11
ptg000005l	95.918	49	163268	61704420	54	5.11e-11
ptg000005l	85.000	80	163268	61704420	54	5.11e-11
ptg000005l	85.000	80	163268	61704420	54	5.11e-11
ptg000005l	100.000	43	163268	61704420	54	5.11e-11
ptg000005l	97.826	46	163268	61704420	54	1.84e-10
ptg000005l	97.826	46	163268	61704420	54	1.84e-10
ptg000005l	100.000	42	163268	61704420	54	1.84e-10
ptg000005l	92.593	54	163268	61704420	54	1.84e-10
ptg000005l	95.918	49	163268	61704420	54	1.84e-10
ptg000005l	95.833	48	163268	61704420	54	1.84e-10
ptg000005l	95.833	48	163268	61704420	54	1.84e-10
ptg000005l	100.000	42	163268	61704420	54	1.84e-10
ptg000005l	100.000	42	163268	61704420	54	1.84e-10
ptg000005l	100.000	42	163268	61704420	54	1.84e-10
ptg000005l	94.000	50	163268	61704420	54	6.61e-10
ptg000005l	94.000	50	163268	61704420	54	6.61e-10
ptg000005l	100.000	41	163268	61704420	54	6.61e-10
ptg000005l	97.727	44	163268	61704420	54	2.38e-09
ptg000005l	94.000	50	163268	61704420	54	2.38e-09
ptg000005l	93.878	49	163268	61704420	54	2.38e-09
ptg000005l	100.000	40	163268	61704420	54	2.38e-09
ptg000005l	100.000	40	163268	61704420	54	2.38e-09
ptg000005l	95.745	47	163268	61704420	54	2.38e-09
ptg000005l	95.745	47	163268	61704420	54	2.38e-09
ptg000005l	100.000	40	163268	61704420	54	2.38e-09
ptg000005l	100.000	39	163268	61704420	54	8.56e-09
ptg000005l	100.000	39	163268	61704420	54	8.56e-09
ptg000005l	90.741	54	163268	61704420	54	8.56e-09
ptg000005l	95.652	46	163268	61704420	54	8.56e-09
ptg000005l	100.000	39	163268	61704420	54	8.56e-09
ptg000005l	95.556	45	163268	61704420	54	8.56e-09
ptg000005l	100.000	39	163268	61704420	54	8.56e-09
ptg000005l	100.000	39	163268	61704420	54	8.56e-09
ptg000005l	97.619	42	163268	61704420	54	8.56e-09
ptg000005l	97.561	41	163268	61704420	54	3.08e-08
ptg000005l	100.000	38	163268	61704420	54	3.08e-08
ptg000005l	93.478	46	163268	61704420	54	1.11e-07
ptg000005l	100.000	37	163268	61704420	54	1.11e-07
ptg000005l	100.000	36	163268	61704420	54	3.98e-07
ptg000005l	100.000	36	163268	61704420	54	3.98e-07
ptg000005l	93.333	45	163268	61704420	54	3.98e-07
ptg000005l	97.436	39	163268	61704420	54	3.98e-07
ptg000005l	97.436	39	163268	61704420	54	3.98e-07
ptg000005l	95.122	41	163268	61704420	54	1.43e-06
ptg000005l	95.122	41	163268	61704420	54	1.43e-06
ptg000005l	97.368	38	163268	61704420	54	1.43e-06
ptg000005l	100.000	35	163268	61704420	54	1.43e-06
ptg000005l	100.000	34	163268	61704420	54	5.15e-06
ptg000005l	97.297	37	163268	61704420	54	5.15e-06
ptg000005l	97.297	37	163268	61704420	54	5.15e-06
ptg000005l	97.297	37	163268	61704420	54	5.15e-06
ptg000005l	97.297	37	163268	61704420	54	5.15e-06
ptg000005l	97.297	37	163268	61704420	54	5.15e-06
ptg000005l	95.000	40	163268	61704420	54	1.85e-05
ptg000005l	100.000	33	163268	61704420	54	1.85e-05
ptg000005l	100.000	33	163268	61704420	54	1.85e-05
ptg000005l	94.872	39	163268	61704420	54	1.85e-05
ptg000005l	100.000	33	163268	61704420	54	1.85e-05
ptg000005l	100.000	33	163268	61704420	54	1.85e-05
ptg000005l	92.857	42	163268	61704420	54	1.85e-05
ptg000005l	92.857	42	163268	61704420	54	1.85e-05
ptg000005l	100.000	32	163268	61704420	54	6.66e-05
ptg000005l	100.000	32	163268	61704420	54	6.66e-05
ptg000005l	100.000	32	163268	61704420	54	6.66e-05
ptg000005l	100.000	32	163268	61704420	54	6.66e-05
ptg000005l	91.111	45	163268	61704420	54	6.66e-05
ptg000005l	91.111	45	163268	61704420	54	6.66e-05
ptg000005l	79.121	91	163268	61704420	54	2.40e-04
ptg000005l	100.000	31	163268	61704420	54	2.40e-04
ptg000005l	97.143	35	163268	61704420	54	2.40e-04
ptg000005l	100.000	31	163268	61704420	54	2.40e-04
ptg000005l	100.000	31	163268	61704420	54	2.40e-04
ptg000005l	97.059	34	163268	61704420	54	2.40e-04
ptg000005l	97.059	34	163268	61704420	54	2.40e-04
ptg000005l	100.000	30	163268	61704420	54	8.62e-04
ptg000005l	100.000	30	163268	61704420	54	8.62e-04
ptg000005l	100.000	30	163268	61704420	54	8.62e-04
ptg000005l	96.970	33	163268	61704420	54	8.62e-04
ptg000005l	100.000	30	163268	61704420	54	8.62e-04
ptg000005l	100.000	30	163268	61704420	54	8.62e-04
ptg000005l	100.000	29	163268	61704420	54	0.003
ptg000005l	96.875	32	163268	61704420	54	0.003
ptg000005l	96.875	32	163268	61704420	54	0.003
ptg000005l	96.875	32	163268	61704420	54	0.003
ptg000005l	96.875	32	163268	61704420	54	0.003
ptg000005l	96.875	32	163268	61704420	54	0.003
ptg000005l	96.875	32	163268	61704420	54	0.003
ptg000005l	96.875	32	163268	61704420	54	0.003
ptg000005l	96.875	32	163268	61704420	54	0.003
ptg000005l	96.875	32	163268	61704420	54	0.003
ptg000005l	96.875	32	163268	61704420	54	0.003
ptg000005l	94.286	35	163268	61704420	54	0.003
ptg000005l	96.875	32	163268	61704420	54	0.011
ptg000007l	98.446	5856	163268	42285308	36	0.0
ptg000007l	98.242	5860	163268	42285308	36	0.0
ptg000007l	97.103	4142	163268	42285308	36	0.0
ptg000007l	94.794	4476	163268	42285308	36	0.0
ptg000007l	98.020	1919	163268	42285308	36	0.0
ptg000007l	97.918	1921	163268	42285308	36	0.0
ptg000007l	94.686	2089	163268	42285308	36	0.0
ptg000007l	94.498	2090	163268	42285308	36	0.0
ptg000007l	96.457	1383	163268	42285308	36	0.0
ptg000007l	95.079	1077	163268	42285308	36	0.0
ptg000007l	94.888	1076	163268	42285308	36	0.0
ptg000007l	93.165	790	163268	42285308	36	0.0
ptg000007l	81.337	1586	163268	42285308	36	0.0
ptg000007l	95.969	645	163268	42285308	36	0.0
ptg000007l	95.084	651	163268	42285308	36	0.0
ptg000007l	85.561	1025	163268	42285308	36	0.0
ptg000007l	93.726	526	163268	42285308	36	0.0
ptg000007l	81.562	1063	163268	42285308	36	0.0
ptg000007l	93.241	503	163268	42285308	36	0.0
ptg000007l	93.042	503	163268	42285308	36	0.0
ptg000007l	94.595	444	163268	42285308	36	0.0
ptg000007l	94.595	444	163268	42285308	36	0.0
ptg000007l	90.588	510	163268	42285308	36	0.0
ptg000007l	90.411	511	163268	42285308	36	0.0
ptg000007l	91.152	486	163268	42285308	36	0.0
ptg000007l	89.199	537	163268	42285308	36	0.0
ptg000007l	88.827	537	163268	42285308	36	1.13e-176
ptg000007l	94.766	363	163268	42285308	36	4.17e-156
ptg000007l	94.940	336	163268	42285308	36	1.97e-144
ptg000007l	87.302	441	163268	42285308	36	1.99e-134
ptg000007l	92.285	337	163268	42285308	36	1.55e-130
ptg000007l	92.285	337	163268	42285308	36	1.55e-130
ptg000007l	90.984	366	163268	42285308	36	5.58e-130
ptg000007l	90.137	365	163268	42285308	36	2.60e-128
ptg000007l	90.437	366	163268	42285308	36	4.35e-126
ptg000007l	89.863	365	163268	42285308	36	4.35e-126
ptg000007l	95.172	290	163268	42285308	36	2.02e-124
ptg000007l	97.744	266	163268	42285308	36	2.02e-124
ptg000007l	88.859	368	163268	42285308	36	9.41e-123
ptg000007l	93.248	311	163268	42285308	36	1.57e-120
ptg000007l	99.160	238	163268	42285308	36	1.59e-115
ptg000007l	99.156	237	163268	42285308	36	1.59e-115
ptg000007l	93.380	287	163268	42285308	36	2.05e-114
ptg000007l	99.563	229	163268	42285308	36	9.54e-113
ptg000007l	99.563	229	163268	42285308	36	9.54e-113
ptg000007l	99.559	227	163268	42285308	36	1.23e-111
ptg000007l	90.354	311	163268	42285308	36	2.07e-109
ptg000007l	96.680	241	163268	42285308	36	9.61e-108
ptg000007l	95.312	256	163268	42285308	36	4.47e-106
ptg000007l	87.258	361	163268	42285308	36	7.48e-104
ptg000007l	91.379	290	163268	42285308	36	7.48e-104
ptg000007l	96.476	227	163268	42285308	36	5.82e-100
ptg000007l	80.806	521	163268	42285308	36	2.71e-98
ptg000007l	82.651	415	163268	42285308	36	3.51e-97
ptg000007l	82.651	415	163268	42285308	36	3.51e-97
ptg000007l	95.595	227	163268	42285308	36	1.26e-96
ptg000007l	95.197	229	163268	42285308	36	4.53e-96
ptg000007l	96.296	216	163268	42285308	36	7.59e-94
ptg000007l	96.296	216	163268	42285308	36	7.59e-94
ptg000007l	99.476	191	163268	42285308	36	1.27e-91
ptg000007l	88.727	275	163268	42285308	36	9.88e-88
ptg000007l	94.118	221	163268	42285308	36	3.56e-87
ptg000007l	88.727	275	163268	42285308	36	3.56e-87
ptg000007l	94.836	213	163268	42285308	36	1.28e-86
ptg000007l	97.895	190	163268	42285308	36	4.60e-86
ptg000007l	91.701	241	163268	42285308	36	4.60e-86
ptg000007l	94.712	208	163268	42285308	36	7.70e-84
ptg000007l	91.489	235	163268	42285308	36	2.77e-83
ptg000007l	96.791	187	163268	42285308	36	4.63e-81
ptg000007l	84.783	322	163268	42285308	36	5.99e-80
ptg000007l	85.015	327	163268	42285308	36	5.99e-80
ptg000007l	99.412	170	163268	42285308	36	5.99e-80
ptg000007l	99.412	170	163268	42285308	36	5.99e-80
ptg000007l	98.276	174	163268	42285308	36	7.75e-79
ptg000007l	98.276	174	163268	42285308	36	7.75e-79
ptg000007l	95.312	192	163268	42285308	36	7.75e-79
ptg000007l	94.924	197	163268	42285308	36	7.75e-79
ptg000007l	93.909	197	163268	42285308	36	1.68e-75
ptg000007l	98.765	162	163268	42285308	36	7.81e-74
ptg000007l	98.765	162	163268	42285308	36	7.81e-74
ptg000007l	94.915	177	163268	42285308	36	6.08e-70
ptg000007l	96.407	167	163268	42285308	36	2.19e-69
ptg000007l	96.364	165	163268	42285308	36	2.83e-68
ptg000007l	83.882	304	163268	42285308	36	2.83e-68
ptg000007l	95.758	165	163268	42285308	36	3.66e-67
ptg000007l	95.758	165	163268	42285308	36	1.32e-66
ptg000007l	95.181	166	163268	42285308	36	4.73e-66
ptg000007l	95.181	166	163268	42285308	36	4.73e-66
ptg000007l	96.178	157	163268	42285308	36	2.20e-64
ptg000007l	85.171	263	163268	42285308	36	2.20e-64
ptg000007l	94.578	166	163268	42285308	36	7.92e-64
ptg000007l	95.541	157	163268	42285308	36	1.02e-62
ptg000007l	93.023	172	163268	42285308	36	1.02e-62
ptg000007l	88.372	215	163268	42285308	36	3.68e-62
ptg000007l	88.372	215	163268	42285308	36	3.68e-62
ptg000007l	95.513	156	163268	42285308	36	1.32e-61
ptg000007l	93.529	170	163268	42285308	36	1.32e-61
ptg000007l	95.513	156	163268	42285308	36	4.76e-61
ptg000007l	93.413	167	163268	42285308	36	4.76e-61
ptg000007l	93.413	167	163268	42285308	36	1.71e-60
ptg000007l	97.183	142	163268	42285308	36	2.22e-59
ptg000007l	85.417	240	163268	42285308	36	2.22e-59
ptg000007l	90.217	184	163268	42285308	36	2.87e-58
ptg000007l	90.217	184	163268	42285308	36	2.87e-58
ptg000007l	92.262	168	163268	42285308	36	1.03e-57
ptg000007l	86.730	211	163268	42285308	36	1.33e-56
ptg000007l	87.500	208	163268	42285308	36	1.33e-56
ptg000007l	86.730	211	163268	42285308	36	4.80e-56
ptg000007l	95.775	142	163268	42285308	36	4.80e-56
ptg000007l	100.000	124	163268	42285308	36	4.80e-56
ptg000007l	91.925	161	163268	42285308	36	6.21e-55
ptg000007l	100.000	120	163268	42285308	36	8.03e-54
ptg000007l	99.194	124	163268	42285308	36	8.03e-54
ptg000007l	91.304	161	163268	42285308	36	1.04e-52
ptg000007l	88.764	178	163268	42285308	36	3.74e-52
ptg000007l	92.105	152	163268	42285308	36	1.34e-51
ptg000007l	91.304	161	163268	42285308	36	4.83e-51
ptg000007l	94.286	140	163268	42285308	36	4.83e-51
ptg000007l	84.615	221	163268	42285308	36	4.83e-51
ptg000007l	87.845	181	163268	42285308	36	1.74e-50
ptg000007l	93.571	140	163268	42285308	36	8.09e-49
ptg000007l	90.506	158	163268	42285308	36	8.09e-49
ptg000007l	87.027	185	163268	42285308	36	2.91e-48
ptg000007l	87.222	180	163268	42285308	36	1.05e-47
ptg000007l	87.222	180	163268	42285308	36	1.05e-47
ptg000007l	89.937	159	163268	42285308	36	1.05e-47
ptg000007l	88.889	162	163268	42285308	36	3.76e-47
ptg000007l	88.889	162	163268	42285308	36	3.76e-47
ptg000007l	91.026	156	163268	42285308	36	3.76e-47
ptg000007l	86.813	182	163268	42285308	36	1.35e-46
ptg000007l	87.151	179	163268	42285308	36	1.35e-46
ptg000007l	95.200	125	163268	42285308	36	1.35e-46
ptg000007l	90.850	153	163268	42285308	36	4.87e-46
ptg000007l	91.216	148	163268	42285308	36	2.26e-44
ptg000007l	96.522	115	163268	42285308	36	2.26e-44
ptg000007l	89.865	148	163268	42285308	36	8.14e-44
ptg000007l	89.865	148	163268	42285308	36	8.14e-44
ptg000007l	97.297	111	163268	42285308	36	8.14e-44
ptg000007l	97.297	111	163268	42285308	36	8.14e-44
ptg000007l	85.484	186	163268	42285308	36	1.05e-42
ptg000007l	94.915	118	163268	42285308	36	1.05e-42
ptg000007l	94.915	118	163268	42285308	36	1.05e-42
ptg000007l	94.167	120	163268	42285308	36	3.79e-42
ptg000007l	84.409	186	163268	42285308	36	3.79e-42
ptg000007l	92.063	126	163268	42285308	36	6.34e-40
ptg000007l	95.455	110	163268	42285308	36	6.34e-40
ptg000007l	100.000	95	163268	42285308	36	6.34e-40
ptg000007l	98.969	97	163268	42285308	36	2.28e-39
ptg000007l	83.333	186	163268	42285308	36	8.20e-39
ptg000007l	90.909	132	163268	42285308	36	8.20e-39
ptg000007l	91.870	123	163268	42285308	36	1.06e-37
ptg000007l	100.000	91	163268	42285308	36	1.06e-37
ptg000007l	96.154	104	163268	42285308	36	3.82e-37
ptg000007l	100.000	89	163268	42285308	36	1.37e-36
ptg000007l	100.000	89	163268	42285308	36	1.37e-36
ptg000007l	84.524	168	163268	42285308	36	1.37e-36
ptg000007l	92.241	116	163268	42285308	36	1.37e-36
ptg000007l	94.393	107	163268	42285308	36	1.37e-36
ptg000007l	93.578	109	163268	42285308	36	4.94e-36
ptg000007l	98.901	91	163268	42285308	36	4.94e-36
ptg000007l	96.907	97	163268	42285308	36	1.78e-35
ptg000007l	92.241	116	163268	42285308	36	1.78e-35
ptg000007l	96.000	100	163268	42285308	36	1.78e-35
ptg000007l	97.826	92	163268	42285308	36	2.30e-34
ptg000007l	94.118	102	163268	42285308	36	8.26e-34
ptg000007l	91.228	114	163268	42285308	36	2.97e-33
ptg000007l	98.837	86	163268	42285308	36	2.97e-33
ptg000007l	98.837	86	163268	42285308	36	2.97e-33
ptg000007l	87.413	143	163268	42285308	36	2.97e-33
ptg000007l	87.413	143	163268	42285308	36	2.97e-33
ptg000007l	90.000	120	163268	42285308	36	2.97e-33
ptg000007l	97.727	88	163268	42285308	36	1.07e-32
ptg000007l	91.589	107	163268	42285308	36	4.97e-31
ptg000007l	86.331	139	163268	42285308	36	4.97e-31
ptg000007l	97.647	85	163268	42285308	36	1.79e-30
ptg000007l	97.647	85	163268	42285308	36	1.79e-30
ptg000007l	97.647	85	163268	42285308	36	1.79e-30
ptg000007l	97.647	85	163268	42285308	36	1.79e-30
ptg000007l	97.647	85	163268	42285308	36	1.79e-30
ptg000007l	97.647	85	163268	42285308	36	1.79e-30
ptg000007l	97.647	85	163268	42285308	36	1.79e-30
ptg000007l	97.647	85	163268	42285308	36	1.79e-30
ptg000007l	97.647	85	163268	42285308	36	1.79e-30
ptg000007l	97.647	85	163268	42285308	36	1.79e-30
ptg000007l	97.647	85	163268	42285308	36	1.79e-30
ptg000007l	97.647	85	163268	42285308	36	1.79e-30
ptg000007l	97.647	85	163268	42285308	36	1.79e-30
ptg000007l	97.647	85	163268	42285308	36	1.79e-30
ptg000007l	100.000	77	163268	42285308	36	6.43e-30
ptg000007l	96.471	85	163268	42285308	36	2.31e-29
ptg000007l	98.734	79	163268	42285308	36	2.31e-29
ptg000007l	93.548	93	163268	42285308	36	8.32e-29
ptg000007l	93.548	93	163268	42285308	36	8.32e-29
ptg000007l	96.386	83	163268	42285308	36	2.99e-28
ptg000007l	96.386	83	163268	42285308	36	2.99e-28
ptg000007l	79.263	217	163268	42285308	36	2.99e-28
ptg000007l	98.701	77	163268	42285308	36	2.99e-28
ptg000007l	91.176	102	163268	42285308	36	1.08e-27
ptg000007l	95.349	86	163268	42285308	36	1.08e-27
ptg000007l	95.349	86	163268	42285308	36	1.08e-27
ptg000007l	100.000	73	163268	42285308	36	1.08e-27
ptg000007l	100.000	73	163268	42285308	36	1.08e-27
ptg000007l	100.000	73	163268	42285308	36	1.08e-27
ptg000007l	92.473	93	163268	42285308	36	3.87e-27
ptg000007l	92.473	93	163268	42285308	36	3.87e-27
ptg000007l	98.667	75	163268	42285308	36	3.87e-27
ptg000007l	98.667	75	163268	42285308	36	3.87e-27
ptg000007l	81.875	160	163268	42285308	36	3.87e-27
ptg000007l	100.000	71	163268	42285308	36	1.39e-26
ptg000007l	100.000	71	163268	42285308	36	1.39e-26
ptg000007l	97.403	77	163268	42285308	36	1.39e-26
ptg000007l	100.000	71	163268	42285308	36	1.39e-26
ptg000007l	100.000	71	163268	42285308	36	1.39e-26
ptg000007l	100.000	70	163268	42285308	36	5.01e-26
ptg000007l	90.099	101	163268	42285308	36	5.01e-26
ptg000007l	90.099	101	163268	42285308	36	5.01e-26
ptg000007l	97.368	76	163268	42285308	36	5.01e-26
ptg000007l	96.203	79	163268	42285308	36	5.01e-26
ptg000007l	96.203	79	163268	42285308	36	5.01e-26
ptg000007l	97.333	75	163268	42285308	36	1.80e-25
ptg000007l	97.333	75	163268	42285308	36	1.80e-25
ptg000007l	97.333	75	163268	42285308	36	1.80e-25
ptg000007l	97.333	75	163268	42285308	36	1.80e-25
ptg000007l	97.333	75	163268	42285308	36	1.80e-25
ptg000007l	88.073	109	163268	42285308	36	1.80e-25
ptg000007l	97.333	75	163268	42285308	36	1.80e-25
ptg000007l	97.333	75	163268	42285308	36	1.80e-25
ptg000007l	100.000	67	163268	42285308	36	2.33e-24
ptg000007l	97.260	73	163268	42285308	36	2.33e-24
ptg000007l	81.437	167	163268	42285308	36	8.38e-24
ptg000007l	98.551	69	163268	42285308	36	8.38e-24
ptg000007l	100.000	64	163268	42285308	36	1.08e-22
ptg000007l	100.000	64	163268	42285308	36	1.08e-22
ptg000007l	98.507	67	163268	42285308	36	1.08e-22
ptg000007l	98.507	67	163268	42285308	36	1.08e-22
ptg000007l	87.850	107	163268	42285308	36	1.08e-22
ptg000007l	86.667	105	163268	42285308	36	3.90e-22
ptg000007l	86.667	105	163268	42285308	36	3.90e-22
ptg000007l	95.946	74	163268	42285308	36	3.90e-22
ptg000007l	95.833	72	163268	42285308	36	3.90e-22
ptg000007l	97.143	70	163268	42285308	36	3.90e-22
ptg000007l	98.462	65	163268	42285308	36	1.40e-21
ptg000007l	98.462	65	163268	42285308	36	1.40e-21
ptg000007l	95.775	71	163268	42285308	36	1.40e-21
ptg000007l	92.500	80	163268	42285308	36	1.40e-21
ptg000007l	97.101	69	163268	42285308	36	1.40e-21
ptg000007l	97.101	69	163268	42285308	36	1.40e-21
ptg000007l	100.000	61	163268	42285308	36	5.04e-21
ptg000007l	94.595	74	163268	42285308	36	5.04e-21
ptg000007l	96.970	66	163268	42285308	36	1.81e-20
ptg000007l	96.970	66	163268	42285308	36	1.81e-20
ptg000007l	100.000	60	163268	42285308	36	1.81e-20
ptg000007l	98.413	63	163268	42285308	36	1.81e-20
ptg000007l	91.358	81	163268	42285308	36	1.81e-20
ptg000007l	91.250	80	163268	42285308	36	6.52e-20
ptg000007l	98.387	62	163268	42285308	36	6.52e-20
ptg000007l	84.404	109	163268	42285308	36	2.35e-19
ptg000007l	93.056	72	163268	42285308	36	8.44e-19
ptg000007l	93.056	72	163268	42285308	36	8.44e-19
ptg000007l	93.056	72	163268	42285308	36	8.44e-19
ptg000007l	93.056	72	163268	42285308	36	8.44e-19
ptg000007l	96.774	62	163268	42285308	36	3.03e-18
ptg000007l	98.305	59	163268	42285308	36	3.03e-18
ptg000007l	98.305	59	163268	42285308	36	3.03e-18
ptg000007l	90.000	80	163268	42285308	36	3.03e-18
ptg000007l	98.305	59	163268	42285308	36	3.03e-18
ptg000007l	98.305	59	163268	42285308	36	3.03e-18
ptg000007l	98.246	57	163268	42285308	36	3.93e-17
ptg000007l	100.000	54	163268	42285308	36	3.93e-17
ptg000007l	95.161	62	163268	42285308	36	1.41e-16
ptg000007l	100.000	52	163268	42285308	36	5.08e-16
ptg000007l	95.161	62	163268	42285308	36	5.08e-16
ptg000007l	100.000	52	163268	42285308	36	5.08e-16
ptg000007l	100.000	52	163268	42285308	36	5.08e-16
ptg000007l	93.939	66	163268	42285308	36	5.08e-16
ptg000007l	90.278	72	163268	42285308	36	1.83e-15
ptg000007l	90.278	72	163268	42285308	36	1.83e-15
ptg000007l	95.082	61	163268	42285308	36	1.83e-15
ptg000007l	92.308	65	163268	42285308	36	6.57e-15
ptg000007l	92.308	65	163268	42285308	36	6.57e-15
ptg000007l	91.176	68	163268	42285308	36	6.57e-15
ptg000007l	98.113	53	163268	42285308	36	6.57e-15
ptg000007l	98.113	53	163268	42285308	36	6.57e-15
ptg000007l	96.429	56	163268	42285308	36	6.57e-15
ptg000007l	96.429	56	163268	42285308	36	6.57e-15
ptg000007l	96.364	55	163268	42285308	36	2.36e-14
ptg000007l	96.296	54	163268	42285308	36	8.50e-14
ptg000007l	96.226	53	163268	42285308	36	3.06e-13
ptg000007l	96.154	52	163268	42285308	36	1.10e-12
ptg000007l	96.154	52	163268	42285308	36	1.10e-12
ptg000007l	100.000	46	163268	42285308	36	1.10e-12
ptg000007l	91.803	61	163268	42285308	36	1.10e-12
ptg000007l	94.444	54	163268	42285308	36	3.95e-12
ptg000007l	94.444	54	163268	42285308	36	3.95e-12
ptg000007l	96.078	51	163268	42285308	36	3.95e-12
ptg000007l	100.000	44	163268	42285308	36	1.42e-11
ptg000007l	100.000	44	163268	42285308	36	1.42e-11
ptg000007l	100.000	44	163268	42285308	36	1.42e-11
ptg000007l	100.000	44	163268	42285308	36	1.42e-11
ptg000007l	91.525	59	163268	42285308	36	1.42e-11
ptg000007l	95.918	49	163268	42285308	36	5.11e-11
ptg000007l	92.453	53	163268	42285308	36	6.61e-10
ptg000007l	92.453	53	163268	42285308	36	6.61e-10
ptg000007l	94.118	51	163268	42285308	36	6.61e-10
ptg000007l	95.745	47	163268	42285308	36	6.61e-10
ptg000007l	95.745	47	163268	42285308	36	6.61e-10
ptg000007l	100.000	40	163268	42285308	36	2.38e-09
ptg000007l	86.567	67	163268	42285308	36	8.56e-09
ptg000007l	92.157	51	163268	42285308	36	8.56e-09
ptg000007l	92.157	51	163268	42285308	36	8.56e-09
ptg000007l	100.000	39	163268	42285308	36	8.56e-09
ptg000007l	95.556	45	163268	42285308	36	8.56e-09
ptg000007l	97.619	42	163268	42285308	36	8.56e-09
ptg000007l	100.000	38	163268	42285308	36	3.08e-08
ptg000007l	100.000	38	163268	42285308	36	3.08e-08
ptg000007l	93.478	46	163268	42285308	36	1.11e-07
ptg000007l	100.000	37	163268	42285308	36	1.11e-07
ptg000007l	100.000	37	163268	42285308	36	1.11e-07
ptg000007l	97.436	39	163268	42285308	36	3.98e-07
ptg000007l	97.436	39	163268	42285308	36	3.98e-07
ptg000007l	95.349	43	163268	42285308	36	3.98e-07
ptg000007l	95.349	43	163268	42285308	36	3.98e-07
ptg000007l	95.122	41	163268	42285308	36	1.43e-06
ptg000007l	95.122	41	163268	42285308	36	1.43e-06
ptg000007l	100.000	35	163268	42285308	36	1.43e-06
ptg000007l	100.000	34	163268	42285308	36	5.15e-06
ptg000007l	100.000	34	163268	42285308	36	5.15e-06
ptg000007l	100.000	33	163268	42285308	36	1.85e-05
ptg000007l	100.000	33	163268	42285308	36	1.85e-05
ptg000007l	100.000	32	163268	42285308	36	6.66e-05
ptg000007l	89.583	48	163268	42285308	36	6.66e-05
ptg000007l	97.059	34	163268	42285308	36	2.40e-04
ptg000007l	94.737	38	163268	42285308	36	2.40e-04
ptg000007l	96.970	33	163268	42285308	36	8.62e-04
ptg000007l	100.000	30	163268	42285308	36	8.62e-04
ptg000007l	100.000	30	163268	42285308	36	8.62e-04
ptg000007l	100.000	29	163268	42285308	36	0.003
ptg000002l	96.136	3442	163268	54055996	46	0.0
ptg000002l	98.958	2208	163268	54055996	46	0.0
ptg000002l	97.608	1547	163268	54055996	46	0.0
ptg000002l	96.045	1062	163268	54055996	46	0.0
ptg000002l	90.071	1128	163268	54055996	46	0.0
ptg000002l	96.062	711	163268	54055996	46	0.0
ptg000002l	94.006	684	163268	54055996	46	0.0
ptg000002l	94.662	637	163268	54055996	46	0.0
ptg000002l	83.364	1100	163268	54055996	46	0.0
ptg000002l	94.684	602	163268	54055996	46	0.0
ptg000002l	97.864	515	163268	54055996	46	0.0
ptg000002l	97.860	514	163268	54055996	46	0.0
ptg000002l	82.455	1100	163268	54055996	46	0.0
ptg000002l	93.898	590	163268	54055996	46	0.0
ptg000002l	100.000	452	163268	54055996	46	0.0
ptg000002l	93.560	559	163268	54055996	46	0.0
ptg000002l	93.636	550	163268	54055996	46	0.0
ptg000002l	94.259	540	163268	54055996	46	0.0
ptg000002l	93.455	550	163268	54055996	46	0.0
ptg000002l	95.211	522	163268	54055996	46	0.0
ptg000002l	93.934	544	163268	54055996	46	0.0
ptg000002l	98.646	443	163268	54055996	46	0.0
ptg000002l	91.892	555	163268	54055996	46	0.0
ptg000002l	90.104	576	163268	54055996	46	0.0
ptg000002l	90.018	571	163268	54055996	46	0.0
ptg000002l	93.582	483	163268	54055996	46	0.0
ptg000002l	78.073	1131	163268	54055996	46	0.0
ptg000002l	78.073	1131	163268	54055996	46	0.0
ptg000002l	90.019	531	163268	54055996	46	0.0
ptg000002l	96.474	397	163268	54055996	46	0.0
ptg000002l	91.667	480	163268	54055996	46	0.0
ptg000002l	95.000	400	163268	54055996	46	6.78e-174
ptg000002l	94.859	389	163268	54055996	46	1.90e-169
ptg000002l	94.859	389	163268	54055996	46	1.90e-169
ptg000002l	96.196	368	163268	54055996	46	3.17e-167
ptg000002l	87.976	499	163268	54055996	46	4.14e-161
ptg000002l	91.587	416	163268	54055996	46	2.49e-158
ptg000002l	94.580	369	163268	54055996	46	2.49e-158
ptg000002l	93.455	382	163268	54055996	46	4.17e-156
ptg000002l	100.000	301	163268	54055996	46	1.94e-154
ptg000002l	92.092	392	163268	54055996	46	9.02e-153
ptg000002l	92.092	392	163268	54055996	46	9.02e-153
ptg000002l	99.329	298	163268	54055996	46	1.95e-149
ptg000002l	99.327	297	163268	54055996	46	7.02e-149
ptg000002l	99.327	297	163268	54055996	46	7.02e-149
ptg000002l	99.327	297	163268	54055996	46	7.02e-149
ptg000002l	96.923	325	163268	54055996	46	7.02e-149
ptg000002l	96.605	324	163268	54055996	46	9.08e-148
ptg000002l	98.993	298	163268	54055996	46	3.27e-147
ptg000002l	96.615	325	163268	54055996	46	3.27e-147
ptg000002l	97.068	307	163268	54055996	46	9.14e-143
ptg000002l	97.068	307	163268	54055996	46	9.14e-143
ptg000002l	91.733	375	163268	54055996	46	1.18e-141
ptg000002l	87.336	458	163268	54055996	46	4.25e-141
ptg000002l	100.000	274	163268	54055996	46	1.98e-139
ptg000002l	97.010	301	163268	54055996	46	7.12e-139
ptg000002l	97.938	291	163268	54055996	46	2.56e-138
ptg000002l	93.294	343	163268	54055996	46	9.21e-138
ptg000002l	99.635	274	163268	54055996	46	3.31e-137
ptg000002l	94.720	322	163268	54055996	46	3.31e-137
ptg000002l	94.720	322	163268	54055996	46	3.31e-137
ptg000002l	95.752	306	163268	54055996	46	1.54e-135
ptg000002l	95.752	306	163268	54055996	46	1.54e-135
ptg000002l	92.507	347	163268	54055996	46	1.99e-134
ptg000002l	92.507	347	163268	54055996	46	1.99e-134
ptg000002l	88.067	419	163268	54055996	46	7.17e-134
ptg000002l	88.067	419	163268	54055996	46	7.17e-134
ptg000002l	95.410	305	163268	54055996	46	9.27e-133
ptg000002l	90.730	356	163268	54055996	46	2.60e-128
ptg000002l	96.154	286	163268	54055996	46	1.21e-126
ptg000002l	99.606	254	163268	54055996	46	1.21e-126
ptg000002l	99.606	254	163268	54055996	46	1.21e-126
ptg000002l	96.167	287	163268	54055996	46	4.35e-126
ptg000002l	100.000	249	163268	54055996	46	1.56e-125
ptg000002l	100.000	249	163268	54055996	46	1.56e-125
ptg000002l	99.216	255	163268	54055996	46	5.62e-125
ptg000002l	90.988	344	163268	54055996	46	5.62e-125
ptg000002l	99.597	248	163268	54055996	46	2.62e-123
ptg000002l	96.691	272	163268	54055996	46	9.41e-123
ptg000002l	89.101	367	163268	54055996	46	9.41e-123
ptg000002l	94.810	289	163268	54055996	46	3.38e-122
ptg000002l	94.810	289	163268	54055996	46	3.38e-122
ptg000002l	97.338	263	163268	54055996	46	1.22e-121
ptg000002l	88.978	372	163268	54055996	46	4.38e-121
ptg000002l	96.970	264	163268	54055996	46	1.57e-120
ptg000002l	98.054	257	163268	54055996	46	1.57e-120
ptg000002l	87.936	373	163268	54055996	46	7.32e-119
ptg000002l	85.177	452	163268	54055996	46	7.32e-119
ptg000002l	85.177	452	163268	54055996	46	7.32e-119
ptg000002l	99.170	241	163268	54055996	46	3.41e-117
ptg000002l	99.170	241	163268	54055996	46	3.41e-117
ptg000002l	87.668	373	163268	54055996	46	1.23e-116
ptg000002l	87.368	380	163268	54055996	46	1.23e-116
ptg000002l	97.984	248	163268	54055996	46	4.41e-116
ptg000002l	87.368	380	163268	54055996	46	4.41e-116
ptg000002l	88.251	366	163268	54055996	46	4.41e-116
ptg000002l	91.803	305	163268	54055996	46	9.54e-113
ptg000002l	91.667	300	163268	54055996	46	3.43e-112
ptg000002l	91.667	300	163268	54055996	46	3.43e-112
ptg000002l	100.000	224	163268	54055996	46	1.23e-111
ptg000002l	100.000	224	163268	54055996	46	1.23e-111
ptg000002l	99.559	227	163268	54055996	46	1.23e-111
ptg000002l	87.088	364	163268	54055996	46	5.74e-110
ptg000002l	100.000	218	163268	54055996	46	2.67e-108
ptg000002l	92.908	282	163268	54055996	46	9.61e-108
ptg000002l	97.845	232	163268	54055996	46	3.46e-107
ptg000002l	86.612	366	163268	54055996	46	3.46e-107
ptg000002l	95.918	245	163268	54055996	46	1.24e-106
ptg000002l	96.653	239	163268	54055996	46	1.24e-106
ptg000002l	92.226	283	163268	54055996	46	4.47e-106
ptg000002l	94.231	260	163268	54055996	46	1.61e-105
ptg000002l	91.901	284	163268	54055996	46	1.61e-105
ptg000002l	91.901	284	163268	54055996	46	5.78e-105
ptg000002l	88.379	327	163268	54055996	46	2.69e-103
ptg000002l	95.528	246	163268	54055996	46	2.69e-103
ptg000002l	99.526	211	163268	54055996	46	9.68e-103
ptg000002l	99.526	211	163268	54055996	46	9.68e-103
ptg000002l	98.190	221	163268	54055996	46	9.68e-103
ptg000002l	97.333	225	163268	54055996	46	3.48e-102
ptg000002l	91.135	282	163268	54055996	46	1.25e-101
ptg000002l	91.135	282	163268	54055996	46	1.25e-101
ptg000002l	93.462	260	163268	54055996	46	1.25e-101
ptg000002l	91.197	284	163268	54055996	46	1.25e-101
ptg000002l	91.197	284	163268	54055996	46	1.25e-101
ptg000002l	100.000	204	163268	54055996	46	1.62e-100
ptg000002l	98.578	211	163268	54055996	46	2.09e-99
ptg000002l	97.285	221	163268	54055996	46	2.71e-98
ptg000002l	99.505	202	163268	54055996	46	9.75e-98
ptg000002l	99.505	202	163268	54055996	46	9.75e-98
ptg000002l	96.018	226	163268	54055996	46	9.75e-98
ptg000002l	95.279	233	163268	54055996	46	3.51e-97
ptg000002l	99.500	200	163268	54055996	46	1.26e-96
ptg000002l	100.000	196	163268	54055996	46	4.53e-96
ptg000002l	94.093	237	163268	54055996	46	1.63e-95
ptg000002l	95.614	228	163268	54055996	46	5.87e-95
ptg000002l	87.307	323	163268	54055996	46	2.11e-94
ptg000002l	89.928	278	163268	54055996	46	7.59e-94
ptg000002l	94.397	232	163268	54055996	46	9.81e-93
ptg000002l	95.833	216	163268	54055996	46	1.27e-91
ptg000002l	88.079	302	163268	54055996	46	1.27e-91
ptg000002l	97.073	205	163268	54055996	46	4.57e-91
ptg000002l	98.462	195	163268	54055996	46	5.91e-90
ptg000002l	90.421	261	163268	54055996	46	9.88e-88
ptg000002l	100.000	180	163268	54055996	46	3.56e-87
ptg000002l	90.038	261	163268	54055996	46	1.28e-86
ptg000002l	93.274	223	163268	54055996	46	4.60e-86
ptg000002l	97.436	195	163268	54055996	46	4.60e-86
ptg000002l	95.169	207	163268	54055996	46	1.65e-85
ptg000002l	92.920	226	163268	54055996	46	1.65e-85
ptg000002l	93.333	225	163268	54055996	46	5.95e-85
ptg000002l	100.000	174	163268	54055996	46	7.70e-84
ptg000002l	100.000	174	163268	54055996	46	7.70e-84
ptg000002l	89.960	249	163268	54055996	46	2.77e-83
ptg000002l	89.960	249	163268	54055996	46	2.77e-83
ptg000002l	89.723	253	163268	54055996	46	2.77e-83
ptg000002l	98.352	182	163268	54055996	46	2.77e-83
ptg000002l	95.098	204	163268	54055996	46	9.95e-83
ptg000002l	97.326	187	163268	54055996	46	3.58e-82
ptg000002l	99.425	174	163268	54055996	46	3.58e-82
ptg000002l	99.425	174	163268	54055996	46	3.58e-82
ptg000002l	98.864	176	163268	54055996	46	1.29e-81
ptg000002l	98.864	176	163268	54055996	46	1.29e-81
ptg000002l	93.458	214	163268	54055996	46	4.63e-81
ptg000002l	98.857	175	163268	54055996	46	4.63e-81
ptg000002l	91.667	228	163268	54055996	46	1.67e-80
ptg000002l	97.238	181	163268	54055996	46	2.15e-79
ptg000002l	96.721	183	163268	54055996	46	7.75e-79
ptg000002l	98.276	174	163268	54055996	46	7.75e-79
ptg000002l	94.146	205	163268	54055996	46	7.75e-79
ptg000002l	99.401	167	163268	54055996	46	2.79e-78
ptg000002l	97.222	180	163268	54055996	46	2.79e-78
ptg000002l	92.523	214	163268	54055996	46	2.79e-78
ptg000002l	100.000	163	163268	54055996	46	1.00e-77
ptg000002l	100.000	163	163268	54055996	46	1.00e-77
ptg000002l	100.000	163	163268	54055996	46	1.00e-77
ptg000002l	97.701	174	163268	54055996	46	3.61e-77
ptg000002l	99.398	166	163268	54055996	46	3.61e-77
ptg000002l	98.802	167	163268	54055996	46	1.30e-76
ptg000002l	98.810	168	163268	54055996	46	1.30e-76
ptg000002l	95.676	185	163268	54055996	46	4.66e-76
ptg000002l	100.000	159	163268	54055996	46	1.68e-75
ptg000002l	86.111	288	163268	54055996	46	1.68e-75
ptg000002l	100.000	158	163268	54055996	46	6.03e-75
ptg000002l	97.647	170	163268	54055996	46	6.03e-75
ptg000002l	92.754	207	163268	54055996	46	2.17e-74
ptg000002l	100.000	157	163268	54055996	46	2.17e-74
ptg000002l	100.000	157	163268	54055996	46	2.17e-74
ptg000002l	100.000	156	163268	54055996	46	7.81e-74
ptg000002l	99.371	159	163268	54055996	46	2.81e-73
ptg000002l	82.779	331	163268	54055996	46	2.81e-73
ptg000002l	82.779	331	163268	54055996	46	2.81e-73
ptg000002l	85.664	286	163268	54055996	46	1.01e-72
ptg000002l	89.130	230	163268	54055996	46	1.01e-72
ptg000002l	94.565	184	163268	54055996	46	3.63e-72
ptg000002l	94.565	184	163268	54055996	46	3.63e-72
ptg000002l	98.750	160	163268	54055996	46	3.63e-72
ptg000002l	98.750	160	163268	54055996	46	3.63e-72
ptg000002l	99.359	156	163268	54055996	46	3.63e-72
ptg000002l	99.359	156	163268	54055996	46	3.63e-72
ptg000002l	86.486	259	163268	54055996	46	1.31e-71
ptg000002l	100.000	152	163268	54055996	46	1.31e-71
ptg000002l	90.566	212	163268	54055996	46	1.31e-71
ptg000002l	90.566	212	163268	54055996	46	1.31e-71
ptg000002l	100.000	151	163268	54055996	46	4.70e-71
ptg000002l	99.351	154	163268	54055996	46	4.70e-71
ptg000002l	99.351	154	163268	54055996	46	4.70e-71
ptg000002l	96.450	169	163268	54055996	46	4.70e-71
ptg000002l	96.471	170	163268	54055996	46	1.69e-70
ptg000002l	100.000	150	163268	54055996	46	1.69e-70
ptg000002l	96.471	170	163268	54055996	46	1.69e-70
ptg000002l	93.514	185	163268	54055996	46	6.08e-70
ptg000002l	99.342	152	163268	54055996	46	2.19e-69
ptg000002l	93.548	186	163268	54055996	46	2.83e-68
ptg000002l	99.324	148	163268	54055996	46	1.02e-67
ptg000002l	99.324	148	163268	54055996	46	1.02e-67
ptg000002l	95.783	166	163268	54055996	46	1.02e-67
ptg000002l	100.000	144	163268	54055996	46	3.66e-67
ptg000002l	86.475	244	163268	54055996	46	3.66e-67
ptg000002l	86.475	244	163268	54055996	46	3.66e-67
ptg000002l	97.386	153	163268	54055996	46	1.70e-65
ptg000002l	93.678	174	163268	54055996	46	1.70e-65
ptg000002l	98.630	146	163268	54055996	46	2.20e-64
ptg000002l	100.000	138	163268	54055996	46	7.92e-64
ptg000002l	93.143	175	163268	54055996	46	7.92e-64
ptg000002l	99.286	140	163268	54055996	46	2.85e-63
ptg000002l	96.732	153	163268	54055996	46	2.85e-63
ptg000002l	98.592	142	163268	54055996	46	1.02e-62
ptg000002l	100.000	136	163268	54055996	46	1.02e-62
ptg000002l	94.444	162	163268	54055996	46	3.68e-62
ptg000002l	94.444	162	163268	54055996	46	3.68e-62
ptg000002l	85.772	246	163268	54055996	46	3.68e-62
ptg000002l	82.759	290	163268	54055996	46	3.68e-62
ptg000002l	99.275	138	163268	54055996	46	3.68e-62
ptg000002l	89.216	204	163268	54055996	46	1.32e-61
ptg000002l	98.571	140	163268	54055996	46	4.76e-61
ptg000002l	99.265	136	163268	54055996	46	4.76e-61
ptg000002l	99.265	136	163268	54055996	46	4.76e-61
ptg000002l	95.455	154	163268	54055996	46	4.76e-61
ptg000002l	86.547	223	163268	54055996	46	1.71e-60
ptg000002l	96.053	152	163268	54055996	46	1.71e-60
ptg000002l	91.954	174	163268	54055996	46	1.71e-60
ptg000002l	91.954	174	163268	54055996	46	1.71e-60
ptg000002l	91.573	178	163268	54055996	46	1.71e-60
ptg000002l	87.037	216	163268	54055996	46	6.16e-60
ptg000002l	95.973	149	163268	54055996	46	6.16e-60
ptg000002l	85.366	246	163268	54055996	46	6.16e-60
ptg000002l	84.884	258	163268	54055996	46	2.22e-59
ptg000002l	99.248	133	163268	54055996	46	7.97e-59
ptg000002l	91.429	175	163268	54055996	46	7.97e-59
ptg000002l	95.890	146	163268	54055996	46	3.71e-57
ptg000002l	99.225	129	163268	54055996	46	3.71e-57
ptg000002l	99.225	129	163268	54055996	46	3.71e-57
ptg000002l	94.667	150	163268	54055996	46	3.71e-57
ptg000002l	100.000	124	163268	54055996	46	4.80e-56
ptg000002l	100.000	124	163268	54055996	46	4.80e-56
ptg000002l	96.377	138	163268	54055996	46	1.73e-55
ptg000002l	90.751	173	163268	54055996	46	6.21e-55
ptg000002l	99.194	124	163268	54055996	46	2.23e-54
ptg000002l	99.194	124	163268	54055996	46	2.23e-54
ptg000002l	100.000	121	163268	54055996	46	2.23e-54
ptg000002l	100.000	120	163268	54055996	46	8.03e-54
ptg000002l	100.000	119	163268	54055996	46	2.89e-53
ptg000002l	94.366	142	163268	54055996	46	1.04e-52
ptg000002l	93.243	148	163268	54055996	46	1.04e-52
ptg000002l	97.638	127	163268	54055996	46	1.04e-52
ptg000002l	95.035	141	163268	54055996	46	1.04e-52
ptg000002l	86.256	211	163268	54055996	46	3.74e-52
ptg000002l	96.183	131	163268	54055996	46	1.34e-51
ptg000002l	100.000	116	163268	54055996	46	1.34e-51
ptg000002l	99.160	119	163268	54055996	46	1.34e-51
ptg000002l	94.245	139	163268	54055996	46	4.83e-51
ptg000002l	94.245	139	163268	54055996	46	4.83e-51
ptg000002l	90.683	161	163268	54055996	46	4.83e-51
ptg000002l	100.000	115	163268	54055996	46	4.83e-51
ptg000002l	100.000	115	163268	54055996	46	4.83e-51
ptg000002l	89.759	166	163268	54055996	46	4.83e-51
ptg000002l	97.600	125	163268	54055996	46	4.83e-51
ptg000002l	96.850	127	163268	54055996	46	1.74e-50
ptg000002l	98.333	120	163268	54055996	46	6.25e-50
ptg000002l	100.000	113	163268	54055996	46	6.25e-50
ptg000002l	100.000	113	163268	54055996	46	6.25e-50
ptg000002l	94.737	133	163268	54055996	46	8.09e-49
ptg000002l	93.478	138	163268	54055996	46	2.91e-48
ptg000002l	97.479	119	163268	54055996	46	2.91e-48
ptg000002l	91.837	147	163268	54055996	46	2.91e-48
ptg000002l	97.458	118	163268	54055996	46	1.05e-47
ptg000002l	97.458	118	163268	54055996	46	1.05e-47
ptg000002l	98.261	115	163268	54055996	46	1.05e-47
ptg000002l	96.694	121	163268	54055996	46	1.05e-47
ptg000002l	95.968	124	163268	54055996	46	1.05e-47
ptg000002l	96.667	120	163268	54055996	46	3.76e-47
ptg000002l	88.957	163	163268	54055996	46	3.76e-47
ptg000002l	100.000	107	163268	54055996	46	1.35e-46
ptg000002l	93.985	133	163268	54055996	46	1.35e-46
ptg000002l	100.000	106	163268	54055996	46	4.87e-46
ptg000002l	93.284	134	163268	54055996	46	4.87e-46
ptg000002l	93.284	134	163268	54055996	46	4.87e-46
ptg000002l	95.868	121	163268	54055996	46	4.87e-46
ptg000002l	96.610	118	163268	54055996	46	1.75e-45
ptg000002l	79.560	318	163268	54055996	46	1.75e-45
ptg000002l	93.182	132	163268	54055996	46	1.75e-45
ptg000002l	86.667	180	163268	54055996	46	6.30e-45
ptg000002l	92.029	138	163268	54055996	46	6.30e-45
ptg000002l	95.082	122	163268	54055996	46	2.26e-44
ptg000002l	89.933	149	163268	54055996	46	2.26e-44
ptg000002l	100.000	102	163268	54055996	46	8.14e-44
ptg000002l	93.077	130	163268	54055996	46	8.14e-44
ptg000002l	100.000	101	163268	54055996	46	2.93e-43
ptg000002l	100.000	101	163268	54055996	46	2.93e-43
ptg000002l	99.029	103	163268	54055996	46	1.05e-42
ptg000002l	99.029	103	163268	54055996	46	1.05e-42
ptg000002l	100.000	100	163268	54055996	46	1.05e-42
ptg000002l	100.000	100	163268	54055996	46	1.05e-42
ptg000002l	98.077	104	163268	54055996	46	1.36e-41
ptg000002l	98.095	105	163268	54055996	46	1.36e-41
ptg000002l	98.095	105	163268	54055996	46	1.36e-41
ptg000002l	98.077	104	163268	54055996	46	1.36e-41
ptg000002l	98.077	104	163268	54055996	46	1.36e-41
ptg000002l	94.828	116	163268	54055996	46	4.90e-41
ptg000002l	97.170	106	163268	54055996	46	4.90e-41
ptg000002l	100.000	97	163268	54055996	46	4.90e-41
ptg000002l	100.000	96	163268	54055996	46	1.76e-40
ptg000002l	98.980	98	163268	54055996	46	6.34e-40
ptg000002l	98.980	98	163268	54055996	46	6.34e-40
ptg000002l	98.980	98	163268	54055996	46	2.28e-39
ptg000002l	98.980	98	163268	54055996	46	2.28e-39
ptg000002l	100.000	93	163268	54055996	46	8.20e-39
ptg000002l	100.000	92	163268	54055996	46	2.95e-38
ptg000002l	96.190	105	163268	54055996	46	2.95e-38
ptg000002l	97.959	98	163268	54055996	46	1.06e-37
ptg000002l	97.000	100	163268	54055996	46	1.06e-37
ptg000002l	86.842	152	163268	54055996	46	1.06e-37
ptg000002l	97.917	96	163268	54055996	46	3.82e-37
ptg000002l	100.000	90	163268	54055996	46	3.82e-37
ptg000002l	93.694	111	163268	54055996	46	3.82e-37
ptg000002l	93.694	111	163268	54055996	46	3.82e-37
ptg000002l	91.200	125	163268	54055996	46	1.37e-36
ptg000002l	100.000	88	163268	54055996	46	4.94e-36
ptg000002l	100.000	88	163268	54055996	46	4.94e-36
ptg000002l	100.000	88	163268	54055996	46	4.94e-36
ptg000002l	97.872	94	163268	54055996	46	4.94e-36
ptg000002l	97.872	94	163268	54055996	46	4.94e-36
ptg000002l	100.000	87	163268	54055996	46	1.78e-35
ptg000002l	100.000	87	163268	54055996	46	1.78e-35
ptg000002l	93.578	109	163268	54055996	46	1.78e-35
ptg000002l	92.793	111	163268	54055996	46	1.78e-35
ptg000002l	92.793	111	163268	54055996	46	1.78e-35
ptg000002l	95.146	103	163268	54055996	46	1.78e-35
ptg000002l	93.458	107	163268	54055996	46	6.39e-35
ptg000002l	100.000	86	163268	54055996	46	6.39e-35
ptg000002l	100.000	86	163268	54055996	46	6.39e-35
ptg000002l	100.000	86	163268	54055996	46	6.39e-35
ptg000002l	92.174	115	163268	54055996	46	6.39e-35
ptg000002l	95.098	102	163268	54055996	46	6.39e-35
ptg000002l	100.000	85	163268	54055996	46	2.30e-34
ptg000002l	96.842	95	163268	54055996	46	2.30e-34
ptg000002l	95.000	100	163268	54055996	46	2.30e-34
ptg000002l	95.000	100	163268	54055996	46	2.30e-34
ptg000002l	91.964	112	163268	54055996	46	8.26e-34
ptg000002l	91.964	112	163268	54055996	46	8.26e-34
ptg000002l	83.908	174	163268	54055996	46	8.26e-34
ptg000002l	95.833	96	163268	54055996	46	8.26e-34
ptg000002l	95.833	96	163268	54055996	46	8.26e-34
ptg000002l	94.898	98	163268	54055996	46	2.97e-33
ptg000002l	98.837	86	163268	54055996	46	2.97e-33
ptg000002l	93.333	105	163268	54055996	46	2.97e-33
ptg000002l	98.837	86	163268	54055996	46	2.97e-33
ptg000002l	98.837	86	163268	54055996	46	2.97e-33
ptg000002l	98.837	86	163268	54055996	46	2.97e-33
ptg000002l	98.824	85	163268	54055996	46	1.07e-32
ptg000002l	83.908	174	163268	54055996	46	3.84e-32
ptg000002l	91.743	109	163268	54055996	46	3.84e-32
ptg000002l	100.000	81	163268	54055996	46	3.84e-32
ptg000002l	100.000	81	163268	54055996	46	3.84e-32
ptg000002l	98.795	83	163268	54055996	46	1.38e-31
ptg000002l	98.795	83	163268	54055996	46	1.38e-31
ptg000002l	97.701	87	163268	54055996	46	1.38e-31
ptg000002l	91.818	110	163268	54055996	46	1.38e-31
ptg000002l	93.204	103	163268	54055996	46	1.38e-31
ptg000002l	94.681	94	163268	54055996	46	4.97e-31
ptg000002l	100.000	79	163268	54055996	46	4.97e-31
ptg000002l	92.308	104	163268	54055996	46	4.97e-31
ptg000002l	98.765	81	163268	54055996	46	1.79e-30
ptg000002l	95.455	88	163268	54055996	46	2.31e-29
ptg000002l	85.816	141	163268	54055996	46	2.31e-29
ptg000002l	93.617	94	163268	54055996	46	2.31e-29
ptg000002l	93.617	94	163268	54055996	46	2.31e-29
ptg000002l	91.262	103	163268	54055996	46	8.32e-29
ptg000002l	92.784	97	163268	54055996	46	2.99e-28
ptg000002l	96.429	84	163268	54055996	46	2.99e-28
ptg000002l	96.429	84	163268	54055996	46	2.99e-28
ptg000002l	96.386	83	163268	54055996	46	2.99e-28
ptg000002l	92.632	95	163268	54055996	46	2.99e-28
ptg000002l	95.349	86	163268	54055996	46	2.99e-28
ptg000002l	85.315	143	163268	54055996	46	2.99e-28
ptg000002l	93.548	93	163268	54055996	46	1.08e-27
ptg000002l	93.548	93	163268	54055996	46	1.08e-27
ptg000002l	98.684	76	163268	54055996	46	1.08e-27
ptg000002l	98.684	76	163268	54055996	46	1.08e-27
ptg000002l	98.684	76	163268	54055996	46	1.08e-27
ptg000002l	95.238	84	163268	54055996	46	1.39e-26
ptg000002l	96.250	80	163268	54055996	46	1.39e-26
ptg000002l	98.649	74	163268	54055996	46	1.39e-26
ptg000002l	98.649	74	163268	54055996	46	1.39e-26
ptg000002l	98.649	74	163268	54055996	46	1.39e-26
ptg000002l	98.649	74	163268	54055996	46	1.39e-26
ptg000002l	97.403	77	163268	54055996	46	1.39e-26
ptg000002l	95.181	83	163268	54055996	46	5.01e-26
ptg000002l	95.122	82	163268	54055996	46	5.01e-26
ptg000002l	95.181	83	163268	54055996	46	5.01e-26
ptg000002l	100.000	70	163268	54055996	46	5.01e-26
ptg000002l	91.489	94	163268	54055996	46	1.80e-25
ptg000002l	95.062	81	163268	54055996	46	6.48e-25
ptg000002l	95.062	81	163268	54055996	46	6.48e-25
ptg000002l	98.592	71	163268	54055996	46	6.48e-25
ptg000002l	98.592	71	163268	54055996	46	6.48e-25
ptg000002l	97.297	74	163268	54055996	46	6.48e-25
ptg000002l	97.297	74	163268	54055996	46	6.48e-25
ptg000002l	98.592	71	163268	54055996	46	6.48e-25
ptg000002l	91.398	93	163268	54055996	46	6.48e-25
ptg000002l	97.260	73	163268	54055996	46	2.33e-24
ptg000002l	97.260	73	163268	54055996	46	2.33e-24
ptg000002l	100.000	67	163268	54055996	46	2.33e-24
ptg000002l	100.000	67	163268	54055996	46	2.33e-24
ptg000002l	96.104	77	163268	54055996	46	2.33e-24
ptg000002l	96.104	77	163268	54055996	46	2.33e-24
ptg000002l	98.571	70	163268	54055996	46	8.38e-24
ptg000002l	82.857	140	163268	54055996	46	8.38e-24
ptg000002l	97.222	72	163268	54055996	46	8.38e-24
ptg000002l	97.222	72	163268	54055996	46	3.01e-23
ptg000002l	90.323	93	163268	54055996	46	3.01e-23
ptg000002l	90.323	93	163268	54055996	46	3.01e-23
ptg000002l	95.890	73	163268	54055996	46	1.08e-22
ptg000002l	95.890	73	163268	54055996	46	1.08e-22
ptg000002l	100.000	64	163268	54055996	46	1.08e-22
ptg000002l	100.000	64	163268	54055996	46	1.08e-22
ptg000002l	98.507	67	163268	54055996	46	1.08e-22
ptg000002l	95.890	73	163268	54055996	46	1.08e-22
ptg000002l	95.890	73	163268	54055996	46	1.08e-22
ptg000002l	93.671	79	163268	54055996	46	3.90e-22
ptg000002l	91.667	84	163268	54055996	46	1.40e-21
ptg000002l	91.667	84	163268	54055996	46	1.40e-21
ptg000002l	97.059	68	163268	54055996	46	1.40e-21
ptg000002l	98.462	65	163268	54055996	46	1.40e-21
ptg000002l	100.000	61	163268	54055996	46	5.04e-21
ptg000002l	100.000	61	163268	54055996	46	5.04e-21
ptg000002l	100.000	61	163268	54055996	46	5.04e-21
ptg000002l	98.438	64	163268	54055996	46	5.04e-21
ptg000002l	100.000	60	163268	54055996	46	1.81e-20
ptg000002l	96.970	66	163268	54055996	46	1.81e-20
ptg000002l	96.970	66	163268	54055996	46	1.81e-20
ptg000002l	95.652	69	163268	54055996	46	1.81e-20
ptg000002l	100.000	60	163268	54055996	46	1.81e-20
ptg000002l	100.000	60	163268	54055996	46	1.81e-20
ptg000002l	94.444	72	163268	54055996	46	1.81e-20
ptg000002l	92.308	78	163268	54055996	46	6.52e-20
ptg000002l	92.308	78	163268	54055996	46	6.52e-20
ptg000002l	100.000	58	163268	54055996	46	2.35e-19
ptg000002l	95.522	67	163268	54055996	46	2.35e-19
ptg000002l	100.000	57	163268	54055996	46	8.44e-19
ptg000002l	94.203	69	163268	54055996	46	8.44e-19
ptg000002l	89.011	91	163268	54055996	46	8.44e-19
ptg000002l	100.000	55	163268	54055996	46	1.09e-17
ptg000002l	100.000	55	163268	54055996	46	1.09e-17
ptg000002l	98.246	57	163268	54055996	46	3.93e-17
ptg000002l	100.000	54	163268	54055996	46	3.93e-17
ptg000002l	98.276	58	163268	54055996	46	3.93e-17
ptg000002l	98.276	58	163268	54055996	46	3.93e-17
ptg000002l	92.754	69	163268	54055996	46	3.93e-17
ptg000002l	92.754	69	163268	54055996	46	3.93e-17
ptg000002l	95.312	64	163268	54055996	46	3.93e-17
ptg000002l	93.939	66	163268	54055996	46	1.41e-16
ptg000002l	93.846	65	163268	54055996	46	1.41e-16
ptg000002l	95.238	63	163268	54055996	46	1.41e-16
ptg000002l	81.897	116	163268	54055996	46	1.41e-16
ptg000002l	98.214	56	163268	54055996	46	1.41e-16
ptg000002l	98.214	56	163268	54055996	46	1.41e-16
ptg000002l	90.667	75	163268	54055996	46	1.41e-16
ptg000002l	96.610	59	163268	54055996	46	5.08e-16
ptg000002l	96.610	59	163268	54055996	46	5.08e-16
ptg000002l	100.000	52	163268	54055996	46	5.08e-16
ptg000002l	100.000	52	163268	54055996	46	5.08e-16
ptg000002l	96.491	57	163268	54055996	46	1.83e-15
ptg000002l	83.333	114	163268	54055996	46	1.83e-15
ptg000002l	100.000	50	163268	54055996	46	6.57e-15
ptg000002l	100.000	50	163268	54055996	46	6.57e-15
ptg000002l	93.548	62	163268	54055996	46	6.57e-15
ptg000002l	98.113	53	163268	54055996	46	6.57e-15
ptg000002l	91.045	67	163268	54055996	46	2.36e-14
ptg000002l	93.443	61	163268	54055996	46	2.36e-14
ptg000002l	98.077	52	163268	54055996	46	2.36e-14
ptg000002l	98.077	52	163268	54055996	46	2.36e-14
ptg000002l	98.039	51	163268	54055996	46	8.50e-14
ptg000002l	100.000	48	163268	54055996	46	8.50e-14
ptg000002l	100.000	48	163268	54055996	46	8.50e-14
ptg000002l	100.000	48	163268	54055996	46	8.50e-14
ptg000002l	100.000	48	163268	54055996	46	8.50e-14
ptg000002l	100.000	48	163268	54055996	46	8.50e-14
ptg000002l	87.179	78	163268	54055996	46	3.06e-13
ptg000002l	87.179	78	163268	54055996	46	3.06e-13
ptg000002l	98.000	50	163268	54055996	46	3.06e-13
ptg000002l	100.000	46	163268	54055996	46	1.10e-12
ptg000002l	100.000	46	163268	54055996	46	1.10e-12
ptg000002l	96.226	53	163268	54055996	46	1.10e-12
ptg000002l	97.917	48	163268	54055996	46	3.95e-12
ptg000002l	96.078	51	163268	54055996	46	3.95e-12
ptg000002l	94.444	54	163268	54055996	46	3.95e-12
ptg000002l	100.000	45	163268	54055996	46	3.95e-12
ptg000002l	97.917	48	163268	54055996	46	1.42e-11
ptg000002l	100.000	44	163268	54055996	46	1.42e-11
ptg000002l	100.000	44	163268	54055996	46	1.42e-11
ptg000002l	97.917	48	163268	54055996	46	1.42e-11
ptg000002l	97.917	48	163268	54055996	46	1.42e-11
ptg000002l	97.917	48	163268	54055996	46	1.42e-11
ptg000002l	97.778	45	163268	54055996	46	1.84e-10
ptg000002l	94.118	51	163268	54055996	46	1.84e-10
ptg000002l	100.000	41	163268	54055996	46	6.61e-10
ptg000002l	95.833	48	163268	54055996	46	6.61e-10
ptg000002l	92.453	53	163268	54055996	46	2.38e-09
ptg000002l	92.453	53	163268	54055996	46	2.38e-09
ptg000002l	92.308	52	163268	54055996	46	2.38e-09
ptg000002l	100.000	40	163268	54055996	46	2.38e-09
ptg000002l	100.000	40	163268	54055996	46	2.38e-09
ptg000002l	100.000	40	163268	54055996	46	2.38e-09
ptg000002l	93.878	49	163268	54055996	46	2.38e-09
ptg000002l	93.878	49	163268	54055996	46	2.38e-09
ptg000002l	100.000	39	163268	54055996	46	8.56e-09
ptg000002l	97.561	41	163268	54055996	46	3.08e-08
ptg000002l	97.561	41	163268	54055996	46	3.08e-08
ptg000002l	100.000	38	163268	54055996	46	3.08e-08
ptg000002l	100.000	38	163268	54055996	46	3.08e-08
ptg000002l	100.000	38	163268	54055996	46	3.08e-08
ptg000002l	100.000	38	163268	54055996	46	3.08e-08
ptg000002l	89.474	57	163268	54055996	46	3.08e-08
ptg000002l	91.837	49	163268	54055996	46	1.11e-07
ptg000002l	97.500	40	163268	54055996	46	1.11e-07
ptg000002l	97.561	41	163268	54055996	46	1.11e-07
ptg000002l	91.837	49	163268	54055996	46	1.11e-07
ptg000002l	91.837	49	163268	54055996	46	1.11e-07
ptg000002l	95.238	42	163268	54055996	46	3.98e-07
ptg000002l	97.436	39	163268	54055996	46	3.98e-07
ptg000002l	100.000	36	163268	54055996	46	3.98e-07
ptg000002l	97.436	39	163268	54055996	46	3.98e-07
ptg000002l	100.000	36	163268	54055996	46	3.98e-07
ptg000002l	93.333	45	163268	54055996	46	1.43e-06
ptg000002l	100.000	35	163268	54055996	46	1.43e-06
ptg000002l	100.000	35	163268	54055996	46	1.43e-06
ptg000002l	97.368	38	163268	54055996	46	1.43e-06
ptg000002l	100.000	35	163268	54055996	46	1.43e-06
ptg000002l	100.000	35	163268	54055996	46	1.43e-06
ptg000002l	100.000	35	163268	54055996	46	1.43e-06
ptg000002l	97.297	37	163268	54055996	46	5.15e-06
ptg000002l	97.297	37	163268	54055996	46	5.15e-06
ptg000002l	93.023	43	163268	54055996	46	5.15e-06
ptg000002l	93.023	43	163268	54055996	46	5.15e-06
ptg000002l	97.297	37	163268	54055996	46	5.15e-06
ptg000002l	100.000	33	163268	54055996	46	1.85e-05
ptg000002l	100.000	33	163268	54055996	46	1.85e-05
ptg000002l	100.000	33	163268	54055996	46	1.85e-05
ptg000002l	100.000	32	163268	54055996	46	6.66e-05
ptg000002l	100.000	32	163268	54055996	46	6.66e-05
ptg000002l	100.000	32	163268	54055996	46	6.66e-05
ptg000002l	97.059	34	163268	54055996	46	2.40e-04
ptg000002l	97.059	34	163268	54055996	46	2.40e-04
ptg000002l	100.000	30	163268	54055996	46	8.62e-04
ptg000002l	100.000	30	163268	54055996	46	8.62e-04
ptg000002l	100.000	30	163268	54055996	46	8.62e-04
ptg000002l	94.286	35	163268	54055996	46	0.003
ptg000002l	100.000	28	163268	54055996	46	0.011
ptg000003l	95.909	3447	163268	59271212	40	0.0
ptg000003l	95.825	3449	163268	59271212	40	0.0
ptg000003l	96.593	1820	163268	59271212	40	0.0
ptg000003l	99.158	1426	163268	59271212	40	0.0
ptg000003l	95.219	1506	163268	59271212	40	0.0
ptg000003l	93.599	1406	163268	59271212	40	0.0
ptg000003l	92.674	1406	163268	59271212	40	0.0
ptg000003l	81.327	2185	163268	59271212	40	0.0
ptg000003l	83.270	1853	163268	59271212	40	0.0
ptg000003l	81.128	2056	163268	59271212	40	0.0
ptg000003l	95.673	832	163268	59271212	40	0.0
ptg000003l	85.126	1311	163268	59271212	40	0.0
ptg000003l	85.050	1311	163268	59271212	40	0.0
ptg000003l	95.337	815	163268	59271212	40	0.0
ptg000003l	87.840	1102	163268	59271212	40	0.0
ptg000003l	87.750	1102	163268	59271212	40	0.0
ptg000003l	97.067	750	163268	59271212	40	0.0
ptg000003l	96.800	750	163268	59271212	40	0.0
ptg000003l	97.167	706	163268	59271212	40	0.0
ptg000003l	85.829	1122	163268	59271212	40	0.0
ptg000003l	85.740	1122	163268	59271212	40	0.0
ptg000003l	94.405	697	163268	59271212	40	0.0
ptg000003l	98.427	572	163268	59271212	40	0.0
ptg000003l	83.395	1078	163268	59271212	40	0.0
ptg000003l	82.944	1114	163268	59271212	40	0.0
ptg000003l	82.855	1114	163268	59271212	40	0.0
ptg000003l	97.566	534	163268	59271212	40	0.0
ptg000003l	92.144	611	163268	59271212	40	0.0
ptg000003l	91.980	611	163268	59271212	40	0.0
ptg000003l	85.372	793	163268	59271212	40	0.0
ptg000003l	87.482	687	163268	59271212	40	0.0
ptg000003l	85.120	793	163268	59271212	40	0.0
ptg000003l	86.880	686	163268	59271212	40	0.0
ptg000003l	97.738	442	163268	59271212	40	0.0
ptg000003l	97.248	436	163268	59271212	40	0.0
ptg000003l	95.175	456	163268	59271212	40	0.0
ptg000003l	95.175	456	163268	59271212	40	0.0
ptg000003l	83.252	818	163268	59271212	40	0.0
ptg000003l	98.916	369	163268	59271212	40	0.0
ptg000003l	84.480	683	163268	59271212	40	8.70e-178
ptg000003l	95.000	400	163268	59271212	40	4.05e-176
ptg000003l	95.000	400	163268	59271212	40	1.46e-175
ptg000003l	98.837	344	163268	59271212	40	1.13e-171
ptg000003l	97.953	342	163268	59271212	40	1.48e-165
ptg000003l	95.442	373	163268	59271212	40	1.48e-165
ptg000003l	97.399	346	163268	59271212	40	6.87e-164
ptg000003l	88.367	490	163268	59271212	40	3.20e-162
ptg000003l	88.187	491	163268	59271212	40	4.14e-161
ptg000003l	95.368	367	163268	59271212	40	4.14e-161
ptg000003l	90.930	441	163268	59271212	40	2.49e-158
ptg000003l	88.066	486	163268	59271212	40	5.39e-155
ptg000003l	97.500	320	163268	59271212	40	1.17e-151
ptg000003l	83.957	561	163268	59271212	40	5.46e-145
ptg000003l	97.993	299	163268	59271212	40	2.54e-143
ptg000003l	98.621	290	163268	59271212	40	1.18e-141
ptg000003l	98.621	290	163268	59271212	40	1.18e-141
ptg000003l	83.333	576	163268	59271212	40	4.25e-141
ptg000003l	83.333	576	163268	59271212	40	4.25e-141
ptg000003l	83.422	561	163268	59271212	40	1.53e-140
ptg000003l	96.700	303	163268	59271212	40	2.56e-138
ptg000003l	86.784	454	163268	59271212	40	7.17e-134
ptg000003l	98.859	263	163268	59271212	40	2.60e-128
ptg000003l	95.593	295	163268	59271212	40	3.36e-127
ptg000003l	91.818	330	163268	59271212	40	1.56e-125
ptg000003l	77.485	835	163268	59271212	40	1.56e-125
ptg000003l	95.254	295	163268	59271212	40	1.56e-125
ptg000003l	94.371	302	163268	59271212	40	2.02e-124
ptg000003l	91.317	334	163268	59271212	40	2.62e-123
ptg000003l	77.327	838	163268	59271212	40	2.62e-123
ptg000003l	99.593	246	163268	59271212	40	3.38e-122
ptg000003l	95.745	282	163268	59271212	40	1.22e-121
ptg000003l	90.991	333	163268	59271212	40	1.57e-120
ptg000003l	95.971	273	163268	59271212	40	5.66e-120
ptg000003l	90.663	332	163268	59271212	40	2.63e-118
ptg000003l	76.987	843	163268	59271212	40	9.47e-118
ptg000003l	76.923	845	163268	59271212	40	3.41e-117
ptg000003l	90.303	330	163268	59271212	40	1.23e-116
ptg000003l	76.758	839	163268	59271212	40	5.70e-115
ptg000003l	97.571	247	163268	59271212	40	2.05e-114
ptg000003l	87.399	373	163268	59271212	40	2.05e-114
ptg000003l	96.838	253	163268	59271212	40	7.38e-114
ptg000003l	92.881	295	163268	59271212	40	7.38e-114
ptg000003l	76.603	842	163268	59271212	40	3.43e-112
ptg000003l	95.420	262	163268	59271212	40	3.43e-112
ptg000003l	100.000	223	163268	59271212	40	4.44e-111
ptg000003l	96.356	247	163268	59271212	40	2.67e-108
ptg000003l	97.059	238	163268	59271212	40	3.46e-107
ptg000003l	97.059	238	163268	59271212	40	3.46e-107
ptg000003l	99.539	217	163268	59271212	40	4.47e-106
ptg000003l	100.000	212	163268	59271212	40	5.78e-105
ptg000003l	99.083	218	163268	59271212	40	2.08e-104
ptg000003l	96.567	233	163268	59271212	40	2.69e-103
ptg000003l	94.071	253	163268	59271212	40	9.68e-103
ptg000003l	92.857	266	163268	59271212	40	3.48e-102
ptg000003l	95.397	239	163268	59271212	40	1.62e-100
ptg000003l	88.994	318	163268	59271212	40	5.82e-100
ptg000003l	92.105	266	163268	59271212	40	7.53e-99
ptg000003l	99.029	206	163268	59271212	40	9.75e-98
ptg000003l	98.571	210	163268	59271212	40	9.75e-98
ptg000003l	97.664	214	163268	59271212	40	3.51e-97
ptg000003l	93.145	248	163268	59271212	40	1.26e-96
ptg000003l	93.145	248	163268	59271212	40	1.26e-96
ptg000003l	99.000	200	163268	59271212	40	5.87e-95
ptg000003l	90.262	267	163268	59271212	40	1.64e-90
ptg000003l	98.438	192	163268	59271212	40	7.64e-89
ptg000003l	100.000	183	163268	59271212	40	7.64e-89
ptg000003l	100.000	183	163268	59271212	40	7.64e-89
ptg000003l	93.103	232	163268	59271212	40	9.88e-88
ptg000003l	98.925	186	163268	59271212	40	3.56e-87
ptg000003l	98.925	186	163268	59271212	40	3.56e-87
ptg000003l	98.925	186	163268	59271212	40	1.28e-86
ptg000003l	96.465	198	163268	59271212	40	1.65e-85
ptg000003l	96.465	198	163268	59271212	40	1.65e-85
ptg000003l	98.396	187	163268	59271212	40	1.65e-85
ptg000003l	93.981	216	163268	59271212	40	5.95e-85
ptg000003l	96.891	193	163268	59271212	40	2.14e-84
ptg000003l	96.891	193	163268	59271212	40	2.14e-84
ptg000003l	96.891	193	163268	59271212	40	2.14e-84
ptg000003l	95.098	204	163268	59271212	40	7.70e-84
ptg000003l	96.875	192	163268	59271212	40	2.77e-83
ptg000003l	96.875	192	163268	59271212	40	2.77e-83
ptg000003l	93.119	218	163268	59271212	40	2.77e-83
ptg000003l	93.119	218	163268	59271212	40	2.77e-83
ptg000003l	93.953	215	163268	59271212	40	2.77e-83
ptg000003l	91.739	230	163268	59271212	40	9.95e-83
ptg000003l	96.316	190	163268	59271212	40	4.63e-81
ptg000003l	93.023	215	163268	59271212	40	4.63e-81
ptg000003l	98.851	174	163268	59271212	40	1.67e-80
ptg000003l	98.851	174	163268	59271212	40	1.67e-80
ptg000003l	89.431	246	163268	59271212	40	1.67e-80
ptg000003l	84.548	343	163268	59271212	40	5.99e-80
ptg000003l	100.000	166	163268	59271212	40	2.15e-79
ptg000003l	84.104	346	163268	59271212	40	2.15e-79
ptg000003l	97.753	178	163268	59271212	40	2.15e-79
ptg000003l	95.789	190	163268	59271212	40	7.75e-79
ptg000003l	100.000	165	163268	59271212	40	7.75e-79
ptg000003l	97.191	178	163268	59271212	40	1.00e-77
ptg000003l	98.246	171	163268	59271212	40	3.61e-77
ptg000003l	97.175	177	163268	59271212	40	3.61e-77
ptg000003l	98.795	166	163268	59271212	40	4.66e-76
ptg000003l	95.580	181	163268	59271212	40	2.17e-74
ptg000003l	95.580	181	163268	59271212	40	2.17e-74
ptg000003l	87.160	257	163268	59271212	40	2.17e-74
ptg000003l	94.149	188	163268	59271212	40	2.81e-73
ptg000003l	94.149	188	163268	59271212	40	2.81e-73
ptg000003l	95.556	180	163268	59271212	40	1.01e-72
ptg000003l	98.742	159	163268	59271212	40	3.63e-72
ptg000003l	86.538	260	163268	59271212	40	1.31e-71
ptg000003l	86.486	259	163268	59271212	40	1.31e-71
ptg000003l	86.538	260	163268	59271212	40	4.70e-71
ptg000003l	96.471	170	163268	59271212	40	4.70e-71
ptg000003l	96.471	170	163268	59271212	40	4.70e-71
ptg000003l	96.429	168	163268	59271212	40	1.69e-70
ptg000003l	88.186	237	163268	59271212	40	6.08e-70
ptg000003l	98.710	155	163268	59271212	40	6.08e-70
ptg000003l	98.710	155	163268	59271212	40	6.08e-70
ptg000003l	95.858	169	163268	59271212	40	7.86e-69
ptg000003l	96.386	166	163268	59271212	40	7.86e-69
ptg000003l	97.484	159	163268	59271212	40	7.86e-69
ptg000003l	99.329	149	163268	59271212	40	2.83e-68
ptg000003l	97.484	159	163268	59271212	40	2.83e-68
ptg000003l	91.327	196	163268	59271212	40	1.32e-66
ptg000003l	91.327	196	163268	59271212	40	1.32e-66
ptg000003l	99.315	146	163268	59271212	40	1.32e-66
ptg000003l	99.315	146	163268	59271212	40	1.32e-66
ptg000003l	96.815	157	163268	59271212	40	4.73e-66
ptg000003l	96.815	157	163268	59271212	40	1.70e-65
ptg000003l	86.250	240	163268	59271212	40	6.12e-65
ptg000003l	96.774	155	163268	59271212	40	2.20e-64
ptg000003l	94.578	166	163268	59271212	40	7.92e-64
ptg000003l	96.732	153	163268	59271212	40	7.92e-64
ptg000003l	89.623	212	163268	59271212	40	7.92e-64
ptg000003l	82.237	304	163268	59271212	40	2.85e-63
ptg000003l	98.582	141	163268	59271212	40	3.68e-62
ptg000003l	93.529	170	163268	59271212	40	3.68e-62
ptg000003l	97.260	146	163268	59271212	40	1.32e-61
ptg000003l	96.078	153	163268	59271212	40	1.32e-61
ptg000003l	89.151	212	163268	59271212	40	1.32e-61
ptg000003l	86.522	230	163268	59271212	40	1.71e-60
ptg000003l	99.259	135	163268	59271212	40	1.71e-60
ptg000003l	93.827	162	163268	59271212	40	6.16e-60
ptg000003l	88.945	199	163268	59271212	40	2.22e-59
ptg000003l	96.575	146	163268	59271212	40	2.22e-59
ptg000003l	88.776	196	163268	59271212	40	7.97e-59
ptg000003l	86.099	223	163268	59271212	40	1.03e-57
ptg000003l	86.099	223	163268	59271212	40	1.03e-57
ptg000003l	85.714	231	163268	59271212	40	1.03e-57
ptg000003l	92.638	163	163268	59271212	40	3.71e-57
ptg000003l	91.667	168	163268	59271212	40	4.80e-56
ptg000003l	99.213	127	163268	59271212	40	1.73e-55
ptg000003l	93.125	160	163268	59271212	40	1.73e-55
ptg000003l	93.125	160	163268	59271212	40	1.73e-55
ptg000003l	92.453	159	163268	59271212	40	6.21e-55
ptg000003l	91.975	162	163268	59271212	40	6.21e-55
ptg000003l	91.975	162	163268	59271212	40	6.21e-55
ptg000003l	86.256	211	163268	59271212	40	6.21e-55
ptg000003l	86.256	211	163268	59271212	40	6.21e-55
ptg000003l	97.692	130	163268	59271212	40	2.23e-54
ptg000003l	97.692	130	163268	59271212	40	2.23e-54
ptg000003l	96.350	137	163268	59271212	40	2.23e-54
ptg000003l	96.947	131	163268	59271212	40	2.89e-53
ptg000003l	97.638	127	163268	59271212	40	3.74e-52
ptg000003l	97.638	127	163268	59271212	40	3.74e-52
ptg000003l	94.891	137	163268	59271212	40	1.34e-51
ptg000003l	94.891	137	163268	59271212	40	1.34e-51
ptg000003l	91.195	159	163268	59271212	40	4.83e-51
ptg000003l	94.286	140	163268	59271212	40	1.74e-50
ptg000003l	95.349	129	163268	59271212	40	2.91e-48
ptg000003l	100.000	109	163268	59271212	40	1.05e-47
ptg000003l	99.099	111	163268	59271212	40	3.76e-47
ptg000003l	92.806	139	163268	59271212	40	1.35e-46
ptg000003l	88.024	167	163268	59271212	40	1.35e-46
ptg000003l	98.246	114	163268	59271212	40	1.35e-46
ptg000003l	100.000	106	163268	59271212	40	4.87e-46
ptg000003l	96.610	118	163268	59271212	40	4.87e-46
ptg000003l	91.489	141	163268	59271212	40	2.26e-44
ptg000003l	99.057	106	163268	59271212	40	2.26e-44
ptg000003l	99.048	105	163268	59271212	40	8.14e-44
ptg000003l	96.552	116	163268	59271212	40	8.14e-44
ptg000003l	92.969	128	163268	59271212	40	2.93e-43
ptg000003l	92.969	128	163268	59271212	40	2.93e-43
ptg000003l	92.424	132	163268	59271212	40	2.93e-43
ptg000003l	83.251	203	163268	59271212	40	1.05e-42
ptg000003l	93.548	124	163268	59271212	40	1.05e-42
ptg000003l	93.548	124	163268	59271212	40	1.05e-42
ptg000003l	99.029	103	163268	59271212	40	1.05e-42
ptg000003l	98.095	105	163268	59271212	40	3.79e-42
ptg000003l	91.729	133	163268	59271212	40	3.79e-42
ptg000003l	95.614	114	163268	59271212	40	4.90e-41
ptg000003l	93.388	121	163268	59271212	40	1.76e-40
ptg000003l	98.990	99	163268	59271212	40	1.76e-40
ptg000003l	91.045	134	163268	59271212	40	1.76e-40
ptg000003l	100.000	95	163268	59271212	40	6.34e-40
ptg000003l	82.353	204	163268	59271212	40	6.34e-40
ptg000003l	82.353	204	163268	59271212	40	6.34e-40
ptg000003l	98.020	101	163268	59271212	40	6.34e-40
ptg000003l	96.226	106	163268	59271212	40	2.28e-39
ptg000003l	98.958	96	163268	59271212	40	8.20e-39
ptg000003l	96.154	104	163268	59271212	40	2.95e-38
ptg000003l	96.154	104	163268	59271212	40	2.95e-38
ptg000003l	96.154	104	163268	59271212	40	2.95e-38
ptg000003l	90.625	128	163268	59271212	40	2.95e-38
ptg000003l	96.154	104	163268	59271212	40	2.95e-38
ptg000003l	96.154	104	163268	59271212	40	2.95e-38
ptg000003l	95.327	107	163268	59271212	40	2.95e-38
ptg000003l	88.971	136	163268	59271212	40	1.06e-37
ptg000003l	88.971	136	163268	59271212	40	1.06e-37
ptg000003l	96.117	103	163268	59271212	40	1.06e-37
ptg000003l	96.117	103	163268	59271212	40	1.06e-37
ptg000003l	98.947	95	163268	59271212	40	1.06e-37
ptg000003l	86.709	158	163268	59271212	40	3.82e-37
ptg000003l	95.283	106	163268	59271212	40	3.82e-37
ptg000003l	95.283	106	163268	59271212	40	3.82e-37
ptg000003l	94.393	107	163268	59271212	40	1.37e-36
ptg000003l	98.913	92	163268	59271212	40	1.37e-36
ptg000003l	91.525	118	163268	59271212	40	4.94e-36
ptg000003l	98.901	91	163268	59271212	40	4.94e-36
ptg000003l	97.849	93	163268	59271212	40	1.78e-35
ptg000003l	97.849	93	163268	59271212	40	1.78e-35
ptg000003l	93.458	107	163268	59271212	40	6.39e-35
ptg000003l	97.826	92	163268	59271212	40	6.39e-35
ptg000003l	97.826	92	163268	59271212	40	6.39e-35
ptg000003l	98.876	89	163268	59271212	40	6.39e-35
ptg000003l	96.809	94	163268	59271212	40	2.30e-34
ptg000003l	97.802	91	163268	59271212	40	2.30e-34
ptg000003l	96.774	93	163268	59271212	40	8.26e-34
ptg000003l	100.000	84	163268	59271212	40	8.26e-34
ptg000003l	97.727	88	163268	59271212	40	1.07e-32
ptg000003l	95.745	94	163268	59271212	40	3.84e-32
ptg000003l	97.701	87	163268	59271212	40	3.84e-32
ptg000003l	93.939	99	163268	59271212	40	1.38e-31
ptg000003l	93.939	99	163268	59271212	40	1.38e-31
ptg000003l	81.319	182	163268	59271212	40	1.38e-31
ptg000003l	81.319	182	163268	59271212	40	1.38e-31
ptg000003l	93.069	101	163268	59271212	40	1.38e-31
ptg000003l	100.000	78	163268	59271212	40	1.79e-30
ptg000003l	97.590	83	163268	59271212	40	6.43e-30
ptg000003l	88.983	118	163268	59271212	40	6.43e-30
ptg000003l	88.983	118	163268	59271212	40	6.43e-30
ptg000003l	84.828	145	163268	59271212	40	6.43e-30
ptg000003l	84.828	145	163268	59271212	40	6.43e-30
ptg000003l	97.590	83	163268	59271212	40	6.43e-30
ptg000003l	95.556	90	163268	59271212	40	6.43e-30
ptg000003l	96.552	87	163268	59271212	40	6.43e-30
ptg000003l	95.455	88	163268	59271212	40	2.31e-29
ptg000003l	92.079	101	163268	59271212	40	2.31e-29
ptg000003l	100.000	76	163268	59271212	40	2.31e-29
ptg000003l	97.531	81	163268	59271212	40	8.32e-29
ptg000003l	94.444	90	163268	59271212	40	8.32e-29
ptg000003l	94.565	92	163268	59271212	40	8.32e-29
ptg000003l	100.000	75	163268	59271212	40	8.32e-29
ptg000003l	100.000	75	163268	59271212	40	8.32e-29
ptg000003l	86.667	135	163268	59271212	40	8.32e-29
ptg000003l	96.429	84	163268	59271212	40	8.32e-29
ptg000003l	96.386	83	163268	59271212	40	2.99e-28
ptg000003l	96.386	83	163268	59271212	40	2.99e-28
ptg000003l	100.000	74	163268	59271212	40	2.99e-28
ptg000003l	94.444	90	163268	59271212	40	2.99e-28
ptg000003l	92.632	95	163268	59271212	40	1.08e-27
ptg000003l	90.291	103	163268	59271212	40	1.08e-27
ptg000003l	97.403	77	163268	59271212	40	1.39e-26
ptg000003l	86.047	129	163268	59271212	40	1.39e-26
ptg000003l	86.047	129	163268	59271212	40	1.39e-26
ptg000003l	96.296	81	163268	59271212	40	1.39e-26
ptg000003l	97.436	78	163268	59271212	40	1.39e-26
ptg000003l	98.649	74	163268	59271212	40	5.01e-26
ptg000003l	98.611	72	163268	59271212	40	1.80e-25
ptg000003l	92.222	90	163268	59271212	40	1.80e-25
ptg000003l	94.118	85	163268	59271212	40	1.80e-25
ptg000003l	94.118	85	163268	59271212	40	1.80e-25
ptg000003l	98.611	72	163268	59271212	40	1.80e-25
ptg000003l	97.368	76	163268	59271212	40	1.80e-25
ptg000003l	97.368	76	163268	59271212	40	1.80e-25
ptg000003l	98.611	72	163268	59271212	40	1.80e-25
ptg000003l	98.611	72	163268	59271212	40	1.80e-25
ptg000003l	98.592	71	163268	59271212	40	6.48e-25
ptg000003l	98.592	71	163268	59271212	40	6.48e-25
ptg000003l	100.000	68	163268	59271212	40	6.48e-25
ptg000003l	97.260	73	163268	59271212	40	2.33e-24
ptg000003l	96.053	76	163268	59271212	40	2.33e-24
ptg000003l	96.053	76	163268	59271212	40	2.33e-24
ptg000003l	96.104	77	163268	59271212	40	2.33e-24
ptg000003l	91.304	92	163268	59271212	40	2.33e-24
ptg000003l	89.000	100	163268	59271212	40	2.33e-24
ptg000003l	89.796	98	163268	59271212	40	2.33e-24
ptg000003l	89.796	98	163268	59271212	40	2.33e-24
ptg000003l	98.551	69	163268	59271212	40	8.38e-24
ptg000003l	98.551	69	163268	59271212	40	8.38e-24
ptg000003l	98.551	69	163268	59271212	40	8.38e-24
ptg000003l	94.937	79	163268	59271212	40	8.38e-24
ptg000003l	98.551	69	163268	59271212	40	8.38e-24
ptg000003l	98.551	69	163268	59271212	40	8.38e-24
ptg000003l	91.209	91	163268	59271212	40	8.38e-24
ptg000003l	95.946	74	163268	59271212	40	3.01e-23
ptg000003l	97.183	71	163268	59271212	40	3.01e-23
ptg000003l	98.529	68	163268	59271212	40	3.01e-23
ptg000003l	98.529	68	163268	59271212	40	3.01e-23
ptg000003l	97.143	70	163268	59271212	40	1.08e-22
ptg000003l	97.143	70	163268	59271212	40	1.08e-22
ptg000003l	93.671	79	163268	59271212	40	1.08e-22
ptg000003l	93.671	79	163268	59271212	40	1.08e-22
ptg000003l	97.143	70	163268	59271212	40	3.90e-22
ptg000003l	97.143	70	163268	59271212	40	3.90e-22
ptg000003l	94.667	75	163268	59271212	40	3.90e-22
ptg000003l	97.059	68	163268	59271212	40	1.40e-21
ptg000003l	95.714	70	163268	59271212	40	5.04e-21
ptg000003l	95.714	70	163268	59271212	40	5.04e-21
ptg000003l	100.000	61	163268	59271212	40	5.04e-21
ptg000003l	95.775	71	163268	59271212	40	5.04e-21
ptg000003l	85.586	111	163268	59271212	40	5.04e-21
ptg000003l	98.438	64	163268	59271212	40	5.04e-21
ptg000003l	98.438	64	163268	59271212	40	5.04e-21
ptg000003l	95.652	69	163268	59271212	40	1.81e-20
ptg000003l	95.652	69	163268	59271212	40	1.81e-20
ptg000003l	90.476	84	163268	59271212	40	1.81e-20
ptg000003l	100.000	60	163268	59271212	40	1.81e-20
ptg000003l	98.413	63	163268	59271212	40	1.81e-20
ptg000003l	100.000	59	163268	59271212	40	6.52e-20
ptg000003l	100.000	59	163268	59271212	40	6.52e-20
ptg000003l	84.821	112	163268	59271212	40	6.52e-20
ptg000003l	93.151	73	163268	59271212	40	2.35e-19
ptg000003l	93.151	73	163268	59271212	40	2.35e-19
ptg000003l	93.151	73	163268	59271212	40	2.35e-19
ptg000003l	98.361	61	163268	59271212	40	2.35e-19
ptg000003l	98.361	61	163268	59271212	40	2.35e-19
ptg000003l	100.000	57	163268	59271212	40	8.44e-19
ptg000003l	90.909	77	163268	59271212	40	3.03e-18
ptg000003l	100.000	56	163268	59271212	40	3.03e-18
ptg000003l	90.909	77	163268	59271212	40	1.09e-17
ptg000003l	96.721	61	163268	59271212	40	1.09e-17
ptg000003l	90.909	77	163268	59271212	40	1.09e-17
ptg000003l	96.667	60	163268	59271212	40	3.93e-17
ptg000003l	100.000	54	163268	59271212	40	3.93e-17
ptg000003l	98.214	56	163268	59271212	40	1.41e-16
ptg000003l	96.610	59	163268	59271212	40	1.41e-16
ptg000003l	96.610	59	163268	59271212	40	1.41e-16
ptg000003l	96.552	58	163268	59271212	40	5.08e-16
ptg000003l	96.552	58	163268	59271212	40	5.08e-16
ptg000003l	96.552	58	163268	59271212	40	5.08e-16
ptg000003l	89.157	83	163268	59271212	40	5.08e-16
ptg000003l	95.082	61	163268	59271212	40	5.08e-16
ptg000003l	100.000	52	163268	59271212	40	5.08e-16
ptg000003l	100.000	52	163268	59271212	40	5.08e-16
ptg000003l	89.474	76	163268	59271212	40	1.83e-15
ptg000003l	92.424	66	163268	59271212	40	1.83e-15
ptg000003l	92.424	66	163268	59271212	40	1.83e-15
ptg000003l	81.739	115	163268	59271212	40	1.83e-15
ptg000003l	81.739	115	163268	59271212	40	1.83e-15
ptg000003l	98.148	54	163268	59271212	40	1.83e-15
ptg000003l	98.148	54	163268	59271212	40	1.83e-15
ptg000003l	91.429	70	163268	59271212	40	1.83e-15
ptg000003l	91.429	70	163268	59271212	40	1.83e-15
ptg000003l	94.915	59	163268	59271212	40	6.57e-15
ptg000003l	94.915	59	163268	59271212	40	6.57e-15
ptg000003l	98.113	53	163268	59271212	40	6.57e-15
ptg000003l	98.113	53	163268	59271212	40	6.57e-15
ptg000003l	98.113	53	163268	59271212	40	6.57e-15
ptg000003l	98.113	53	163268	59271212	40	6.57e-15
ptg000003l	100.000	50	163268	59271212	40	6.57e-15
ptg000003l	96.429	56	163268	59271212	40	6.57e-15
ptg000003l	88.312	77	163268	59271212	40	6.57e-15
ptg000003l	94.828	58	163268	59271212	40	2.36e-14
ptg000003l	98.077	52	163268	59271212	40	2.36e-14
ptg000003l	98.077	52	163268	59271212	40	2.36e-14
ptg000003l	87.952	83	163268	59271212	40	2.36e-14
ptg000003l	87.952	83	163268	59271212	40	2.36e-14
ptg000003l	87.500	80	163268	59271212	40	2.36e-14
ptg000003l	87.500	80	163268	59271212	40	2.36e-14
ptg000003l	93.548	62	163268	59271212	40	2.36e-14
ptg000003l	100.000	49	163268	59271212	40	2.36e-14
ptg000003l	90.000	70	163268	59271212	40	2.36e-14
ptg000003l	96.364	55	163268	59271212	40	2.36e-14
ptg000003l	98.039	51	163268	59271212	40	8.50e-14
ptg000003l	98.039	51	163268	59271212	40	8.50e-14
ptg000003l	98.039	51	163268	59271212	40	8.50e-14
ptg000003l	98.039	51	163268	59271212	40	8.50e-14
ptg000003l	88.889	72	163268	59271212	40	8.50e-14
ptg000003l	98.039	51	163268	59271212	40	8.50e-14
ptg000003l	98.039	51	163268	59271212	40	8.50e-14
ptg000003l	100.000	47	163268	59271212	40	3.06e-13
ptg000003l	96.226	53	163268	59271212	40	3.06e-13
ptg000003l	90.909	66	163268	59271212	40	3.06e-13
ptg000003l	90.909	66	163268	59271212	40	3.06e-13
ptg000003l	86.747	83	163268	59271212	40	1.10e-12
ptg000003l	100.000	46	163268	59271212	40	1.10e-12
ptg000003l	97.959	49	163268	59271212	40	1.10e-12
ptg000003l	97.959	49	163268	59271212	40	1.10e-12
ptg000003l	100.000	46	163268	59271212	40	1.10e-12
ptg000003l	100.000	46	163268	59271212	40	1.10e-12
ptg000003l	97.959	49	163268	59271212	40	1.10e-12
ptg000003l	97.959	49	163268	59271212	40	1.10e-12
ptg000003l	97.959	49	163268	59271212	40	1.10e-12
ptg000003l	97.917	48	163268	59271212	40	3.95e-12
ptg000003l	83.516	91	163268	59271212	40	3.95e-12
ptg000003l	93.103	58	163268	59271212	40	3.95e-12
ptg000003l	97.917	48	163268	59271212	40	3.95e-12
ptg000003l	97.917	48	163268	59271212	40	3.95e-12
ptg000003l	92.063	63	163268	59271212	40	3.95e-12
ptg000003l	97.917	48	163268	59271212	40	1.42e-11
ptg000003l	96.000	50	163268	59271212	40	1.42e-11
ptg000003l	96.000	50	163268	59271212	40	1.42e-11
ptg000003l	96.000	50	163268	59271212	40	1.42e-11
ptg000003l	96.000	50	163268	59271212	40	1.42e-11
ptg000003l	100.000	43	163268	59271212	40	5.11e-11
ptg000003l	97.826	46	163268	59271212	40	5.11e-11
ptg000003l	97.826	46	163268	59271212	40	5.11e-11
ptg000003l	85.366	82	163268	59271212	40	1.84e-10
ptg000003l	97.778	45	163268	59271212	40	1.84e-10
ptg000003l	85.366	82	163268	59271212	40	1.84e-10
ptg000003l	90.164	61	163268	59271212	40	1.84e-10
ptg000003l	95.833	48	163268	59271212	40	6.61e-10
ptg000003l	100.000	41	163268	59271212	40	6.61e-10
ptg000003l	100.000	41	163268	59271212	40	6.61e-10
ptg000003l	94.000	50	163268	59271212	40	6.61e-10
ptg000003l	94.000	50	163268	59271212	40	6.61e-10
ptg000003l	95.833	48	163268	59271212	40	6.61e-10
ptg000003l	95.745	47	163268	59271212	40	6.61e-10
ptg000003l	95.745	47	163268	59271212	40	6.61e-10
ptg000003l	97.727	44	163268	59271212	40	6.61e-10
ptg000003l	97.727	44	163268	59271212	40	6.61e-10
ptg000003l	95.833	48	163268	59271212	40	6.61e-10
ptg000003l	95.745	47	163268	59271212	40	6.61e-10
ptg000003l	100.000	41	163268	59271212	40	6.61e-10
ptg000003l	95.652	46	163268	59271212	40	2.38e-09
ptg000003l	95.652	46	163268	59271212	40	2.38e-09
ptg000003l	94.000	50	163268	59271212	40	2.38e-09
ptg000003l	94.000	50	163268	59271212	40	2.38e-09
ptg000003l	100.000	40	163268	59271212	40	2.38e-09
ptg000003l	100.000	40	163268	59271212	40	2.38e-09
ptg000003l	97.619	42	163268	59271212	40	8.56e-09
ptg000003l	100.000	39	163268	59271212	40	8.56e-09
ptg000003l	95.556	45	163268	59271212	40	8.56e-09
ptg000003l	93.878	49	163268	59271212	40	8.56e-09
ptg000003l	93.878	49	163268	59271212	40	8.56e-09
ptg000003l	100.000	39	163268	59271212	40	8.56e-09
ptg000003l	87.097	62	163268	59271212	40	3.08e-08
ptg000003l	100.000	38	163268	59271212	40	3.08e-08
ptg000003l	100.000	38	163268	59271212	40	3.08e-08
ptg000003l	97.561	41	163268	59271212	40	3.08e-08
ptg000003l	97.561	41	163268	59271212	40	3.08e-08
ptg000003l	93.750	48	163268	59271212	40	3.08e-08
ptg000003l	100.000	38	163268	59271212	40	3.08e-08
ptg000003l	100.000	38	163268	59271212	40	3.08e-08
ptg000003l	97.500	40	163268	59271212	40	1.11e-07
ptg000003l	97.561	41	163268	59271212	40	1.11e-07
ptg000003l	97.561	41	163268	59271212	40	1.11e-07
ptg000003l	85.294	68	163268	59271212	40	1.11e-07
ptg000003l	100.000	37	163268	59271212	40	1.11e-07
ptg000003l	100.000	37	163268	59271212	40	1.11e-07
ptg000003l	93.333	45	163268	59271212	40	3.98e-07
ptg000003l	95.238	42	163268	59271212	40	3.98e-07
ptg000003l	95.238	42	163268	59271212	40	3.98e-07
ptg000003l	93.333	45	163268	59271212	40	3.98e-07
ptg000003l	97.436	39	163268	59271212	40	3.98e-07
ptg000003l	100.000	36	163268	59271212	40	3.98e-07
ptg000003l	97.368	38	163268	59271212	40	1.43e-06
ptg000003l	97.368	38	163268	59271212	40	1.43e-06
ptg000003l	90.196	51	163268	59271212	40	1.43e-06
ptg000003l	90.196	51	163268	59271212	40	1.43e-06
ptg000003l	95.122	41	163268	59271212	40	1.43e-06
ptg000003l	100.000	35	163268	59271212	40	1.43e-06
ptg000003l	91.304	46	163268	59271212	40	5.15e-06
ptg000003l	93.182	44	163268	59271212	40	5.15e-06
ptg000003l	90.000	50	163268	59271212	40	5.15e-06
ptg000003l	100.000	34	163268	59271212	40	5.15e-06
ptg000003l	100.000	33	163268	59271212	40	1.85e-05
ptg000003l	97.143	35	163268	59271212	40	6.66e-05
ptg000003l	100.000	32	163268	59271212	40	6.66e-05
ptg000003l	97.143	35	163268	59271212	40	6.66e-05
ptg000003l	97.143	35	163268	59271212	40	6.66e-05
ptg000003l	100.000	31	163268	59271212	40	2.40e-04
ptg000003l	100.000	30	163268	59271212	40	8.62e-04
ptg000003l	100.000	30	163268	59271212	40	8.62e-04
ptg000003l	100.000	30	163268	59271212	40	8.62e-04
ptg000003l	96.970	33	163268	59271212	40	8.62e-04
ptg000003l	100.000	30	163268	59271212	40	8.62e-04
ptg000003l	92.105	38	163268	59271212	40	0.003
ptg000003l	92.308	39	163268	59271212	40	0.003
ptg000003l	100.000	29	163268	59271212	40	0.003
ptg000003l	100.000	29	163268	59271212	40	0.003
ptg000003l	100.000	29	163268	59271212	40	0.003
ptg000003l	100.000	29	163268	59271212	40	0.003
ptg000003l	96.875	32	163268	59271212	40	0.003
ptg000003l	96.774	31	163268	59271212	40	0.011
ptg000003l	100.000	28	163268	59271212	40	0.011
ptg000004l	96.659	2694	163268	38027376	26	0.0
ptg000004l	96.443	2699	163268	38027376	26	0.0
ptg000004l	96.179	1989	163268	38027376	26	0.0
ptg000004l	88.842	2590	163268	38027376	26	0.0
ptg000004l	93.399	1833	163268	38027376	26	0.0
ptg000004l	93.344	1833	163268	38027376	26	0.0
ptg000004l	96.675	1534	163268	38027376	26	0.0
ptg000004l	96.610	1534	163268	38027376	26	0.0
ptg000004l	98.038	1172	163268	38027376	26	0.0
ptg000004l	97.952	1172	163268	38027376	26	0.0
ptg000004l	95.838	961	163268	38027376	26	0.0
ptg000004l	95.445	966	163268	38027376	26	0.0
ptg000004l	85.729	967	163268	38027376	26	0.0
ptg000004l	84.394	974	163268	38027376	26	0.0
ptg000004l	97.546	489	163268	38027376	26	0.0
ptg000004l	96.728	489	163268	38027376	26	0.0
ptg000004l	95.427	503	163268	38027376	26	0.0
ptg000004l	95.427	503	163268	38027376	26	0.0
ptg000004l	84.383	794	163268	38027376	26	0.0
ptg000004l	94.987	399	163268	38027376	26	2.44e-173
ptg000004l	94.737	399	163268	38027376	26	1.13e-171
ptg000004l	97.256	328	163268	38027376	26	1.94e-154
ptg000004l	86.408	515	163268	38027376	26	1.17e-151
ptg000004l	87.794	467	163268	38027376	26	2.52e-148
ptg000004l	95.441	329	163268	38027376	26	1.97e-144
ptg000004l	89.024	410	163268	38027376	26	1.19e-136
ptg000004l	82.363	567	163268	38027376	26	4.32e-131
ptg000004l	82.363	567	163268	38027376	26	4.32e-131
ptg000004l	93.930	313	163268	38027376	26	3.36e-127
ptg000004l	93.528	309	163268	38027376	26	7.27e-124
ptg000004l	93.204	309	163268	38027376	26	3.38e-122
ptg000004l	94.774	287	163268	38027376	26	1.22e-121
ptg000004l	94.718	284	163268	38027376	26	5.66e-120
ptg000004l	94.366	284	163268	38027376	26	9.47e-118
ptg000004l	91.798	317	163268	38027376	26	4.41e-116
ptg000004l	95.849	265	163268	38027376	26	4.41e-116
ptg000004l	95.849	265	163268	38027376	26	4.41e-116
ptg000004l	99.134	231	163268	38027376	26	1.23e-111
ptg000004l	91.901	284	163268	38027376	26	1.24e-106
ptg000004l	91.549	284	163268	38027376	26	2.08e-104
ptg000004l	91.815	281	163268	38027376	26	2.08e-104
ptg000004l	95.102	245	163268	38027376	26	9.68e-103
ptg000004l	88.162	321	163268	38027376	26	1.25e-101
ptg000004l	91.971	274	163268	38027376	26	4.50e-101
ptg000004l	99.510	204	163268	38027376	26	7.53e-99
ptg000004l	97.222	216	163268	38027376	26	1.26e-96
ptg000004l	89.510	286	163268	38027376	26	4.53e-96
ptg000004l	89.161	286	163268	38027376	26	7.59e-94
ptg000004l	92.063	252	163268	38027376	26	9.81e-93
ptg000004l	89.493	276	163268	38027376	26	3.53e-92
ptg000004l	94.836	213	163268	38027376	26	5.95e-85
ptg000004l	92.511	227	163268	38027376	26	7.70e-84
ptg000004l	97.838	185	163268	38027376	26	2.77e-83
ptg000004l	94.500	200	163268	38027376	26	2.15e-79
ptg000004l	94.500	200	163268	38027376	26	2.15e-79
ptg000004l	99.401	167	163268	38027376	26	2.79e-78
ptg000004l	95.745	188	163268	38027376	26	3.61e-77
ptg000004l	95.263	190	163268	38027376	26	4.66e-76
ptg000004l	89.700	233	163268	38027376	26	1.68e-75
ptg000004l	86.496	274	163268	38027376	26	6.03e-75
ptg000004l	86.131	274	163268	38027376	26	1.01e-72
ptg000004l	87.302	252	163268	38027376	26	1.01e-72
ptg000004l	87.302	252	163268	38027376	26	1.01e-72
ptg000004l	93.229	192	163268	38027376	26	3.63e-72
ptg000004l	88.393	224	163268	38027376	26	3.66e-67
ptg000004l	96.296	162	163268	38027376	26	1.32e-66
ptg000004l	96.296	162	163268	38027376	26	1.32e-66
ptg000004l	98.658	149	163268	38027376	26	1.32e-66
ptg000004l	90.291	206	163268	38027376	26	2.20e-64
ptg000004l	83.577	274	163268	38027376	26	1.02e-62
ptg000004l	83.577	274	163268	38027376	26	1.02e-62
ptg000004l	93.452	168	163268	38027376	26	3.68e-62
ptg000004l	99.275	138	163268	38027376	26	3.68e-62
ptg000004l	99.275	138	163268	38027376	26	3.68e-62
ptg000004l	91.573	178	163268	38027376	26	1.71e-60
ptg000004l	91.573	178	163268	38027376	26	1.71e-60
ptg000004l	97.872	141	163268	38027376	26	6.16e-60
ptg000004l	91.477	176	163268	38027376	26	7.97e-59
ptg000004l	88.095	210	163268	38027376	26	7.97e-59
ptg000004l	88.095	210	163268	38027376	26	7.97e-59
ptg000004l	91.716	169	163268	38027376	26	3.71e-57
ptg000004l	91.667	168	163268	38027376	26	4.80e-56
ptg000004l	91.667	168	163268	38027376	26	4.80e-56
ptg000004l	98.438	128	163268	38027376	26	6.21e-55
ptg000004l	98.438	128	163268	38027376	26	6.21e-55
ptg000004l	85.520	221	163268	38027376	26	2.23e-54
ptg000004l	95.000	140	163268	38027376	26	1.04e-52
ptg000004l	90.244	164	163268	38027376	26	4.83e-51
ptg000004l	98.319	119	163268	38027376	26	6.25e-50
ptg000004l	99.123	114	163268	38027376	26	8.09e-49
ptg000004l	90.244	164	163268	38027376	26	8.09e-49
ptg000004l	92.908	141	163268	38027376	26	2.91e-48
ptg000004l	92.254	142	163268	38027376	26	1.05e-47
ptg000004l	92.254	142	163268	38027376	26	1.05e-47
ptg000004l	97.436	117	163268	38027376	26	1.35e-46
ptg000004l	98.230	113	163268	38027376	26	4.87e-46
ptg000004l	98.230	113	163268	38027376	26	4.87e-46
ptg000004l	87.006	177	163268	38027376	26	4.87e-46
ptg000004l	97.345	113	163268	38027376	26	6.30e-45
ptg000004l	97.345	113	163268	38027376	26	6.30e-45
ptg000004l	94.309	123	163268	38027376	26	2.93e-43
ptg000004l	94.309	123	163268	38027376	26	2.93e-43
ptg000004l	81.102	254	163268	38027376	26	2.93e-43
ptg000004l	99.029	103	163268	38027376	26	1.05e-42
ptg000004l	96.460	113	163268	38027376	26	1.05e-42
ptg000004l	93.600	125	163268	38027376	26	1.05e-42
ptg000004l	92.857	126	163268	38027376	26	3.79e-42
ptg000004l	92.857	126	163268	38027376	26	3.79e-42
ptg000004l	85.083	181	163268	38027376	26	3.79e-42
ptg000004l	100.000	98	163268	38027376	26	1.36e-41
ptg000004l	95.575	113	163268	38027376	26	1.36e-41
ptg000004l	95.575	113	163268	38027376	26	1.36e-41
ptg000004l	95.575	113	163268	38027376	26	1.36e-41
ptg000004l	95.575	113	163268	38027376	26	4.90e-41
ptg000004l	99.000	100	163268	38027376	26	4.90e-41
ptg000004l	91.473	129	163268	38027376	26	1.76e-40
ptg000004l	91.473	129	163268	38027376	26	1.76e-40
ptg000004l	84.530	181	163268	38027376	26	6.34e-40
ptg000004l	98.969	97	163268	38027376	26	2.28e-39
ptg000004l	94.643	112	163268	38027376	26	2.28e-39
ptg000004l	91.406	128	163268	38027376	26	2.28e-39
ptg000004l	95.370	108	163268	38027376	26	8.20e-39
ptg000004l	100.000	93	163268	38027376	26	8.20e-39
ptg000004l	98.958	96	163268	38027376	26	8.20e-39
ptg000004l	98.958	96	163268	38027376	26	8.20e-39
ptg000004l	100.000	92	163268	38027376	26	2.95e-38
ptg000004l	91.129	124	163268	38027376	26	1.06e-37
ptg000004l	88.028	142	163268	38027376	26	3.82e-37
ptg000004l	93.103	116	163268	38027376	26	3.82e-37
ptg000004l	86.452	155	163268	38027376	26	3.82e-37
ptg000004l	92.437	119	163268	38027376	26	1.37e-36
ptg000004l	93.162	117	163268	38027376	26	1.37e-36
ptg000004l	80.833	240	163268	38027376	26	4.94e-36
ptg000004l	80.833	240	163268	38027376	26	4.94e-36
ptg000004l	98.901	91	163268	38027376	26	4.94e-36
ptg000004l	87.234	141	163268	38027376	26	6.39e-35
ptg000004l	91.453	117	163268	38027376	26	6.39e-35
ptg000004l	96.809	94	163268	38027376	26	2.30e-34
ptg000004l	96.809	94	163268	38027376	26	2.30e-34
ptg000004l	86.395	147	163268	38027376	26	2.30e-34
ptg000004l	80.417	240	163268	38027376	26	8.26e-34
ptg000004l	80.417	240	163268	38027376	26	8.26e-34
ptg000004l	85.714	147	163268	38027376	26	8.26e-34
ptg000004l	87.500	136	163268	38027376	26	2.97e-33
ptg000004l	95.745	94	163268	38027376	26	1.07e-32
ptg000004l	90.517	116	163268	38027376	26	1.07e-32
ptg000004l	86.861	137	163268	38027376	26	3.84e-32
ptg000004l	98.810	84	163268	38027376	26	3.84e-32
ptg000004l	95.699	93	163268	38027376	26	3.84e-32
ptg000004l	95.699	93	163268	38027376	26	3.84e-32
ptg000004l	97.674	86	163268	38027376	26	1.38e-31
ptg000004l	96.591	88	163268	38027376	26	4.97e-31
ptg000004l	90.826	109	163268	38027376	26	1.79e-30
ptg000004l	88.430	121	163268	38027376	26	1.79e-30
ptg000004l	96.552	87	163268	38027376	26	1.79e-30
ptg000004l	85.106	141	163268	38027376	26	6.43e-30
ptg000004l	95.506	89	163268	38027376	26	6.43e-30
ptg000004l	86.614	127	163268	38027376	26	2.31e-29
ptg000004l	84.354	147	163268	38027376	26	2.31e-29
ptg000004l	84.397	141	163268	38027376	26	2.99e-28
ptg000004l	96.386	83	163268	38027376	26	2.99e-28
ptg000004l	98.701	77	163268	38027376	26	2.99e-28
ptg000004l	94.444	90	163268	38027376	26	2.99e-28
ptg000004l	84.173	139	163268	38027376	26	1.08e-27
ptg000004l	83.673	147	163268	38027376	26	1.08e-27
ptg000004l	97.468	79	163268	38027376	26	1.08e-27
ptg000004l	97.468	79	163268	38027376	26	1.08e-27
ptg000004l	96.341	82	163268	38027376	26	1.08e-27
ptg000004l	96.341	82	163268	38027376	26	1.08e-27
ptg000004l	98.667	75	163268	38027376	26	3.87e-27
ptg000004l	98.667	75	163268	38027376	26	3.87e-27
ptg000004l	96.296	81	163268	38027376	26	3.87e-27
ptg000004l	96.296	81	163268	38027376	26	3.87e-27
ptg000004l	95.294	85	163268	38027376	26	3.87e-27
ptg000004l	95.181	83	163268	38027376	26	1.39e-26
ptg000004l	100.000	71	163268	38027376	26	1.39e-26
ptg000004l	97.403	77	163268	38027376	26	1.39e-26
ptg000004l	97.403	77	163268	38027376	26	1.39e-26
ptg000004l	98.630	73	163268	38027376	26	5.01e-26
ptg000004l	98.630	73	163268	38027376	26	5.01e-26
ptg000004l	88.679	106	163268	38027376	26	5.01e-26
ptg000004l	100.000	70	163268	38027376	26	5.01e-26
ptg000004l	100.000	70	163268	38027376	26	5.01e-26
ptg000004l	88.889	108	163268	38027376	26	5.01e-26
ptg000004l	97.333	75	163268	38027376	26	1.80e-25
ptg000004l	97.297	74	163268	38027376	26	6.48e-25
ptg000004l	97.297	74	163268	38027376	26	6.48e-25
ptg000004l	95.000	80	163268	38027376	26	6.48e-25
ptg000004l	98.592	71	163268	38027376	26	6.48e-25
ptg000004l	98.611	72	163268	38027376	26	6.48e-25
ptg000004l	93.103	87	163268	38027376	26	6.48e-25
ptg000004l	92.941	85	163268	38027376	26	2.33e-24
ptg000004l	92.857	84	163268	38027376	26	8.38e-24
ptg000004l	89.691	97	163268	38027376	26	3.01e-23
ptg000004l	81.818	154	163268	38027376	26	3.01e-23
ptg000004l	97.143	70	163268	38027376	26	1.08e-22
ptg000004l	97.143	70	163268	38027376	26	1.08e-22
ptg000004l	91.765	85	163268	38027376	26	3.90e-22
ptg000004l	89.362	94	163268	38027376	26	3.90e-22
ptg000004l	97.101	69	163268	38027376	26	3.90e-22
ptg000004l	100.000	62	163268	38027376	26	1.40e-21
ptg000004l	100.000	62	163268	38027376	26	1.40e-21
ptg000004l	90.000	90	163268	38027376	26	1.40e-21
ptg000004l	90.000	90	163268	38027376	26	1.40e-21
ptg000004l	98.462	65	163268	38027376	26	1.40e-21
ptg000004l	97.015	67	163268	38027376	26	5.04e-21
ptg000004l	92.308	78	163268	38027376	26	1.81e-20
ptg000004l	98.387	62	163268	38027376	26	6.52e-20
ptg000004l	98.387	62	163268	38027376	26	6.52e-20
ptg000004l	93.333	75	163268	38027376	26	6.52e-20
ptg000004l	96.923	65	163268	38027376	26	6.52e-20
ptg000004l	96.923	65	163268	38027376	26	6.52e-20
ptg000004l	87.368	95	163268	38027376	26	2.35e-19
ptg000004l	96.875	64	163268	38027376	26	2.35e-19
ptg000004l	98.361	61	163268	38027376	26	2.35e-19
ptg000004l	94.286	70	163268	38027376	26	2.35e-19
ptg000004l	94.286	70	163268	38027376	26	2.35e-19
ptg000004l	96.825	63	163268	38027376	26	8.44e-19
ptg000004l	90.244	82	163268	38027376	26	8.44e-19
ptg000004l	95.522	67	163268	38027376	26	8.44e-19
ptg000004l	95.522	67	163268	38027376	26	8.44e-19
ptg000004l	98.333	60	163268	38027376	26	3.03e-18
ptg000004l	98.333	60	163268	38027376	26	3.03e-18
ptg000004l	96.774	62	163268	38027376	26	3.03e-18
ptg000004l	84.906	106	163268	38027376	26	3.03e-18
ptg000004l	84.906	106	163268	38027376	26	3.03e-18
ptg000004l	92.958	71	163268	38027376	26	3.03e-18
ptg000004l	92.958	71	163268	38027376	26	3.03e-18
ptg000004l	82.927	123	163268	38027376	26	1.09e-17
ptg000004l	98.276	58	163268	38027376	26	1.09e-17
ptg000004l	98.276	58	163268	38027376	26	1.09e-17
ptg000004l	96.667	60	163268	38027376	26	3.93e-17
ptg000004l	96.667	60	163268	38027376	26	3.93e-17
ptg000004l	88.095	84	163268	38027376	26	3.93e-17
ptg000004l	92.958	71	163268	38027376	26	3.93e-17
ptg000004l	90.541	74	163268	38027376	26	1.41e-16
ptg000004l	92.647	68	163268	38027376	26	1.41e-16
ptg000004l	92.647	68	163268	38027376	26	1.41e-16
ptg000004l	100.000	52	163268	38027376	26	5.08e-16
ptg000004l	100.000	52	163268	38027376	26	5.08e-16
ptg000004l	98.148	54	163268	38027376	26	1.83e-15
ptg000004l	100.000	51	163268	38027376	26	1.83e-15
ptg000004l	100.000	51	163268	38027376	26	1.83e-15
ptg000004l	93.548	62	163268	38027376	26	6.57e-15
ptg000004l	100.000	50	163268	38027376	26	6.57e-15
ptg000004l	96.429	56	163268	38027376	26	6.57e-15
ptg000004l	90.278	72	163268	38027376	26	6.57e-15
ptg000004l	90.278	72	163268	38027376	26	6.57e-15
ptg000004l	100.000	49	163268	38027376	26	2.36e-14
ptg000004l	86.747	83	163268	38027376	26	2.36e-14
ptg000004l	98.077	52	163268	38027376	26	2.36e-14
ptg000004l	98.077	52	163268	38027376	26	2.36e-14
ptg000004l	98.039	51	163268	38027376	26	8.50e-14
ptg000004l	98.039	51	163268	38027376	26	8.50e-14
ptg000004l	90.909	66	163268	38027376	26	3.06e-13
ptg000004l	96.226	53	163268	38027376	26	3.06e-13
ptg000004l	97.959	49	163268	38027376	26	1.10e-12
ptg000004l	100.000	46	163268	38027376	26	1.10e-12
ptg000004l	100.000	46	163268	38027376	26	1.10e-12
ptg000004l	94.444	54	163268	38027376	26	3.95e-12
ptg000004l	94.444	54	163268	38027376	26	3.95e-12
ptg000004l	97.917	48	163268	38027376	26	3.95e-12
ptg000004l	95.918	49	163268	38027376	26	5.11e-11
ptg000004l	95.833	48	163268	38027376	26	1.84e-10
ptg000004l	91.525	59	163268	38027376	26	1.84e-10
ptg000004l	97.727	44	163268	38027376	26	6.61e-10
ptg000004l	95.745	47	163268	38027376	26	6.61e-10
ptg000004l	95.745	47	163268	38027376	26	6.61e-10
ptg000004l	97.674	43	163268	38027376	26	2.38e-09
ptg000004l	97.674	43	163268	38027376	26	2.38e-09
ptg000004l	100.000	40	163268	38027376	26	2.38e-09
ptg000004l	100.000	40	163268	38027376	26	2.38e-09
ptg000004l	95.556	45	163268	38027376	26	8.56e-09
ptg000004l	93.750	48	163268	38027376	26	8.56e-09
ptg000004l	100.000	37	163268	38027376	26	1.11e-07
ptg000004l	100.000	37	163268	38027376	26	1.11e-07
ptg000004l	100.000	37	163268	38027376	26	1.11e-07
ptg000004l	86.885	61	163268	38027376	26	1.11e-07
ptg000004l	97.436	39	163268	38027376	26	3.98e-07
ptg000004l	97.436	39	163268	38027376	26	3.98e-07
ptg000004l	87.097	62	163268	38027376	26	1.43e-06
ptg000004l	87.719	57	163268	38027376	26	1.43e-06
ptg000004l	87.719	57	163268	38027376	26	1.43e-06
ptg000004l	82.051	78	163268	38027376	26	1.43e-06
ptg000004l	97.222	36	163268	38027376	26	1.85e-05
ptg000004l	97.222	36	163268	38027376	26	6.66e-05
ptg000004l	100.000	32	163268	38027376	26	6.66e-05
ptg000004l	100.000	32	163268	38027376	26	6.66e-05
ptg000004l	100.000	32	163268	38027376	26	6.66e-05
ptg000004l	100.000	31	163268	38027376	26	2.40e-04
ptg000004l	97.059	34	163268	38027376	26	8.62e-04
ptg000004l	97.059	34	163268	38027376	26	8.62e-04
ptg000004l	100.000	30	163268	38027376	26	8.62e-04
ptg000004l	100.000	30	163268	38027376	26	8.62e-04
ptg000004l	100.000	29	163268	38027376	26	0.003
ptg000013l	93.486	2963	163268	20293496	14	0.0
ptg000013l	93.329	2968	163268	20293496	14	0.0
ptg000013l	98.915	461	163268	20293496	14	0.0
ptg000013l	93.267	505	163268	20293496	14	0.0
ptg000013l	93.699	492	163268	20293496	14	0.0
ptg000013l	93.699	492	163268	20293496	14	0.0
ptg000013l	96.035	454	163268	20293496	14	0.0
ptg000013l	92.673	505	163268	20293496	14	0.0
ptg000013l	97.194	392	163268	20293496	14	0.0
ptg000013l	95.261	422	163268	20293496	14	0.0
ptg000013l	93.694	444	163268	20293496	14	0.0
ptg000013l	96.939	392	163268	20293496	14	0.0
ptg000013l	96.632	386	163268	20293496	14	1.87e-179
ptg000013l	95.190	395	163268	20293496	14	2.44e-173
ptg000013l	98.813	337	163268	20293496	14	8.83e-168
ptg000013l	95.726	351	163268	20293496	14	1.16e-156
ptg000013l	95.442	351	163268	20293496	14	5.39e-155
ptg000013l	91.392	395	163268	20293496	14	4.22e-146
ptg000013l	91.758	364	163268	20293496	14	2.56e-138
ptg000013l	91.758	364	163268	20293496	14	2.56e-138
ptg000013l	91.758	364	163268	20293496	14	2.56e-138
ptg000013l	91.758	364	163268	20293496	14	2.56e-138
ptg000013l	91.758	364	163268	20293496	14	2.56e-138
ptg000013l	91.758	364	163268	20293496	14	2.56e-138
ptg000013l	91.758	364	163268	20293496	14	2.56e-138
ptg000013l	91.758	364	163268	20293496	14	2.56e-138
ptg000013l	91.758	364	163268	20293496	14	2.56e-138
ptg000013l	91.209	364	163268	20293496	14	1.99e-134
ptg000013l	91.209	364	163268	20293496	14	1.99e-134
ptg000013l	91.209	364	163268	20293496	14	1.99e-134
ptg000013l	91.209	364	163268	20293496	14	1.99e-134
ptg000013l	91.209	364	163268	20293496	14	1.99e-134
ptg000013l	91.209	364	163268	20293496	14	1.99e-134
ptg000013l	91.209	364	163268	20293496	14	1.99e-134
ptg000013l	91.209	364	163268	20293496	14	1.99e-134
ptg000013l	91.209	364	163268	20293496	14	1.99e-134
ptg000013l	97.834	277	163268	20293496	14	1.55e-130
ptg000013l	81.198	601	163268	20293496	14	1.22e-121
ptg000013l	84.086	465	163268	20293496	14	7.32e-119
ptg000013l	96.761	247	163268	20293496	14	1.60e-110
ptg000013l	97.881	236	163268	20293496	14	5.74e-110
ptg000013l	97.881	236	163268	20293496	14	5.74e-110
ptg000013l	94.275	262	163268	20293496	14	9.61e-108
ptg000013l	94.275	262	163268	20293496	14	9.61e-108
ptg000013l	84.236	406	163268	20293496	14	7.53e-99
ptg000013l	92.188	256	163268	20293496	14	4.53e-96
ptg000013l	91.453	234	163268	20293496	14	7.70e-84
ptg000013l	97.790	181	163268	20293496	14	1.67e-80
ptg000013l	100.000	158	163268	20293496	14	6.03e-75
ptg000013l	89.427	227	163268	20293496	14	1.01e-72
ptg000013l	93.989	183	163268	20293496	14	1.69e-70
ptg000013l	93.989	183	163268	20293496	14	1.69e-70
ptg000013l	99.270	137	163268	20293496	14	4.76e-61
ptg000013l	97.810	137	163268	20293496	14	2.87e-58
ptg000013l	94.595	148	163268	20293496	14	1.73e-55
ptg000013l	97.037	135	163268	20293496	14	1.73e-55
ptg000013l	96.992	133	163268	20293496	14	2.23e-54
ptg000013l	96.992	133	163268	20293496	14	2.23e-54
ptg000013l	89.143	175	163268	20293496	14	3.74e-52
ptg000013l	95.489	133	163268	20293496	14	4.83e-51
ptg000013l	95.489	133	163268	20293496	14	4.83e-51
ptg000013l	87.234	188	163268	20293496	14	6.25e-50
ptg000013l	86.702	188	163268	20293496	14	2.91e-48
ptg000013l	95.276	127	163268	20293496	14	3.76e-47
ptg000013l	99.099	111	163268	20293496	14	3.76e-47
ptg000013l	98.148	108	163268	20293496	14	8.14e-44
ptg000013l	100.000	101	163268	20293496	14	2.93e-43
ptg000013l	100.000	101	163268	20293496	14	2.93e-43
ptg000013l	93.496	123	163268	20293496	14	1.36e-41
ptg000013l	88.387	155	163268	20293496	14	4.90e-41
ptg000013l	93.966	116	163268	20293496	14	6.34e-40
ptg000013l	93.966	116	163268	20293496	14	6.34e-40
ptg000013l	81.696	224	163268	20293496	14	6.34e-40
ptg000013l	97.087	103	163268	20293496	14	2.28e-39
ptg000013l	92.562	121	163268	20293496	14	2.28e-39
ptg000013l	100.000	92	163268	20293496	14	2.95e-38
ptg000013l	100.000	92	163268	20293496	14	2.95e-38
ptg000013l	93.694	111	163268	20293496	14	1.37e-36
ptg000013l	93.694	111	163268	20293496	14	1.37e-36
ptg000013l	95.146	103	163268	20293496	14	1.78e-35
ptg000013l	91.057	123	163268	20293496	14	1.78e-35
ptg000013l	91.057	123	163268	20293496	14	1.78e-35
ptg000013l	94.175	103	163268	20293496	14	2.30e-34
ptg000013l	94.175	103	163268	20293496	14	2.30e-34
ptg000013l	97.778	90	163268	20293496	14	8.26e-34
ptg000013l	95.745	94	163268	20293496	14	1.07e-32
ptg000013l	100.000	80	163268	20293496	14	1.38e-31
ptg000013l	100.000	80	163268	20293496	14	1.38e-31
ptg000013l	97.647	85	163268	20293496	14	4.97e-31
ptg000013l	97.647	85	163268	20293496	14	4.97e-31
ptg000013l	94.737	95	163268	20293496	14	4.97e-31
ptg000013l	94.737	95	163268	20293496	14	4.97e-31
ptg000013l	100.000	78	163268	20293496	14	1.79e-30
ptg000013l	100.000	78	163268	20293496	14	1.79e-30
ptg000013l	79.111	225	163268	20293496	14	1.79e-30
ptg000013l	94.565	92	163268	20293496	14	6.43e-30
ptg000013l	94.565	92	163268	20293496	14	6.43e-30
ptg000013l	97.531	81	163268	20293496	14	8.32e-29
ptg000013l	100.000	72	163268	20293496	14	3.87e-27
ptg000013l	100.000	72	163268	20293496	14	3.87e-27
ptg000013l	97.403	77	163268	20293496	14	1.39e-26
ptg000013l	97.403	77	163268	20293496	14	1.39e-26
ptg000013l	87.500	120	163268	20293496	14	5.01e-26
ptg000013l	87.500	120	163268	20293496	14	5.01e-26
ptg000013l	92.473	93	163268	20293496	14	5.01e-26
ptg000013l	97.333	75	163268	20293496	14	6.48e-25
ptg000013l	100.000	67	163268	20293496	14	2.33e-24
ptg000013l	97.222	72	163268	20293496	14	8.38e-24
ptg000013l	95.946	74	163268	20293496	14	3.01e-23
ptg000013l	93.750	80	163268	20293496	14	3.01e-23
ptg000013l	91.765	85	163268	20293496	14	1.08e-22
ptg000013l	93.671	79	163268	20293496	14	1.08e-22
ptg000013l	93.590	78	163268	20293496	14	3.90e-22
ptg000013l	90.110	91	163268	20293496	14	3.90e-22
ptg000013l	90.110	91	163268	20293496	14	3.90e-22
ptg000013l	89.888	89	163268	20293496	14	5.04e-21
ptg000013l	89.888	89	163268	20293496	14	5.04e-21
ptg000013l	84.956	113	163268	20293496	14	5.04e-21
ptg000013l	84.956	113	163268	20293496	14	5.04e-21
ptg000013l	100.000	61	163268	20293496	14	5.04e-21
ptg000013l	100.000	61	163268	20293496	14	5.04e-21
ptg000013l	98.413	63	163268	20293496	14	1.81e-20
ptg000013l	98.413	63	163268	20293496	14	1.81e-20
ptg000013l	91.463	82	163268	20293496	14	1.81e-20
ptg000013l	91.463	82	163268	20293496	14	1.81e-20
ptg000013l	87.234	94	163268	20293496	14	2.35e-19
ptg000013l	87.234	94	163268	20293496	14	2.35e-19
ptg000013l	95.522	67	163268	20293496	14	2.35e-19
ptg000013l	95.522	67	163268	20293496	14	2.35e-19
ptg000013l	96.875	64	163268	20293496	14	8.44e-19
ptg000013l	96.875	64	163268	20293496	14	8.44e-19
ptg000013l	93.056	72	163268	20293496	14	3.03e-18
ptg000013l	87.640	89	163268	20293496	14	3.03e-18
ptg000013l	87.640	89	163268	20293496	14	3.03e-18
ptg000013l	96.774	62	163268	20293496	14	3.03e-18
ptg000013l	100.000	55	163268	20293496	14	1.09e-17
ptg000013l	96.721	61	163268	20293496	14	1.09e-17
ptg000013l	100.000	55	163268	20293496	14	1.09e-17
ptg000013l	91.781	73	163268	20293496	14	1.09e-17
ptg000013l	96.667	60	163268	20293496	14	3.93e-17
ptg000013l	93.939	66	163268	20293496	14	3.93e-17
ptg000013l	100.000	53	163268	20293496	14	1.41e-16
ptg000013l	100.000	53	163268	20293496	14	1.41e-16
ptg000013l	100.000	53	163268	20293496	14	1.41e-16
ptg000013l	98.214	56	163268	20293496	14	1.41e-16
ptg000013l	98.214	56	163268	20293496	14	1.41e-16
ptg000013l	95.238	63	163268	20293496	14	1.41e-16
ptg000013l	93.651	63	163268	20293496	14	1.83e-15
ptg000013l	93.651	63	163268	20293496	14	1.83e-15
ptg000013l	98.148	54	163268	20293496	14	1.83e-15
ptg000013l	98.148	54	163268	20293496	14	1.83e-15
ptg000013l	94.915	59	163268	20293496	14	6.57e-15
ptg000013l	94.828	58	163268	20293496	14	2.36e-14
ptg000013l	94.828	58	163268	20293496	14	2.36e-14
ptg000013l	100.000	48	163268	20293496	14	8.50e-14
ptg000013l	91.045	67	163268	20293496	14	8.50e-14
ptg000013l	91.045	67	163268	20293496	14	8.50e-14
ptg000013l	96.296	54	163268	20293496	14	3.06e-13
ptg000013l	98.000	50	163268	20293496	14	3.06e-13
ptg000013l	97.917	48	163268	20293496	14	1.42e-11
ptg000013l	100.000	43	163268	20293496	14	5.11e-11
ptg000013l	100.000	43	163268	20293496	14	5.11e-11
ptg000013l	100.000	43	163268	20293496	14	5.11e-11
ptg000013l	89.552	67	163268	20293496	14	5.11e-11
ptg000013l	88.406	69	163268	20293496	14	5.11e-11
ptg000013l	97.778	45	163268	20293496	14	1.84e-10
ptg000013l	95.833	48	163268	20293496	14	1.84e-10
ptg000013l	97.778	45	163268	20293496	14	1.84e-10
ptg000013l	100.000	41	163268	20293496	14	6.61e-10
ptg000013l	100.000	41	163268	20293496	14	6.61e-10
ptg000013l	97.727	44	163268	20293496	14	6.61e-10
ptg000013l	100.000	39	163268	20293496	14	8.56e-09
ptg000013l	87.692	65	163268	20293496	14	3.08e-08
ptg000013l	95.455	44	163268	20293496	14	3.08e-08
ptg000013l	100.000	38	163268	20293496	14	3.08e-08
ptg000013l	100.000	38	163268	20293496	14	3.08e-08
ptg000013l	100.000	38	163268	20293496	14	3.08e-08
ptg000013l	95.238	42	163268	20293496	14	3.98e-07
ptg000013l	95.238	42	163268	20293496	14	3.98e-07
ptg000013l	91.489	47	163268	20293496	14	1.43e-06
ptg000013l	100.000	35	163268	20293496	14	1.43e-06
ptg000013l	97.368	38	163268	20293496	14	1.43e-06
ptg000013l	100.000	34	163268	20293496	14	5.15e-06
ptg000013l	92.857	42	163268	20293496	14	1.85e-05
ptg000013l	100.000	32	163268	20293496	14	6.66e-05
ptg000013l	100.000	32	163268	20293496	14	6.66e-05
ptg000013l	100.000	31	163268	20293496	14	2.40e-04
ptg000013l	100.000	30	163268	20293496	14	8.62e-04
ptg000013l	100.000	30	163268	20293496	14	8.62e-04
ptg000013l	80.952	84	163268	20293496	14	8.62e-04
ptg000013l	80.952	84	163268	20293496	14	8.62e-04
ptg000013l	100.000	29	163268	20293496	14	0.003
ptg000008l	98.466	2412	163268	41957522	27	0.0
ptg000008l	95.648	988	163268	41957522	27	0.0
ptg000008l	90.901	1099	163268	41957522	27	0.0
ptg000008l	93.538	975	163268	41957522	27	0.0
ptg000008l	97.727	748	163268	41957522	27	0.0
ptg000008l	97.460	748	163268	41957522	27	0.0
ptg000008l	90.395	937	163268	41957522	27	0.0
ptg000008l	98.503	668	163268	41957522	27	0.0
ptg000008l	98.204	668	163268	41957522	27	0.0
ptg000008l	98.483	659	163268	41957522	27	0.0
ptg000008l	98.921	649	163268	41957522	27	0.0
ptg000008l	91.921	755	163268	41957522	27	0.0
ptg000008l	91.160	724	163268	41957522	27	0.0
ptg000008l	91.022	724	163268	41957522	27	0.0
ptg000008l	98.760	484	163268	41957522	27	0.0
ptg000008l	96.296	513	163268	41957522	27	0.0
ptg000008l	92.281	583	163268	41957522	27	0.0
ptg000008l	92.110	583	163268	41957522	27	0.0
ptg000008l	94.877	527	163268	41957522	27	0.0
ptg000008l	97.447	470	163268	41957522	27	0.0
ptg000008l	96.242	479	163268	41957522	27	0.0
ptg000008l	88.399	612	163268	41957522	27	0.0
ptg000008l	95.556	450	163268	41957522	27	0.0
ptg000008l	88.099	605	163268	41957522	27	0.0
ptg000008l	94.495	436	163268	41957522	27	0.0
ptg000008l	91.158	475	163268	41957522	27	5.20e-180
ptg000008l	96.410	390	163268	41957522	27	5.20e-180
ptg000008l	94.524	420	163268	41957522	27	1.87e-179
ptg000008l	99.123	342	163268	41957522	27	1.13e-171
ptg000008l	93.782	386	163268	41957522	27	1.49e-160
ptg000008l	96.034	353	163268	41957522	27	1.92e-159
ptg000008l	93.540	387	163268	41957522	27	6.92e-159
ptg000008l	92.629	407	163268	41957522	27	8.95e-158
ptg000008l	95.808	334	163268	41957522	27	7.02e-149
ptg000008l	95.745	329	163268	41957522	27	4.22e-146
ptg000008l	95.745	329	163268	41957522	27	4.22e-146
ptg000008l	93.785	354	163268	41957522	27	1.97e-144
ptg000008l	97.952	293	163268	41957522	27	7.12e-139
ptg000008l	96.939	294	163268	41957522	27	5.54e-135
ptg000008l	94.754	305	163268	41957522	27	5.58e-130
ptg000008l	94.754	305	163268	41957522	27	2.01e-129
ptg000008l	90.652	353	163268	41957522	27	1.21e-126
ptg000008l	92.593	324	163268	41957522	27	2.02e-124
ptg000008l	92.284	324	163268	41957522	27	3.38e-122
ptg000008l	86.979	384	163268	41957522	27	1.59e-115
ptg000008l	94.545	275	163268	41957522	27	2.05e-114
ptg000008l	95.506	267	163268	41957522	27	2.05e-114
ptg000008l	88.571	350	163268	41957522	27	9.54e-113
ptg000008l	85.610	410	163268	41957522	27	4.44e-111
ptg000008l	98.291	234	163268	41957522	27	1.60e-110
ptg000008l	94.361	266	163268	41957522	27	2.07e-109
ptg000008l	97.447	235	163268	41957522	27	9.61e-108
ptg000008l	94.574	258	163268	41957522	27	3.46e-107
ptg000008l	87.644	348	163268	41957522	27	4.47e-106
ptg000008l	97.009	234	163268	41957522	27	5.78e-105
ptg000008l	96.596	235	163268	41957522	27	2.08e-104
ptg000008l	87.356	348	163268	41957522	27	2.08e-104
ptg000008l	99.078	217	163268	41957522	27	7.48e-104
ptg000008l	96.170	235	163268	41957522	27	9.68e-103
ptg000008l	84.375	416	163268	41957522	27	9.68e-103
ptg000008l	97.333	225	163268	41957522	27	1.25e-101
ptg000008l	98.598	214	163268	41957522	27	4.50e-101
ptg000008l	95.763	236	163268	41957522	27	1.62e-100
ptg000008l	95.319	235	163268	41957522	27	2.09e-99
ptg000008l	93.976	249	163268	41957522	27	2.09e-99
ptg000008l	89.320	309	163268	41957522	27	2.09e-99
ptg000008l	88.889	306	163268	41957522	27	7.53e-99
ptg000008l	96.444	225	163268	41957522	27	9.75e-98
ptg000008l	98.113	212	163268	41957522	27	9.75e-98
ptg000008l	98.113	212	163268	41957522	27	9.75e-98
ptg000008l	95.536	224	163268	41957522	27	5.87e-95
ptg000008l	94.421	233	163268	41957522	27	2.11e-94
ptg000008l	83.541	401	163268	41957522	27	7.59e-94
ptg000008l	96.698	212	163268	41957522	27	2.73e-93
ptg000008l	90.545	275	163268	41957522	27	2.73e-93
ptg000008l	95.392	217	163268	41957522	27	4.57e-91
ptg000008l	85.802	324	163268	41957522	27	5.91e-90
ptg000008l	93.133	233	163268	41957522	27	7.64e-89
ptg000008l	93.013	229	163268	41957522	27	4.60e-86
ptg000008l	95.610	205	163268	41957522	27	4.60e-86
ptg000008l	96.410	195	163268	41957522	27	7.70e-84
ptg000008l	93.119	218	163268	41957522	27	1.67e-80
ptg000008l	91.480	223	163268	41957522	27	7.75e-79
ptg000008l	91.480	223	163268	41957522	27	7.75e-79
ptg000008l	90.171	234	163268	41957522	27	7.75e-79
ptg000008l	100.000	159	163268	41957522	27	1.68e-75
ptg000008l	93.333	195	163268	41957522	27	7.81e-74
ptg000008l	97.590	166	163268	41957522	27	1.01e-72
ptg000008l	97.590	166	163268	41957522	27	1.01e-72
ptg000008l	85.560	277	163268	41957522	27	3.63e-72
ptg000008l	85.560	277	163268	41957522	27	1.31e-71
ptg000008l	96.407	167	163268	41957522	27	6.08e-70
ptg000008l	95.954	173	163268	41957522	27	6.08e-70
ptg000008l	95.954	173	163268	41957522	27	6.08e-70
ptg000008l	93.443	183	163268	41957522	27	2.83e-68
ptg000008l	96.875	160	163268	41957522	27	1.02e-67
ptg000008l	96.875	160	163268	41957522	27	1.02e-67
ptg000008l	86.800	250	163268	41957522	27	1.02e-67
ptg000008l	83.333	300	163268	41957522	27	3.66e-67
ptg000008l	94.220	173	163268	41957522	27	1.32e-66
ptg000008l	94.220	173	163268	41957522	27	1.32e-66
ptg000008l	88.889	216	163268	41957522	27	4.73e-66
ptg000008l	92.391	184	163268	41957522	27	4.73e-66
ptg000008l	97.386	153	163268	41957522	27	1.70e-65
ptg000008l	83.278	299	163268	41957522	27	6.12e-65
ptg000008l	98.639	147	163268	41957522	27	6.12e-65
ptg000008l	97.987	149	163268	41957522	27	6.12e-65
ptg000008l	97.987	149	163268	41957522	27	6.12e-65
ptg000008l	81.875	320	163268	41957522	27	7.92e-64
ptg000008l	96.711	152	163268	41957522	27	3.68e-62
ptg000008l	97.887	142	163268	41957522	27	4.76e-61
ptg000008l	97.887	142	163268	41957522	27	4.76e-61
ptg000008l	97.241	145	163268	41957522	27	4.76e-61
ptg000008l	82.838	303	163268	41957522	27	6.16e-60
ptg000008l	96.575	146	163268	41957522	27	6.16e-60
ptg000008l	93.333	165	163268	41957522	27	6.16e-60
ptg000008l	92.308	169	163268	41957522	27	2.22e-59
ptg000008l	93.333	165	163268	41957522	27	2.22e-59
ptg000008l	97.101	138	163268	41957522	27	3.71e-57
ptg000008l	98.485	132	163268	41957522	27	3.71e-57
ptg000008l	88.119	202	163268	41957522	27	3.71e-57
ptg000008l	87.500	200	163268	41957522	27	4.80e-56
ptg000008l	94.558	147	163268	41957522	27	1.73e-55
ptg000008l	83.154	279	163268	41957522	27	2.23e-54
ptg000008l	96.992	133	163268	41957522	27	2.23e-54
ptg000008l	98.425	127	163268	41957522	27	2.23e-54
ptg000008l	98.425	127	163268	41957522	27	2.23e-54
ptg000008l	96.992	133	163268	41957522	27	8.03e-54
ptg000008l	89.071	183	163268	41957522	27	8.03e-54
ptg000008l	84.956	226	163268	41957522	27	2.89e-53
ptg000008l	86.473	207	163268	41957522	27	3.74e-52
ptg000008l	82.143	280	163268	41957522	27	1.34e-51
ptg000008l	81.000	300	163268	41957522	27	1.34e-51
ptg000008l	81.271	299	163268	41957522	27	4.83e-51
ptg000008l	95.420	131	163268	41957522	27	2.25e-49
ptg000008l	94.118	136	163268	41957522	27	8.09e-49
ptg000008l	90.850	153	163268	41957522	27	2.91e-48
ptg000008l	80.808	297	163268	41957522	27	2.91e-48
ptg000008l	95.200	125	163268	41957522	27	4.87e-46
ptg000008l	99.074	108	163268	41957522	27	1.75e-45
ptg000008l	99.074	108	163268	41957522	27	1.75e-45
ptg000008l	83.981	206	163268	41957522	27	6.30e-45
ptg000008l	89.404	151	163268	41957522	27	8.14e-44
ptg000008l	83.415	205	163268	41957522	27	2.93e-43
ptg000008l	98.095	105	163268	41957522	27	3.79e-42
ptg000008l	94.915	118	163268	41957522	27	3.79e-42
ptg000008l	93.600	125	163268	41957522	27	3.79e-42
ptg000008l	98.980	98	163268	41957522	27	6.34e-40
ptg000008l	89.051	137	163268	41957522	27	1.37e-36
ptg000008l	98.913	92	163268	41957522	27	1.37e-36
ptg000008l	95.960	99	163268	41957522	27	1.78e-35
ptg000008l	95.960	99	163268	41957522	27	1.78e-35
ptg000008l	96.842	95	163268	41957522	27	6.39e-35
ptg000008l	95.876	97	163268	41957522	27	2.30e-34
ptg000008l	96.774	93	163268	41957522	27	8.26e-34
ptg000008l	100.000	84	163268	41957522	27	8.26e-34
ptg000008l	93.269	104	163268	41957522	27	2.97e-33
ptg000008l	98.851	87	163268	41957522	27	2.97e-33
ptg000008l	96.774	93	163268	41957522	27	2.97e-33
ptg000008l	94.059	101	163268	41957522	27	3.84e-32
ptg000008l	95.699	93	163268	41957522	27	3.84e-32
ptg000008l	96.667	90	163268	41957522	27	1.38e-31
ptg000008l	98.795	83	163268	41957522	27	1.38e-31
ptg000008l	98.795	83	163268	41957522	27	1.38e-31
ptg000008l	97.647	85	163268	41957522	27	4.97e-31
ptg000008l	97.647	85	163268	41957522	27	4.97e-31
ptg000008l	92.308	104	163268	41957522	27	4.97e-31
ptg000008l	92.308	104	163268	41957522	27	4.97e-31
ptg000008l	96.552	87	163268	41957522	27	1.79e-30
ptg000008l	96.552	87	163268	41957522	27	1.79e-30
ptg000008l	85.161	155	163268	41957522	27	1.79e-30
ptg000008l	97.619	84	163268	41957522	27	6.43e-30
ptg000008l	96.512	86	163268	41957522	27	6.43e-30
ptg000008l	81.026	195	163268	41957522	27	6.43e-30
ptg000008l	92.079	101	163268	41957522	27	6.43e-30
ptg000008l	92.079	101	163268	41957522	27	6.43e-30
ptg000008l	94.505	91	163268	41957522	27	2.31e-29
ptg000008l	98.718	78	163268	41957522	27	8.32e-29
ptg000008l	84.615	156	163268	41957522	27	8.32e-29
ptg000008l	97.531	81	163268	41957522	27	2.99e-28
ptg000008l	95.349	86	163268	41957522	27	2.99e-28
ptg000008l	95.349	86	163268	41957522	27	2.99e-28
ptg000008l	95.349	86	163268	41957522	27	1.08e-27
ptg000008l	92.632	95	163268	41957522	27	1.08e-27
ptg000008l	100.000	72	163268	41957522	27	3.87e-27
ptg000008l	100.000	72	163268	41957522	27	3.87e-27
ptg000008l	96.250	80	163268	41957522	27	1.39e-26
ptg000008l	95.181	83	163268	41957522	27	1.39e-26
ptg000008l	96.250	80	163268	41957522	27	1.39e-26
ptg000008l	100.000	70	163268	41957522	27	5.01e-26
ptg000008l	97.368	76	163268	41957522	27	5.01e-26
ptg000008l	91.398	93	163268	41957522	27	1.80e-25
ptg000008l	97.297	74	163268	41957522	27	6.48e-25
ptg000008l	92.941	85	163268	41957522	27	2.33e-24
ptg000008l	92.941	85	163268	41957522	27	2.33e-24
ptg000008l	92.941	85	163268	41957522	27	2.33e-24
ptg000008l	100.000	67	163268	41957522	27	2.33e-24
ptg000008l	97.222	72	163268	41957522	27	8.38e-24
ptg000008l	96.000	75	163268	41957522	27	8.38e-24
ptg000008l	92.857	84	163268	41957522	27	8.38e-24
ptg000008l	92.857	84	163268	41957522	27	8.38e-24
ptg000008l	90.217	92	163268	41957522	27	3.01e-23
ptg000008l	90.217	92	163268	41957522	27	3.01e-23
ptg000008l	100.000	64	163268	41957522	27	1.08e-22
ptg000008l	100.000	64	163268	41957522	27	1.08e-22
ptg000008l	98.485	66	163268	41957522	27	3.90e-22
ptg000008l	98.485	66	163268	41957522	27	3.90e-22
ptg000008l	100.000	62	163268	41957522	27	1.40e-21
ptg000008l	100.000	62	163268	41957522	27	1.40e-21
ptg000008l	94.667	75	163268	41957522	27	1.40e-21
ptg000008l	94.667	75	163268	41957522	27	1.40e-21
ptg000008l	87.255	102	163268	41957522	27	1.40e-21
ptg000008l	87.255	102	163268	41957522	27	1.40e-21
ptg000008l	83.846	130	163268	41957522	27	1.40e-21
ptg000008l	95.714	70	163268	41957522	27	5.04e-21
ptg000008l	95.714	70	163268	41957522	27	5.04e-21
ptg000008l	89.773	88	163268	41957522	27	5.04e-21
ptg000008l	96.970	66	163268	41957522	27	1.81e-20
ptg000008l	96.875	64	163268	41957522	27	2.35e-19
ptg000008l	94.203	69	163268	41957522	27	3.03e-18
ptg000008l	94.203	69	163268	41957522	27	3.03e-18
ptg000008l	89.744	78	163268	41957522	27	3.93e-17
ptg000008l	93.846	65	163268	41957522	27	1.41e-16
ptg000008l	93.846	65	163268	41957522	27	1.41e-16
ptg000008l	94.030	67	163268	41957522	27	1.41e-16
ptg000008l	100.000	53	163268	41957522	27	1.41e-16
ptg000008l	88.095	84	163268	41957522	27	5.08e-16
ptg000008l	89.474	76	163268	41957522	27	1.83e-15
ptg000008l	89.474	76	163268	41957522	27	1.83e-15
ptg000008l	89.610	77	163268	41957522	27	1.83e-15
ptg000008l	98.113	53	163268	41957522	27	6.57e-15
ptg000008l	93.548	62	163268	41957522	27	6.57e-15
ptg000008l	94.737	57	163268	41957522	27	8.50e-14
ptg000008l	98.039	51	163268	41957522	27	8.50e-14
ptg000008l	98.039	51	163268	41957522	27	8.50e-14
ptg000008l	85.542	83	163268	41957522	27	1.10e-12
ptg000008l	85.542	83	163268	41957522	27	1.10e-12
ptg000008l	97.917	48	163268	41957522	27	3.95e-12
ptg000008l	85.227	88	163268	41957522	27	3.95e-12
ptg000008l	94.444	54	163268	41957522	27	3.95e-12
ptg000008l	94.444	54	163268	41957522	27	3.95e-12
ptg000008l	96.000	50	163268	41957522	27	1.42e-11
ptg000008l	96.000	50	163268	41957522	27	5.11e-11
ptg000008l	94.231	52	163268	41957522	27	5.11e-11
ptg000008l	94.231	52	163268	41957522	27	5.11e-11
ptg000008l	84.615	78	163268	41957522	27	1.84e-10
ptg000008l	97.727	44	163268	41957522	27	6.61e-10
ptg000008l	100.000	40	163268	41957522	27	2.38e-09
ptg000008l	88.525	61	163268	41957522	27	2.38e-09
ptg000008l	95.556	45	163268	41957522	27	8.56e-09
ptg000008l	95.556	45	163268	41957522	27	8.56e-09
ptg000008l	100.000	39	163268	41957522	27	8.56e-09
ptg000008l	95.556	45	163268	41957522	27	8.56e-09
ptg000008l	95.556	45	163268	41957522	27	8.56e-09
ptg000008l	95.556	45	163268	41957522	27	8.56e-09
ptg000008l	92.308	52	163268	41957522	27	8.56e-09
ptg000008l	97.619	42	163268	41957522	27	8.56e-09
ptg000008l	97.619	42	163268	41957522	27	8.56e-09
ptg000008l	97.619	42	163268	41957522	27	8.56e-09
ptg000008l	95.455	44	163268	41957522	27	1.11e-07
ptg000008l	93.617	47	163268	41957522	27	1.11e-07
ptg000008l	100.000	36	163268	41957522	27	3.98e-07
ptg000008l	93.333	45	163268	41957522	27	3.98e-07
ptg000008l	100.000	35	163268	41957522	27	1.43e-06
ptg000008l	100.000	35	163268	41957522	27	1.43e-06
ptg000008l	100.000	34	163268	41957522	27	5.15e-06
ptg000008l	100.000	34	163268	41957522	27	5.15e-06
ptg000008l	90.000	50	163268	41957522	27	1.85e-05
ptg000008l	100.000	32	163268	41957522	27	6.66e-05
ptg000008l	94.737	38	163268	41957522	27	6.66e-05
ptg000008l	94.737	38	163268	41957522	27	6.66e-05
ptg000008l	97.059	34	163268	41957522	27	2.40e-04
ptg000008l	100.000	30	163268	41957522	27	8.62e-04
ptg000008l	94.286	35	163268	41957522	27	0.003
ptg000008l	94.286	35	163268	41957522	27	0.003
ptg000008l	100.000	28	163268	41957522	27	0.011
ptg000008l	100.000	28	163268	41957522	27	0.011
ptg000008l	100.000	28	163268	41957522	27	0.011
ptg000008l	100.000	28	163268	41957522	27	0.011
ptg000008l	100.000	28	163268	41957522	27	0.011
ptg000008l	100.000	28	163268	41957522	27	0.011
ptg000008l	100.000	28	163268	41957522	27	0.011
ptg000008l	100.000	28	163268	41957522	27	0.011
ptg000026l	93.369	2609	163268	136306	3	0.0
ptg000026l	81.522	552	163268	136306	3	3.43e-112
ptg000026l	74.016	889	163268	136306	3	1.67e-80
ptg000026l	73.903	889	163268	136306	3	7.75e-79
ptg000026l	77.582	455	163268	136306	3	6.21e-55
ptg000026l	91.111	90	163268	136306	3	8.38e-24
ptg000026l	91.111	90	163268	136306	3	8.38e-24
ptg000026l	100.000	43	163268	136306	3	5.11e-11
ptg000042l	99.882	1695	163268	140617	4	0.0
ptg000042l	99.588	1700	163268	140617	4	0.0
ptg000042l	99.607	1019	163268	140617	4	0.0
ptg000042l	95.010	501	163268	140617	4	0.0
ptg000042l	74.016	889	163268	140617	4	1.67e-80
ptg000042l	74.016	889	163268	140617	4	1.67e-80
ptg000042l	73.903	889	163268	140617	4	7.75e-79
ptg000042l	73.903	889	163268	140617	4	7.75e-79
ptg000001l	96.053	1900	163268	45651274	33	0.0
ptg000001l	90.702	1624	163268	45651274	33	0.0
ptg000001l	90.456	1624	163268	45651274	33	0.0
ptg000001l	90.374	1631	163268	45651274	33	0.0
ptg000001l	90.166	1627	163268	45651274	33	0.0
ptg000001l	85.526	1893	163268	45651274	33	0.0
ptg000001l	93.448	1282	163268	45651274	33	0.0
ptg000001l	93.664	1089	163268	45651274	33	0.0
ptg000001l	98.458	908	163268	45651274	33	0.0
ptg000001l	84.218	1489	163268	45651274	33	0.0
ptg000001l	91.767	911	163268	45651274	33	0.0
ptg000001l	88.683	972	163268	45651274	33	0.0
ptg000001l	87.831	830	163268	45651274	33	0.0
ptg000001l	98.282	524	163268	45651274	33	0.0
ptg000001l	83.914	976	163268	45651274	33	0.0
ptg000001l	97.353	529	163268	45651274	33	0.0
ptg000001l	98.734	474	163268	45651274	33	0.0
ptg000001l	91.928	607	163268	45651274	33	0.0
ptg000001l	89.513	677	163268	45651274	33	0.0
ptg000001l	82.428	1013	163268	45651274	33	0.0
ptg000001l	96.694	484	163268	45651274	33	0.0
ptg000001l	95.736	469	163268	45651274	33	0.0
ptg000001l	95.127	472	163268	45651274	33	0.0
ptg000001l	97.122	417	163268	45651274	33	0.0
ptg000001l	99.739	383	163268	45651274	33	0.0
ptg000001l	87.542	594	163268	45651274	33	0.0
ptg000001l	83.176	743	163268	45651274	33	0.0
ptg000001l	83.176	743	163268	45651274	33	0.0
ptg000001l	95.377	411	163268	45651274	33	0.0
ptg000001l	95.377	411	163268	45651274	33	0.0
ptg000001l	96.783	373	163268	45651274	33	1.88e-174
ptg000001l	96.694	363	163268	45651274	33	6.82e-169
ptg000001l	85.666	586	163268	45651274	33	8.83e-168
ptg000001l	92.875	407	163268	45651274	33	1.91e-164
ptg000001l	97.674	344	163268	45651274	33	6.87e-164
ptg000001l	97.674	344	163268	45651274	33	6.87e-164
ptg000001l	92.195	410	163268	45651274	33	5.35e-160
ptg000001l	97.583	331	163268	45651274	33	8.95e-158
ptg000001l	93.023	387	163268	45651274	33	1.94e-154
ptg000001l	91.584	404	163268	45651274	33	1.94e-154
ptg000001l	91.358	405	163268	45651274	33	2.51e-153
ptg000001l	97.492	319	163268	45651274	33	5.43e-150
ptg000001l	93.478	368	163268	45651274	33	7.02e-149
ptg000001l	94.493	345	163268	45651274	33	4.22e-146
ptg000001l	99.315	292	163268	45651274	33	4.22e-146
ptg000001l	97.720	307	163268	45651274	33	4.22e-146
ptg000001l	97.394	307	163268	45651274	33	7.07e-144
ptg000001l	87.746	457	163268	45651274	33	4.25e-141
ptg000001l	87.527	457	163268	45651274	33	7.12e-139
ptg000001l	91.870	369	163268	45651274	33	2.56e-138
ptg000001l	96.678	301	163268	45651274	33	9.21e-138
ptg000001l	97.552	286	163268	45651274	33	1.99e-134
ptg000001l	95.469	309	163268	45651274	33	7.17e-134
ptg000001l	96.284	296	163268	45651274	33	3.34e-132
ptg000001l	96.284	296	163268	45651274	33	3.34e-132
ptg000001l	82.975	558	163268	45651274	33	1.55e-130
ptg000001l	82.655	565	163268	45651274	33	5.58e-130
ptg000001l	97.802	273	163268	45651274	33	7.22e-129
ptg000001l	91.738	351	163268	45651274	33	2.60e-128
ptg000001l	96.479	284	163268	45651274	33	9.34e-128
ptg000001l	95.270	296	163268	45651274	33	3.36e-127
ptg000001l	95.270	296	163268	45651274	33	3.36e-127
ptg000001l	87.321	418	163268	45651274	33	1.21e-126
ptg000001l	94.881	293	163268	45651274	33	7.27e-124
ptg000001l	94.881	293	163268	45651274	33	7.27e-124
ptg000001l	93.569	311	163268	45651274	33	9.41e-123
ptg000001l	93.811	307	163268	45651274	33	1.22e-121
ptg000001l	88.705	363	163268	45651274	33	5.66e-120
ptg000001l	88.705	363	163268	45651274	33	5.66e-120
ptg000001l	98.785	247	163268	45651274	33	2.04e-119
ptg000001l	87.342	395	163268	45651274	33	2.63e-118
ptg000001l	98.381	247	163268	45651274	33	3.41e-117
ptg000001l	87.000	400	163268	45651274	33	1.23e-116
ptg000001l	87.927	381	163268	45651274	33	1.59e-115
ptg000001l	95.167	269	163268	45651274	33	9.54e-113
ptg000001l	89.254	335	163268	45651274	33	9.54e-113
ptg000001l	89.254	335	163268	45651274	33	9.54e-113
ptg000001l	88.493	365	163268	45651274	33	1.23e-111
ptg000001l	99.123	228	163268	45651274	33	5.74e-110
ptg000001l	87.568	370	163268	45651274	33	4.47e-106
ptg000001l	86.339	366	163268	45651274	33	2.08e-104
ptg000001l	86.339	366	163268	45651274	33	2.08e-104
ptg000001l	94.758	248	163268	45651274	33	9.68e-103
ptg000001l	94.758	248	163268	45651274	33	9.68e-103
ptg000001l	95.062	243	163268	45651274	33	3.48e-102
ptg000001l	86.022	372	163268	45651274	33	3.48e-102
ptg000001l	96.943	229	163268	45651274	33	3.48e-102
ptg000001l	95.041	242	163268	45651274	33	1.25e-101
ptg000001l	88.218	331	163268	45651274	33	1.62e-100
ptg000001l	96.507	229	163268	45651274	33	1.62e-100
ptg000001l	95.000	240	163268	45651274	33	5.82e-100
ptg000001l	94.583	240	163268	45651274	33	9.75e-98
ptg000001l	91.698	265	163268	45651274	33	1.63e-95
ptg000001l	90.706	269	163268	45651274	33	2.73e-93
ptg000001l	94.043	235	163268	45651274	33	3.53e-92
ptg000001l	95.413	218	163268	45651274	33	1.27e-91
ptg000001l	96.226	212	163268	45651274	33	4.57e-91
ptg000001l	95.000	220	163268	45651274	33	4.57e-91
ptg000001l	90.335	269	163268	45651274	33	4.57e-91
ptg000001l	95.755	212	163268	45651274	33	2.12e-89
ptg000001l	94.545	220	163268	45651274	33	7.64e-89
ptg000001l	96.970	198	163268	45651274	33	3.56e-87
ptg000001l	92.766	235	163268	45651274	33	4.60e-86
ptg000001l	96.059	203	163268	45651274	33	4.60e-86
ptg000001l	98.387	186	163268	45651274	33	1.65e-85
ptg000001l	94.419	215	163268	45651274	33	1.65e-85
ptg000001l	94.419	215	163268	45651274	33	5.95e-85
ptg000001l	96.000	200	163268	45651274	33	2.14e-84
ptg000001l	95.098	204	163268	45651274	33	7.70e-84
ptg000001l	80.583	412	163268	45651274	33	5.99e-80
ptg000001l	80.583	412	163268	45651274	33	5.99e-80
ptg000001l	90.377	239	163268	45651274	33	5.99e-80
ptg000001l	84.639	319	163268	45651274	33	7.75e-79
ptg000001l	96.257	187	163268	45651274	33	7.75e-79
ptg000001l	96.257	187	163268	45651274	33	7.75e-79
ptg000001l	93.627	204	163268	45651274	33	2.79e-78
ptg000001l	98.246	171	163268	45651274	33	3.61e-77
ptg000001l	83.692	325	163268	45651274	33	1.30e-76
ptg000001l	92.823	209	163268	45651274	33	1.30e-76
ptg000001l	83.082	331	163268	45651274	33	2.17e-74
ptg000001l	97.076	171	163268	45651274	33	2.81e-73
ptg000001l	97.024	168	163268	45651274	33	3.63e-72
ptg000001l	92.424	198	163268	45651274	33	4.70e-71
ptg000001l	87.200	250	163268	45651274	33	4.70e-71
ptg000001l	89.908	218	163268	45651274	33	6.08e-70
ptg000001l	98.701	154	163268	45651274	33	2.19e-69
ptg000001l	98.701	154	163268	45651274	33	2.19e-69
ptg000001l	96.319	163	163268	45651274	33	1.02e-67
ptg000001l	85.000	280	163268	45651274	33	3.66e-67
ptg000001l	97.436	156	163268	45651274	33	3.66e-67
ptg000001l	97.436	156	163268	45651274	33	3.66e-67
ptg000001l	96.250	160	163268	45651274	33	4.73e-66
ptg000001l	96.250	160	163268	45651274	33	4.73e-66
ptg000001l	78.144	485	163268	45651274	33	1.70e-65
ptg000001l	96.774	155	163268	45651274	33	6.12e-65
ptg000001l	84.752	282	163268	45651274	33	6.12e-65
ptg000001l	85.714	252	163268	45651274	33	2.20e-64
ptg000001l	90.500	200	163268	45651274	33	7.92e-64
ptg000001l	94.512	164	163268	45651274	33	2.85e-63
ptg000001l	94.512	164	163268	45651274	33	2.85e-63
ptg000001l	99.270	137	163268	45651274	33	1.32e-61
ptg000001l	100.000	132	163268	45651274	33	1.71e-60
ptg000001l	100.000	130	163268	45651274	33	2.22e-59
ptg000001l	95.333	150	163268	45651274	33	2.87e-58
ptg000001l	95.890	146	163268	45651274	33	1.03e-57
ptg000001l	98.485	132	163268	45651274	33	3.71e-57
ptg000001l	90.608	181	163268	45651274	33	1.33e-56
ptg000001l	92.547	161	163268	45651274	33	1.33e-56
ptg000001l	97.080	137	163268	45651274	33	1.33e-56
ptg000001l	99.213	127	163268	45651274	33	4.80e-56
ptg000001l	99.213	127	163268	45651274	33	4.80e-56
ptg000001l	94.667	150	163268	45651274	33	4.80e-56
ptg000001l	97.710	131	163268	45651274	33	6.21e-55
ptg000001l	97.710	131	163268	45651274	33	6.21e-55
ptg000001l	99.180	122	163268	45651274	33	2.89e-53
ptg000001l	89.503	181	163268	45651274	33	1.04e-52
ptg000001l	85.116	215	163268	45651274	33	1.04e-52
ptg000001l	85.116	215	163268	45651274	33	1.04e-52
ptg000001l	96.154	130	163268	45651274	33	4.83e-51
ptg000001l	96.154	130	163268	45651274	33	4.83e-51
ptg000001l	96.154	130	163268	45651274	33	1.74e-50
ptg000001l	90.184	163	163268	45651274	33	1.74e-50
ptg000001l	90.184	163	163268	45651274	33	1.74e-50
ptg000001l	90.184	163	163268	45651274	33	1.74e-50
ptg000001l	86.190	210	163268	45651274	33	2.25e-49
ptg000001l	97.521	121	163268	45651274	33	8.09e-49
ptg000001l	95.349	129	163268	45651274	33	2.91e-48
ptg000001l	94.737	133	163268	45651274	33	2.91e-48
ptg000001l	95.935	123	163268	45651274	33	3.76e-47
ptg000001l	96.000	125	163268	45651274	33	3.76e-47
ptg000001l	96.667	120	163268	45651274	33	3.76e-47
ptg000001l	96.667	120	163268	45651274	33	3.76e-47
ptg000001l	93.985	133	163268	45651274	33	1.35e-46
ptg000001l	95.238	126	163268	45651274	33	1.35e-46
ptg000001l	96.581	117	163268	45651274	33	1.75e-45
ptg000001l	96.581	117	163268	45651274	33	1.75e-45
ptg000001l	94.444	126	163268	45651274	33	6.30e-45
ptg000001l	94.444	126	163268	45651274	33	6.30e-45
ptg000001l	96.522	115	163268	45651274	33	2.26e-44
ptg000001l	96.522	115	163268	45651274	33	2.26e-44
ptg000001l	95.041	121	163268	45651274	33	2.26e-44
ptg000001l	92.143	140	163268	45651274	33	8.14e-44
ptg000001l	97.273	110	163268	45651274	33	2.93e-43
ptg000001l	97.273	110	163268	45651274	33	2.93e-43
ptg000001l	95.726	117	163268	45651274	33	2.93e-43
ptg000001l	95.041	121	163268	45651274	33	2.93e-43
ptg000001l	99.038	104	163268	45651274	33	2.93e-43
ptg000001l	99.038	104	163268	45651274	33	2.93e-43
ptg000001l	83.732	209	163268	45651274	33	1.05e-42
ptg000001l	94.215	121	163268	45651274	33	1.36e-41
ptg000001l	94.118	119	163268	45651274	33	1.36e-41
ptg000001l	89.510	143	163268	45651274	33	1.36e-41
ptg000001l	94.872	117	163268	45651274	33	1.36e-41
ptg000001l	98.058	103	163268	45651274	33	4.90e-41
ptg000001l	94.872	117	163268	45651274	33	4.90e-41
ptg000001l	84.699	183	163268	45651274	33	1.76e-40
ptg000001l	95.536	112	163268	45651274	33	1.76e-40
ptg000001l	88.811	143	163268	45651274	33	2.28e-39
ptg000001l	88.811	143	163268	45651274	33	2.28e-39
ptg000001l	90.152	132	163268	45651274	33	2.95e-38
ptg000001l	90.152	132	163268	45651274	33	2.95e-38
ptg000001l	95.370	108	163268	45651274	33	2.95e-38
ptg000001l	89.051	137	163268	45651274	33	2.95e-38
ptg000001l	88.112	143	163268	45651274	33	2.95e-38
ptg000001l	95.283	106	163268	45651274	33	1.06e-37
ptg000001l	95.283	106	163268	45651274	33	1.06e-37
ptg000001l	97.938	97	163268	45651274	33	3.82e-37
ptg000001l	100.000	88	163268	45651274	33	4.94e-36
ptg000001l	86.395	147	163268	45651274	33	1.78e-35
ptg000001l	100.000	87	163268	45651274	33	1.78e-35
ptg000001l	94.340	106	163268	45651274	33	1.78e-35
ptg000001l	94.340	106	163268	45651274	33	1.78e-35
ptg000001l	88.550	131	163268	45651274	33	6.39e-35
ptg000001l	97.826	92	163268	45651274	33	6.39e-35
ptg000001l	93.519	108	163268	45651274	33	6.39e-35
ptg000001l	93.519	108	163268	45651274	33	6.39e-35
ptg000001l	92.727	110	163268	45651274	33	2.30e-34
ptg000001l	92.727	110	163268	45651274	33	2.30e-34
ptg000001l	95.876	97	163268	45651274	33	2.30e-34
ptg000001l	94.059	101	163268	45651274	33	2.97e-33
ptg000001l	89.344	122	163268	45651274	33	2.97e-33
ptg000001l	85.235	149	163268	45651274	33	1.07e-32
ptg000001l	97.727	88	163268	45651274	33	3.84e-32
ptg000001l	94.845	97	163268	45651274	33	3.84e-32
ptg000001l	97.701	87	163268	45651274	33	1.38e-31
ptg000001l	89.167	120	163268	45651274	33	1.38e-31
ptg000001l	93.069	101	163268	45651274	33	4.97e-31
ptg000001l	89.565	115	163268	45651274	33	4.97e-31
ptg000001l	89.565	115	163268	45651274	33	4.97e-31
ptg000001l	90.435	115	163268	45651274	33	4.97e-31
ptg000001l	100.000	78	163268	45651274	33	1.79e-30
ptg000001l	100.000	78	163268	45651274	33	1.79e-30
ptg000001l	96.552	87	163268	45651274	33	1.79e-30
ptg000001l	97.619	84	163268	45651274	33	6.43e-30
ptg000001l	95.506	89	163268	45651274	33	6.43e-30
ptg000001l	100.000	76	163268	45651274	33	2.31e-29
ptg000001l	95.455	88	163268	45651274	33	2.31e-29
ptg000001l	95.455	88	163268	45651274	33	2.31e-29
ptg000001l	78.995	219	163268	45651274	33	8.32e-29
ptg000001l	78.995	219	163268	45651274	33	8.32e-29
ptg000001l	93.617	94	163268	45651274	33	8.32e-29
ptg000001l	97.500	80	163268	45651274	33	2.99e-28
ptg000001l	97.500	80	163268	45651274	33	2.99e-28
ptg000001l	77.352	287	163268	45651274	33	2.99e-28
ptg000001l	95.294	85	163268	45651274	33	1.08e-27
ptg000001l	95.294	85	163268	45651274	33	1.08e-27
ptg000001l	97.468	79	163268	45651274	33	1.08e-27
ptg000001l	94.382	89	163268	45651274	33	1.08e-27
ptg000001l	90.816	98	163268	45651274	33	1.39e-26
ptg000001l	90.816	98	163268	45651274	33	1.39e-26
ptg000001l	95.238	84	163268	45651274	33	1.39e-26
ptg000001l	95.238	84	163268	45651274	33	1.39e-26
ptg000001l	96.250	80	163268	45651274	33	1.39e-26
ptg000001l	96.250	80	163268	45651274	33	1.39e-26
ptg000001l	98.649	74	163268	45651274	33	1.39e-26
ptg000001l	98.649	74	163268	45651274	33	1.39e-26
ptg000001l	100.000	71	163268	45651274	33	1.39e-26
ptg000001l	95.181	83	163268	45651274	33	1.39e-26
ptg000001l	95.122	82	163268	45651274	33	5.01e-26
ptg000001l	98.630	73	163268	45651274	33	5.01e-26
ptg000001l	98.630	73	163268	45651274	33	5.01e-26
ptg000001l	97.368	76	163268	45651274	33	5.01e-26
ptg000001l	97.368	76	163268	45651274	33	5.01e-26
ptg000001l	97.333	75	163268	45651274	33	1.80e-25
ptg000001l	85.000	140	163268	45651274	33	1.80e-25
ptg000001l	76.655	287	163268	45651274	33	6.48e-25
ptg000001l	86.555	119	163268	45651274	33	6.48e-25
ptg000001l	86.555	119	163268	45651274	33	6.48e-25
ptg000001l	100.000	67	163268	45651274	33	2.33e-24
ptg000001l	98.551	69	163268	45651274	33	8.38e-24
ptg000001l	98.551	69	163268	45651274	33	8.38e-24
ptg000001l	91.209	91	163268	45651274	33	8.38e-24
ptg000001l	98.551	69	163268	45651274	33	3.01e-23
ptg000001l	94.805	77	163268	45651274	33	3.01e-23
ptg000001l	98.529	68	163268	45651274	33	3.01e-23
ptg000001l	98.529	68	163268	45651274	33	3.01e-23
ptg000001l	98.529	68	163268	45651274	33	3.01e-23
ptg000001l	98.507	67	163268	45651274	33	1.08e-22
ptg000001l	98.507	67	163268	45651274	33	1.08e-22
ptg000001l	97.183	71	163268	45651274	33	1.08e-22
ptg000001l	97.183	71	163268	45651274	33	1.08e-22
ptg000001l	100.000	63	163268	45651274	33	3.90e-22
ptg000001l	100.000	63	163268	45651274	33	3.90e-22
ptg000001l	98.507	67	163268	45651274	33	3.90e-22
ptg000001l	82.237	152	163268	45651274	33	3.90e-22
ptg000001l	100.000	62	163268	45651274	33	1.40e-21
ptg000001l	100.000	62	163268	45651274	33	1.40e-21
ptg000001l	100.000	62	163268	45651274	33	1.40e-21
ptg000001l	98.462	65	163268	45651274	33	1.40e-21
ptg000001l	98.462	65	163268	45651274	33	1.40e-21
ptg000001l	98.438	64	163268	45651274	33	5.04e-21
ptg000001l	100.000	61	163268	45651274	33	5.04e-21
ptg000001l	100.000	61	163268	45651274	33	5.04e-21
ptg000001l	98.438	64	163268	45651274	33	5.04e-21
ptg000001l	98.438	64	163268	45651274	33	5.04e-21
ptg000001l	95.775	71	163268	45651274	33	5.04e-21
ptg000001l	88.421	95	163268	45651274	33	1.81e-20
ptg000001l	95.652	69	163268	45651274	33	1.81e-20
ptg000001l	95.652	69	163268	45651274	33	1.81e-20
ptg000001l	98.413	63	163268	45651274	33	1.81e-20
ptg000001l	98.413	63	163268	45651274	33	1.81e-20
ptg000001l	100.000	59	163268	45651274	33	6.52e-20
ptg000001l	100.000	59	163268	45651274	33	6.52e-20
ptg000001l	98.413	63	163268	45651274	33	6.52e-20
ptg000001l	95.522	67	163268	45651274	33	2.35e-19
ptg000001l	93.243	74	163268	45651274	33	2.35e-19
ptg000001l	98.333	60	163268	45651274	33	8.44e-19
ptg000001l	98.333	60	163268	45651274	33	8.44e-19
ptg000001l	94.203	69	163268	45651274	33	8.44e-19
ptg000001l	94.203	69	163268	45651274	33	8.44e-19
ptg000001l	95.455	66	163268	45651274	33	8.44e-19
ptg000001l	95.455	66	163268	45651274	33	8.44e-19
ptg000001l	95.455	66	163268	45651274	33	8.44e-19
ptg000001l	95.455	66	163268	45651274	33	8.44e-19
ptg000001l	95.455	66	163268	45651274	33	8.44e-19
ptg000001l	95.455	66	163268	45651274	33	8.44e-19
ptg000001l	88.636	88	163268	45651274	33	8.44e-19
ptg000001l	88.636	88	163268	45651274	33	8.44e-19
ptg000001l	80.392	153	163268	45651274	33	1.09e-17
ptg000001l	80.392	153	163268	45651274	33	1.09e-17
ptg000001l	92.857	70	163268	45651274	33	1.09e-17
ptg000001l	94.030	67	163268	45651274	33	1.09e-17
ptg000001l	90.667	75	163268	45651274	33	3.93e-17
ptg000001l	95.238	63	163268	45651274	33	3.93e-17
ptg000001l	95.238	63	163268	45651274	33	3.93e-17
ptg000001l	94.030	67	163268	45651274	33	1.41e-16
ptg000001l	96.610	59	163268	45651274	33	1.41e-16
ptg000001l	95.161	62	163268	45651274	33	1.41e-16
ptg000001l	95.161	62	163268	45651274	33	1.41e-16
ptg000001l	96.610	59	163268	45651274	33	1.41e-16
ptg000001l	96.610	59	163268	45651274	33	1.41e-16
ptg000001l	96.610	59	163268	45651274	33	5.08e-16
ptg000001l	83.784	111	163268	45651274	33	5.08e-16
ptg000001l	98.214	56	163268	45651274	33	5.08e-16
ptg000001l	98.148	54	163268	45651274	33	1.83e-15
ptg000001l	98.148	54	163268	45651274	33	1.83e-15
ptg000001l	88.462	78	163268	45651274	33	1.83e-15
ptg000001l	88.462	78	163268	45651274	33	1.83e-15
ptg000001l	91.429	70	163268	45651274	33	1.83e-15
ptg000001l	98.113	53	163268	45651274	33	6.57e-15
ptg000001l	95.000	60	163268	45651274	33	6.57e-15
ptg000001l	95.000	60	163268	45651274	33	6.57e-15
ptg000001l	96.491	57	163268	45651274	33	6.57e-15
ptg000001l	96.491	57	163268	45651274	33	6.57e-15
ptg000001l	96.296	54	163268	45651274	33	8.50e-14
ptg000001l	93.220	59	163268	45651274	33	3.06e-13
ptg000001l	90.769	65	163268	45651274	33	3.06e-13
ptg000001l	90.769	65	163268	45651274	33	3.06e-13
ptg000001l	100.000	46	163268	45651274	33	1.10e-12
ptg000001l	100.000	46	163268	45651274	33	1.10e-12
ptg000001l	100.000	46	163268	45651274	33	1.10e-12
ptg000001l	97.959	49	163268	45651274	33	1.10e-12
ptg000001l	97.959	49	163268	45651274	33	1.10e-12
ptg000001l	97.959	49	163268	45651274	33	1.10e-12
ptg000001l	92.982	57	163268	45651274	33	3.95e-12
ptg000001l	97.917	48	163268	45651274	33	3.95e-12
ptg000001l	100.000	44	163268	45651274	33	1.42e-11
ptg000001l	97.872	47	163268	45651274	33	1.42e-11
ptg000001l	92.857	56	163268	45651274	33	1.42e-11
ptg000001l	92.857	56	163268	45651274	33	1.42e-11
ptg000001l	97.826	46	163268	45651274	33	5.11e-11
ptg000001l	100.000	43	163268	45651274	33	5.11e-11
ptg000001l	100.000	42	163268	45651274	33	1.84e-10
ptg000001l	100.000	42	163268	45651274	33	1.84e-10
ptg000001l	95.745	47	163268	45651274	33	6.61e-10
ptg000001l	93.878	49	163268	45651274	33	2.38e-09
ptg000001l	93.878	49	163268	45651274	33	2.38e-09
ptg000001l	97.674	43	163268	45651274	33	2.38e-09
ptg000001l	100.000	39	163268	45651274	33	8.56e-09
ptg000001l	88.710	62	163268	45651274	33	8.56e-09
ptg000001l	100.000	39	163268	45651274	33	8.56e-09
ptg000001l	100.000	39	163268	45651274	33	8.56e-09
ptg000001l	91.071	56	163268	45651274	33	8.56e-09
ptg000001l	91.071	56	163268	45651274	33	8.56e-09
ptg000001l	97.561	41	163268	45651274	33	3.08e-08
ptg000001l	97.561	41	163268	45651274	33	3.08e-08
ptg000001l	93.617	47	163268	45651274	33	3.08e-08
ptg000001l	100.000	38	163268	45651274	33	3.08e-08
ptg000001l	97.561	41	163268	45651274	33	3.08e-08
ptg000001l	97.561	41	163268	45651274	33	3.08e-08
ptg000001l	97.436	39	163268	45651274	33	3.98e-07
ptg000001l	91.837	49	163268	45651274	33	3.98e-07
ptg000001l	100.000	36	163268	45651274	33	3.98e-07
ptg000001l	100.000	36	163268	45651274	33	3.98e-07
ptg000001l	97.368	38	163268	45651274	33	1.43e-06
ptg000001l	97.368	38	163268	45651274	33	1.43e-06
ptg000001l	100.000	35	163268	45651274	33	1.43e-06
ptg000001l	100.000	35	163268	45651274	33	1.43e-06
ptg000001l	87.719	57	163268	45651274	33	1.43e-06
ptg000001l	87.719	57	163268	45651274	33	1.43e-06
ptg000001l	87.719	57	163268	45651274	33	1.43e-06
ptg000001l	87.719	57	163268	45651274	33	1.43e-06
ptg000001l	87.719	57	163268	45651274	33	1.43e-06
ptg000001l	87.719	57	163268	45651274	33	1.43e-06
ptg000001l	87.719	57	163268	45651274	33	1.43e-06
ptg000001l	87.719	57	163268	45651274	33	1.43e-06
ptg000001l	100.000	34	163268	45651274	33	5.15e-06
ptg000001l	93.023	43	163268	45651274	33	5.15e-06
ptg000001l	93.023	43	163268	45651274	33	5.15e-06
ptg000001l	100.000	33	163268	45651274	33	1.85e-05
ptg000001l	100.000	33	163268	45651274	33	1.85e-05
ptg000001l	100.000	33	163268	45651274	33	1.85e-05
ptg000001l	97.222	36	163268	45651274	33	1.85e-05
ptg000001l	97.222	36	163268	45651274	33	6.66e-05
ptg000001l	100.000	32	163268	45651274	33	6.66e-05
ptg000001l	97.143	35	163268	45651274	33	6.66e-05
ptg000001l	100.000	32	163268	45651274	33	6.66e-05
ptg000001l	100.000	32	163268	45651274	33	6.66e-05
ptg000001l	100.000	32	163268	45651274	33	6.66e-05
ptg000001l	85.965	57	163268	45651274	33	6.66e-05
ptg000001l	85.965	57	163268	45651274	33	6.66e-05
ptg000001l	89.583	48	163268	45651274	33	6.66e-05
ptg000001l	89.583	48	163268	45651274	33	6.66e-05
ptg000001l	91.111	45	163268	45651274	33	6.66e-05
ptg000001l	100.000	31	163268	45651274	33	2.40e-04
ptg000001l	100.000	31	163268	45651274	33	2.40e-04
ptg000001l	94.595	37	163268	45651274	33	8.62e-04
ptg000001l	92.308	39	163268	45651274	33	0.003
ptg000001l	100.000	29	163268	45651274	33	0.003
ptg000001l	100.000	29	163268	45651274	33	0.003
ptg000001l	90.476	42	163268	45651274	33	0.003
ptg000001l	100.000	29	163268	45651274	33	0.003
ptg000001l	100.000	28	163268	45651274	33	0.011
ptg000006l	98.193	1328	163268	38521672	26	0.0
ptg000006l	94.966	894	163268	38521672	26	0.0
ptg000006l	87.670	957	163268	38521672	26	0.0
ptg000006l	94.940	672	163268	38521672	26	0.0
ptg000006l	94.940	672	163268	38521672	26	0.0
ptg000006l	87.134	785	163268	38521672	26	0.0
ptg000006l	88.123	682	163268	38521672	26	0.0
ptg000006l	87.612	670	163268	38521672	26	0.0
ptg000006l	87.612	670	163268	38521672	26	0.0
ptg000006l	97.748	444	163268	38521672	26	0.0
ptg000006l	99.017	407	163268	38521672	26	0.0
ptg000006l	98.533	409	163268	38521672	26	0.0
ptg000006l	92.629	502	163268	38521672	26	0.0
ptg000006l	95.739	399	163268	38521672	26	5.20e-180
ptg000006l	92.308	442	163268	38521672	26	1.46e-175
ptg000006l	92.308	442	163268	38521672	26	1.46e-175
ptg000006l	99.135	347	163268	38521672	26	1.88e-174
ptg000006l	99.135	347	163268	38521672	26	1.88e-174
ptg000006l	91.216	444	163268	38521672	26	6.82e-169
ptg000006l	92.995	414	163268	38521672	26	6.82e-169
ptg000006l	95.288	382	163268	38521672	26	2.45e-168
ptg000006l	95.288	382	163268	38521672	26	2.45e-168
ptg000006l	92.754	414	163268	38521672	26	1.14e-166
ptg000006l	97.500	320	163268	38521672	26	1.17e-151
ptg000006l	97.500	320	163268	38521672	26	1.17e-151
ptg000006l	85.929	533	163268	38521672	26	5.46e-145
ptg000006l	98.299	294	163268	38521672	26	3.29e-142
ptg000006l	92.647	340	163268	38521672	26	9.27e-133
ptg000006l	98.162	272	163268	38521672	26	5.58e-130
ptg000006l	91.011	356	163268	38521672	26	2.01e-129
ptg000006l	95.302	298	163268	38521672	26	7.22e-129
ptg000006l	84.177	474	163268	38521672	26	5.62e-125
ptg000006l	93.146	321	163268	38521672	26	5.62e-125
ptg000006l	94.737	285	163268	38521672	26	1.57e-120
ptg000006l	94.737	285	163268	38521672	26	1.57e-120
ptg000006l	92.284	324	163268	38521672	26	1.57e-120
ptg000006l	99.583	240	163268	38521672	26	7.32e-119
ptg000006l	99.583	240	163268	38521672	26	7.32e-119
ptg000006l	87.402	381	163268	38521672	26	2.63e-118
ptg000006l	96.552	261	163268	38521672	26	3.41e-117
ptg000006l	96.552	261	163268	38521672	26	3.41e-117
ptg000006l	96.525	259	163268	38521672	26	4.41e-116
ptg000006l	92.708	288	163268	38521672	26	3.43e-112
ptg000006l	97.917	240	163268	38521672	26	1.23e-111
ptg000006l	79.732	597	163268	38521672	26	4.44e-111
ptg000006l	89.634	328	163268	38521672	26	1.60e-110
ptg000006l	95.437	263	163268	38521672	26	1.60e-110
ptg000006l	83.333	462	163268	38521672	26	7.43e-109
ptg000006l	94.942	257	163268	38521672	26	3.46e-107
ptg000006l	89.024	328	163268	38521672	26	1.24e-106
ptg000006l	93.657	268	163268	38521672	26	1.61e-105
ptg000006l	99.070	215	163268	38521672	26	2.69e-103
ptg000006l	98.605	215	163268	38521672	26	4.50e-101
ptg000006l	97.309	223	163268	38521672	26	1.62e-100
ptg000006l	97.321	224	163268	38521672	26	1.62e-100
ptg000006l	92.969	256	163268	38521672	26	2.71e-98
ptg000006l	89.735	302	163268	38521672	26	2.71e-98
ptg000006l	92.578	256	163268	38521672	26	1.26e-96
ptg000006l	95.946	222	163268	38521672	26	1.63e-95
ptg000006l	93.697	238	163268	38521672	26	2.73e-93
ptg000006l	94.667	225	163268	38521672	26	4.57e-91
ptg000006l	91.322	242	163268	38521672	26	1.28e-86
ptg000006l	90.588	255	163268	38521672	26	1.28e-86
ptg000006l	90.588	255	163268	38521672	26	1.28e-86
ptg000006l	93.953	215	163268	38521672	26	2.14e-84
ptg000006l	97.838	185	163268	38521672	26	9.95e-83
ptg000006l	97.838	185	163268	38521672	26	9.95e-83
ptg000006l	98.295	176	163268	38521672	26	5.99e-80
ptg000006l	97.753	178	163268	38521672	26	2.15e-79
ptg000006l	90.456	241	163268	38521672	26	7.75e-79
ptg000006l	90.558	233	163268	38521672	26	1.00e-77
ptg000006l	88.672	256	163268	38521672	26	1.00e-77
ptg000006l	90.086	232	163268	38521672	26	3.61e-77
ptg000006l	88.281	256	163268	38521672	26	4.66e-76
ptg000006l	98.225	169	163268	38521672	26	4.66e-76
ptg000006l	100.000	159	163268	38521672	26	1.68e-75
ptg000006l	94.737	190	163268	38521672	26	2.17e-74
ptg000006l	95.135	185	163268	38521672	26	2.17e-74
ptg000006l	99.375	160	163268	38521672	26	7.81e-74
ptg000006l	93.717	191	163268	38521672	26	2.81e-73
ptg000006l	93.717	191	163268	38521672	26	2.81e-73
ptg000006l	97.059	170	163268	38521672	26	2.81e-73
ptg000006l	84.615	299	163268	38521672	26	3.63e-72
ptg000006l	96.407	167	163268	38521672	26	6.08e-70
ptg000006l	95.808	167	163268	38521672	26	1.02e-67
ptg000006l	90.291	206	163268	38521672	26	3.66e-67
ptg000006l	96.835	158	163268	38521672	26	1.32e-66
ptg000006l	89.806	206	163268	38521672	26	1.70e-65
ptg000006l	87.783	221	163268	38521672	26	2.20e-64
ptg000006l	97.959	147	163268	38521672	26	7.92e-64
ptg000006l	96.753	154	163268	38521672	26	7.92e-64
ptg000006l	96.753	154	163268	38521672	26	7.92e-64
ptg000006l	94.048	168	163268	38521672	26	7.92e-64
ptg000006l	86.076	237	163268	38521672	26	2.85e-63
ptg000006l	94.012	167	163268	38521672	26	2.85e-63
ptg000006l	91.713	181	163268	38521672	26	3.68e-62
ptg000006l	91.713	181	163268	38521672	26	3.68e-62
ptg000006l	96.104	154	163268	38521672	26	1.32e-61
ptg000006l	89.691	194	163268	38521672	26	4.76e-61
ptg000006l	99.248	133	163268	38521672	26	2.22e-59
ptg000006l	88.776	196	163268	38521672	26	2.87e-58
ptg000006l	97.794	136	163268	38521672	26	1.03e-57
ptg000006l	93.671	158	163268	38521672	26	1.03e-57
ptg000006l	91.908	173	163268	38521672	26	1.03e-57
ptg000006l	91.908	173	163268	38521672	26	1.03e-57
ptg000006l	93.631	157	163268	38521672	26	3.71e-57
ptg000006l	94.040	151	163268	38521672	26	4.80e-56
ptg000006l	94.040	151	163268	38521672	26	4.80e-56
ptg000006l	98.438	128	163268	38521672	26	6.21e-55
ptg000006l	98.438	128	163268	38521672	26	6.21e-55
ptg000006l	91.925	161	163268	38521672	26	6.21e-55
ptg000006l	91.925	161	163268	38521672	26	6.21e-55
ptg000006l	91.925	161	163268	38521672	26	6.21e-55
ptg000006l	91.925	161	163268	38521672	26	6.21e-55
ptg000006l	96.324	136	163268	38521672	26	8.03e-54
ptg000006l	88.172	186	163268	38521672	26	2.89e-53
ptg000006l	88.172	186	163268	38521672	26	2.89e-53
ptg000006l	88.525	183	163268	38521672	26	2.89e-53
ptg000006l	93.793	145	163268	38521672	26	1.04e-52
ptg000006l	96.269	134	163268	38521672	26	1.04e-52
ptg000006l	96.269	134	163268	38521672	26	1.04e-52
ptg000006l	86.190	210	163268	38521672	26	3.74e-52
ptg000006l	96.212	132	163268	38521672	26	1.34e-51
ptg000006l	94.853	136	163268	38521672	26	4.83e-51
ptg000006l	94.853	136	163268	38521672	26	4.83e-51
ptg000006l	88.268	179	163268	38521672	26	4.83e-51
ptg000006l	97.561	123	163268	38521672	26	1.74e-50
ptg000006l	87.778	180	163268	38521672	26	2.25e-49
ptg000006l	87.778	180	163268	38521672	26	2.25e-49
ptg000006l	78.049	369	163268	38521672	26	2.25e-49
ptg000006l	90.446	157	163268	38521672	26	2.25e-49
ptg000006l	100.000	111	163268	38521672	26	8.09e-49
ptg000006l	78.963	328	163268	38521672	26	2.91e-48
ptg000006l	92.199	141	163268	38521672	26	3.76e-47
ptg000006l	89.809	157	163268	38521672	26	3.76e-47
ptg000006l	100.000	106	163268	38521672	26	4.87e-46
ptg000006l	92.029	138	163268	38521672	26	1.75e-45
ptg000006l	93.284	134	163268	38521672	26	6.30e-45
ptg000006l	93.284	134	163268	38521672	26	6.30e-45
ptg000006l	99.057	106	163268	38521672	26	2.26e-44
ptg000006l	99.057	106	163268	38521672	26	2.26e-44
ptg000006l	95.690	116	163268	38521672	26	2.93e-43
ptg000006l	95.690	116	163268	38521672	26	2.93e-43
ptg000006l	88.535	157	163268	38521672	26	2.93e-43
ptg000006l	83.333	204	163268	38521672	26	2.93e-43
ptg000006l	97.248	109	163268	38521672	26	1.05e-42
ptg000006l	97.222	108	163268	38521672	26	3.79e-42
ptg000006l	97.222	108	163268	38521672	26	3.79e-42
ptg000006l	99.000	100	163268	38521672	26	4.90e-41
ptg000006l	94.118	119	163268	38521672	26	1.76e-40
ptg000006l	97.143	105	163268	38521672	26	1.76e-40
ptg000006l	97.143	105	163268	38521672	26	1.76e-40
ptg000006l	100.000	95	163268	38521672	26	6.34e-40
ptg000006l	98.039	102	163268	38521672	26	6.34e-40
ptg000006l	95.413	109	163268	38521672	26	2.28e-39
ptg000006l	95.413	109	163268	38521672	26	2.28e-39
ptg000006l	97.087	103	163268	38521672	26	8.20e-39
ptg000006l	97.087	103	163268	38521672	26	8.20e-39
ptg000006l	96.190	105	163268	38521672	26	8.20e-39
ptg000006l	98.947	95	163268	38521672	26	2.95e-38
ptg000006l	98.947	95	163268	38521672	26	2.95e-38
ptg000006l	95.283	106	163268	38521672	26	3.82e-37
ptg000006l	94.444	108	163268	38521672	26	3.82e-37
ptg000006l	100.000	89	163268	38521672	26	1.37e-36
ptg000006l	100.000	89	163268	38521672	26	1.37e-36
ptg000006l	97.895	95	163268	38521672	26	1.37e-36
ptg000006l	95.238	105	163268	38521672	26	1.37e-36
ptg000006l	92.857	112	163268	38521672	26	4.94e-36
ptg000006l	90.551	127	163268	38521672	26	4.94e-36
ptg000006l	97.778	90	163268	38521672	26	8.26e-34
ptg000006l	95.876	97	163268	38521672	26	8.26e-34
ptg000006l	91.892	111	163268	38521672	26	2.97e-33
ptg000006l	91.892	111	163268	38521672	26	2.97e-33
ptg000006l	97.778	90	163268	38521672	26	2.97e-33
ptg000006l	97.778	90	163268	38521672	26	2.97e-33
ptg000006l	83.333	174	163268	38521672	26	2.97e-33
ptg000006l	93.269	104	163268	38521672	26	2.97e-33
ptg000006l	94.000	100	163268	38521672	26	1.07e-32
ptg000006l	98.824	85	163268	38521672	26	1.07e-32
ptg000006l	91.071	112	163268	38521672	26	3.84e-32
ptg000006l	91.071	112	163268	38521672	26	3.84e-32
ptg000006l	100.000	78	163268	38521672	26	1.79e-30
ptg000006l	94.565	92	163268	38521672	26	6.43e-30
ptg000006l	96.512	86	163268	38521672	26	6.43e-30
ptg000006l	100.000	77	163268	38521672	26	6.43e-30
ptg000006l	100.000	77	163268	38521672	26	6.43e-30
ptg000006l	98.765	81	163268	38521672	26	6.43e-30
ptg000006l	100.000	76	163268	38521672	26	2.31e-29
ptg000006l	100.000	76	163268	38521672	26	2.31e-29
ptg000006l	93.548	93	163268	38521672	26	8.32e-29
ptg000006l	93.548	93	163268	38521672	26	8.32e-29
ptg000006l	86.260	131	163268	38521672	26	8.32e-29
ptg000006l	98.684	76	163268	38521672	26	1.08e-27
ptg000006l	93.333	90	163268	38521672	26	3.87e-27
ptg000006l	94.253	87	163268	38521672	26	1.39e-26
ptg000006l	96.203	79	163268	38521672	26	1.80e-25
ptg000006l	96.203	79	163268	38521672	26	1.80e-25
ptg000006l	90.625	96	163268	38521672	26	1.80e-25
ptg000006l	90.625	96	163268	38521672	26	1.80e-25
ptg000006l	98.611	72	163268	38521672	26	1.80e-25
ptg000006l	93.023	86	163268	38521672	26	6.48e-25
ptg000006l	100.000	68	163268	38521672	26	6.48e-25
ptg000006l	100.000	68	163268	38521672	26	6.48e-25
ptg000006l	100.000	68	163268	38521672	26	6.48e-25
ptg000006l	97.297	74	163268	38521672	26	2.33e-24
ptg000006l	97.297	74	163268	38521672	26	2.33e-24
ptg000006l	98.551	69	163268	38521672	26	8.38e-24
ptg000006l	94.937	79	163268	38521672	26	8.38e-24
ptg000006l	97.222	72	163268	38521672	26	3.01e-23
ptg000006l	100.000	65	163268	38521672	26	3.01e-23
ptg000006l	100.000	65	163268	38521672	26	3.01e-23
ptg000006l	98.507	67	163268	38521672	26	1.08e-22
ptg000006l	98.507	67	163268	38521672	26	1.08e-22
ptg000006l	88.119	101	163268	38521672	26	1.08e-22
ptg000006l	88.119	101	163268	38521672	26	1.08e-22
ptg000006l	95.890	73	163268	38521672	26	3.90e-22
ptg000006l	97.101	69	163268	38521672	26	3.90e-22
ptg000006l	97.101	69	163268	38521672	26	3.90e-22
ptg000006l	97.101	69	163268	38521672	26	3.90e-22
ptg000006l	97.101	69	163268	38521672	26	3.90e-22
ptg000006l	100.000	63	163268	38521672	26	3.90e-22
ptg000006l	100.000	63	163268	38521672	26	3.90e-22
ptg000006l	86.111	108	163268	38521672	26	1.40e-21
ptg000006l	86.111	108	163268	38521672	26	1.40e-21
ptg000006l	89.773	88	163268	38521672	26	5.04e-21
ptg000006l	95.652	69	163268	38521672	26	6.52e-20
ptg000006l	95.652	69	163268	38521672	26	6.52e-20
ptg000006l	96.923	65	163268	38521672	26	6.52e-20
ptg000006l	96.923	65	163268	38521672	26	6.52e-20
ptg000006l	92.405	79	163268	38521672	26	6.52e-20
ptg000006l	98.387	62	163268	38521672	26	6.52e-20
ptg000006l	98.387	62	163268	38521672	26	6.52e-20
ptg000006l	100.000	58	163268	38521672	26	2.35e-19
ptg000006l	98.361	61	163268	38521672	26	2.35e-19
ptg000006l	86.598	97	163268	38521672	26	3.03e-18
ptg000006l	98.305	59	163268	38521672	26	3.03e-18
ptg000006l	98.305	59	163268	38521672	26	3.03e-18
ptg000006l	95.385	65	163268	38521672	26	1.09e-17
ptg000006l	100.000	55	163268	38521672	26	1.09e-17
ptg000006l	100.000	55	163268	38521672	26	1.09e-17
ptg000006l	81.481	135	163268	38521672	26	1.09e-17
ptg000006l	96.667	60	163268	38521672	26	3.93e-17
ptg000006l	94.030	67	163268	38521672	26	3.93e-17
ptg000006l	94.030	67	163268	38521672	26	3.93e-17
ptg000006l	87.952	83	163268	38521672	26	1.41e-16
ptg000006l	87.952	83	163268	38521672	26	1.41e-16
ptg000006l	95.161	62	163268	38521672	26	5.08e-16
ptg000006l	95.161	62	163268	38521672	26	5.08e-16
ptg000006l	98.148	54	163268	38521672	26	1.83e-15
ptg000006l	98.148	54	163268	38521672	26	1.83e-15
ptg000006l	95.000	60	163268	38521672	26	1.83e-15
ptg000006l	95.000	60	163268	38521672	26	1.83e-15
ptg000006l	96.491	57	163268	38521672	26	1.83e-15
ptg000006l	98.113	53	163268	38521672	26	6.57e-15
ptg000006l	98.113	53	163268	38521672	26	6.57e-15
ptg000006l	98.113	53	163268	38521672	26	6.57e-15
ptg000006l	98.113	53	163268	38521672	26	6.57e-15
ptg000006l	92.424	66	163268	38521672	26	6.57e-15
ptg000006l	98.077	52	163268	38521672	26	2.36e-14
ptg000006l	98.077	52	163268	38521672	26	2.36e-14
ptg000006l	91.045	67	163268	38521672	26	2.36e-14
ptg000006l	91.045	67	163268	38521672	26	2.36e-14
ptg000006l	100.000	49	163268	38521672	26	2.36e-14
ptg000006l	98.113	53	163268	38521672	26	2.36e-14
ptg000006l	98.113	53	163268	38521672	26	2.36e-14
ptg000006l	94.643	56	163268	38521672	26	3.06e-13
ptg000006l	98.000	50	163268	38521672	26	3.06e-13
ptg000006l	100.000	47	163268	38521672	26	3.06e-13
ptg000006l	98.000	50	163268	38521672	26	1.10e-12
ptg000006l	98.000	50	163268	38521672	26	1.10e-12
ptg000006l	100.000	45	163268	38521672	26	3.95e-12
ptg000006l	100.000	45	163268	38521672	26	3.95e-12
ptg000006l	94.340	53	163268	38521672	26	1.42e-11
ptg000006l	92.593	54	163268	38521672	26	1.84e-10
ptg000006l	97.826	46	163268	38521672	26	1.84e-10
ptg000006l	97.826	46	163268	38521672	26	1.84e-10
ptg000006l	100.000	41	163268	38521672	26	6.61e-10
ptg000006l	100.000	41	163268	38521672	26	6.61e-10
ptg000006l	97.674	43	163268	38521672	26	2.38e-09
ptg000006l	97.561	41	163268	38521672	26	3.08e-08
ptg000006l	97.561	41	163268	38521672	26	3.08e-08
ptg000006l	100.000	38	163268	38521672	26	3.08e-08
ptg000006l	100.000	37	163268	38521672	26	1.11e-07
ptg000006l	100.000	37	163268	38521672	26	1.11e-07
ptg000006l	100.000	37	163268	38521672	26	1.11e-07
ptg000006l	87.500	64	163268	38521672	26	1.11e-07
ptg000006l	91.489	47	163268	38521672	26	1.43e-06
ptg000006l	95.122	41	163268	38521672	26	1.43e-06
ptg000006l	81.928	83	163268	38521672	26	1.43e-06
ptg000006l	81.928	83	163268	38521672	26	1.43e-06
ptg000006l	97.368	38	163268	38521672	26	1.43e-06
ptg000006l	93.182	44	163268	38521672	26	1.43e-06
ptg000006l	89.091	55	163268	38521672	26	5.15e-06
ptg000006l	95.000	40	163268	38521672	26	5.15e-06
ptg000006l	95.000	40	163268	38521672	26	5.15e-06
ptg000006l	100.000	32	163268	38521672	26	6.66e-05
ptg000006l	100.000	32	163268	38521672	26	6.66e-05
ptg000006l	94.872	39	163268	38521672	26	6.66e-05
ptg000006l	94.872	39	163268	38521672	26	6.66e-05
ptg000006l	100.000	31	163268	38521672	26	2.40e-04
ptg000006l	100.000	31	163268	38521672	26	2.40e-04
ptg000006l	100.000	31	163268	38521672	26	2.40e-04
ptg000006l	100.000	30	163268	38521672	26	8.62e-04
ptg000006l	100.000	30	163268	38521672	26	8.62e-04
ptg000006l	100.000	30	163268	38521672	26	8.62e-04
ptg000006l	100.000	29	163268	38521672	26	0.003
ptg000006l	100.000	28	163268	38521672	26	0.011
ptg000006l	100.000	28	163268	38521672	26	0.011
ptg000006l	100.000	28	163268	38521672	26	0.011
ptg000006l	100.000	28	163268	38521672	26	0.011
ptg000006l	100.000	28	163268	38521672	26	0.011
ptg000006l	100.000	28	163268	38521672	26	0.011
ptg000011l	97.846	1300	163268	33788408	20	0.0
ptg000011l	97.190	1210	163268	33788408	20	0.0
ptg000011l	99.533	856	163268	33788408	20	0.0
ptg000011l	99.038	728	163268	33788408	20	0.0
ptg000011l	98.901	728	163268	33788408	20	0.0
ptg000011l	95.747	776	163268	33788408	20	0.0
ptg000011l	91.001	889	163268	33788408	20	0.0
ptg000011l	98.831	599	163268	33788408	20	0.0
ptg000011l	95.365	561	163268	33788408	20	0.0
ptg000011l	95.089	448	163268	33788408	20	0.0
ptg000011l	94.444	450	163268	33788408	20	0.0
ptg000011l	98.458	389	163268	33788408	20	0.0
ptg000011l	98.201	389	163268	33788408	20	0.0
ptg000011l	96.850	381	163268	33788408	20	4.05e-176
ptg000011l	90.269	483	163268	33788408	20	1.14e-166
ptg000011l	89.201	463	163268	33788408	20	5.35e-160
ptg000011l	96.970	330	163268	33788408	20	6.97e-154
ptg000011l	96.970	330	163268	33788408	20	6.97e-154
ptg000011l	85.607	535	163268	33788408	20	3.24e-152
ptg000011l	85.607	535	163268	33788408	20	3.24e-152
ptg000011l	92.079	404	163268	33788408	20	5.43e-150
ptg000011l	85.421	535	163268	33788408	20	5.43e-150
ptg000011l	85.421	535	163268	33788408	20	5.43e-150
ptg000011l	85.579	527	163268	33788408	20	5.43e-150
ptg000011l	98.065	310	163268	33788408	20	7.02e-149
ptg000011l	85.389	527	163268	33788408	20	2.52e-148
ptg000011l	91.914	371	163268	33788408	20	3.29e-142
ptg000011l	91.644	371	163268	33788408	20	1.53e-140
ptg000011l	98.936	282	163268	33788408	20	7.12e-139
ptg000011l	97.279	294	163268	33788408	20	4.28e-136
ptg000011l	97.270	293	163268	33788408	20	1.54e-135
ptg000011l	86.237	465	163268	33788408	20	5.54e-135
ptg000011l	98.909	275	163268	33788408	20	5.54e-135
ptg000011l	98.551	276	163268	33788408	20	2.58e-133
ptg000011l	95.608	296	163268	33788408	20	2.01e-129
ptg000011l	94.915	295	163268	33788408	20	5.62e-125
ptg000011l	93.548	310	163268	33788408	20	2.02e-124
ptg000011l	93.548	310	163268	33788408	20	2.02e-124
ptg000011l	92.880	309	163268	33788408	20	4.38e-121
ptg000011l	95.324	278	163268	33788408	20	2.63e-118
ptg000011l	97.266	256	163268	33788408	20	1.23e-116
ptg000011l	87.147	389	163268	33788408	20	7.38e-114
ptg000011l	89.809	314	163268	33788408	20	9.61e-108
ptg000011l	96.667	240	163268	33788408	20	3.46e-107
ptg000011l	96.667	240	163268	33788408	20	3.46e-107
ptg000011l	90.541	296	163268	33788408	20	5.78e-105
ptg000011l	99.065	214	163268	33788408	20	9.68e-103
ptg000011l	92.400	250	163268	33788408	20	2.11e-94
ptg000011l	100.000	191	163268	33788408	20	2.73e-93
ptg000011l	100.000	191	163268	33788408	20	2.73e-93
ptg000011l	95.556	225	163268	33788408	20	2.73e-93
ptg000011l	85.399	363	163268	33788408	20	3.53e-92
ptg000011l	93.305	239	163268	33788408	20	4.57e-91
ptg000011l	97.030	202	163268	33788408	20	2.12e-89
ptg000011l	91.983	237	163268	33788408	20	4.60e-86
ptg000011l	95.567	203	163268	33788408	20	5.95e-85
ptg000011l	96.907	194	163268	33788408	20	5.95e-85
ptg000011l	96.907	194	163268	33788408	20	5.95e-85
ptg000011l	83.702	362	163268	33788408	20	2.14e-84
ptg000011l	98.370	184	163268	33788408	20	7.70e-84
ptg000011l	85.804	317	163268	33788408	20	9.95e-83
ptg000011l	86.469	303	163268	33788408	20	3.58e-82
ptg000011l	88.561	271	163268	33788408	20	5.99e-80
ptg000011l	87.037	270	163268	33788408	20	1.30e-76
ptg000011l	87.037	270	163268	33788408	20	1.30e-76
ptg000011l	97.619	168	163268	33788408	20	2.81e-73
ptg000011l	82.353	340	163268	33788408	20	1.01e-72
ptg000011l	97.059	170	163268	33788408	20	1.01e-72
ptg000011l	97.059	170	163268	33788408	20	1.01e-72
ptg000011l	98.718	156	163268	33788408	20	6.08e-70
ptg000011l	98.101	158	163268	33788408	20	2.19e-69
ptg000011l	94.350	177	163268	33788408	20	7.86e-69
ptg000011l	96.364	165	163268	33788408	20	2.83e-68
ptg000011l	95.266	169	163268	33788408	20	1.02e-67
ptg000011l	95.266	169	163268	33788408	20	1.02e-67
ptg000011l	93.785	177	163268	33788408	20	1.32e-66
ptg000011l	96.815	157	163268	33788408	20	4.73e-66
ptg000011l	95.210	167	163268	33788408	20	1.70e-65
ptg000011l	86.364	242	163268	33788408	20	6.12e-65
ptg000011l	89.109	202	163268	33788408	20	3.68e-62
ptg000011l	100.000	134	163268	33788408	20	1.32e-61
ptg000011l	88.945	199	163268	33788408	20	1.71e-60
ptg000011l	90.811	185	163268	33788408	20	1.71e-60
ptg000011l	82.877	292	163268	33788408	20	2.87e-58
ptg000011l	93.082	159	163268	33788408	20	3.71e-57
ptg000011l	87.264	212	163268	33788408	20	3.71e-57
ptg000011l	89.286	196	163268	33788408	20	1.33e-56
ptg000011l	95.804	143	163268	33788408	20	4.80e-56
ptg000011l	82.657	271	163268	33788408	20	6.21e-55
ptg000011l	92.405	158	163268	33788408	20	6.21e-55
ptg000011l	95.172	145	163268	33788408	20	2.23e-54
ptg000011l	89.831	177	163268	33788408	20	2.23e-54
ptg000011l	91.925	161	163268	33788408	20	2.23e-54
ptg000011l	95.105	143	163268	33788408	20	8.03e-54
ptg000011l	85.507	207	163268	33788408	20	6.25e-50
ptg000011l	83.404	235	163268	33788408	20	2.91e-48
ptg000011l	96.667	120	163268	33788408	20	3.76e-47
ptg000011l	88.957	163	163268	33788408	20	3.76e-47
ptg000011l	97.321	112	163268	33788408	20	2.26e-44
ptg000011l	97.321	112	163268	33788408	20	2.26e-44
ptg000011l	94.400	125	163268	33788408	20	2.26e-44
ptg000011l	91.367	139	163268	33788408	20	8.14e-44
ptg000011l	92.969	128	163268	33788408	20	2.93e-43
ptg000011l	92.969	128	163268	33788408	20	2.93e-43
ptg000011l	94.118	119	163268	33788408	20	1.36e-41
ptg000011l	87.730	163	163268	33788408	20	1.36e-41
ptg000011l	90.278	144	163268	33788408	20	4.90e-41
ptg000011l	97.115	104	163268	33788408	20	2.28e-39
ptg000011l	97.115	104	163268	33788408	20	2.28e-39
ptg000011l	97.980	99	163268	33788408	20	8.20e-39
ptg000011l	97.980	99	163268	33788408	20	2.95e-38
ptg000011l	97.980	99	163268	33788408	20	2.95e-38
ptg000011l	88.811	143	163268	33788408	20	2.95e-38
ptg000011l	100.000	91	163268	33788408	20	1.06e-37
ptg000011l	86.391	169	163268	33788408	20	3.82e-37
ptg000011l	87.755	147	163268	33788408	20	3.82e-37
ptg000011l	95.192	104	163268	33788408	20	1.37e-36
ptg000011l	95.192	104	163268	33788408	20	1.37e-36
ptg000011l	96.970	99	163268	33788408	20	1.37e-36
ptg000011l	96.970	99	163268	33788408	20	1.37e-36
ptg000011l	87.162	148	163268	33788408	20	1.78e-35
ptg000011l	93.396	106	163268	33788408	20	2.30e-34
ptg000011l	91.892	111	163268	33788408	20	1.07e-32
ptg000011l	80.365	219	163268	33788408	20	1.07e-32
ptg000011l	80.365	219	163268	33788408	20	1.07e-32
ptg000011l	93.000	100	163268	33788408	20	4.97e-31
ptg000011l	100.000	78	163268	33788408	20	1.79e-30
ptg000011l	100.000	78	163268	33788408	20	1.79e-30
ptg000011l	95.604	91	163268	33788408	20	1.79e-30
ptg000011l	95.604	91	163268	33788408	20	1.79e-30
ptg000011l	93.684	95	163268	33788408	20	6.43e-30
ptg000011l	93.684	95	163268	33788408	20	6.43e-30
ptg000011l	98.765	81	163268	33788408	20	6.43e-30
ptg000011l	92.929	99	163268	33788408	20	6.43e-30
ptg000011l	92.929	99	163268	33788408	20	6.43e-30
ptg000011l	86.429	140	163268	33788408	20	8.32e-29
ptg000011l	94.382	89	163268	33788408	20	2.99e-28
ptg000011l	94.382	89	163268	33788408	20	2.99e-28
ptg000011l	98.701	77	163268	33788408	20	2.99e-28
ptg000011l	98.701	77	163268	33788408	20	2.99e-28
ptg000011l	97.531	81	163268	33788408	20	2.99e-28
ptg000011l	97.500	80	163268	33788408	20	2.99e-28
ptg000011l	100.000	72	163268	33788408	20	3.87e-27
ptg000011l	97.436	78	163268	33788408	20	3.87e-27
ptg000011l	92.473	93	163268	33788408	20	3.87e-27
ptg000011l	92.473	93	163268	33788408	20	3.87e-27
ptg000011l	96.250	80	163268	33788408	20	1.39e-26
ptg000011l	96.250	80	163268	33788408	20	1.39e-26
ptg000011l	96.250	80	163268	33788408	20	1.39e-26
ptg000011l	88.991	109	163268	33788408	20	5.01e-26
ptg000011l	98.611	72	163268	33788408	20	1.80e-25
ptg000011l	93.976	83	163268	33788408	20	6.48e-25
ptg000011l	93.976	83	163268	33788408	20	6.48e-25
ptg000011l	100.000	67	163268	33788408	20	2.33e-24
ptg000011l	100.000	66	163268	33788408	20	8.38e-24
ptg000011l	96.000	75	163268	33788408	20	8.38e-24
ptg000011l	96.000	75	163268	33788408	20	8.38e-24
ptg000011l	91.954	87	163268	33788408	20	3.01e-23
ptg000011l	91.954	87	163268	33788408	20	3.01e-23
ptg000011l	98.529	68	163268	33788408	20	3.01e-23
ptg000011l	100.000	64	163268	33788408	20	1.08e-22
ptg000011l	97.183	71	163268	33788408	20	1.08e-22
ptg000011l	97.183	71	163268	33788408	20	1.08e-22
ptg000011l	98.485	66	163268	33788408	20	1.40e-21
ptg000011l	98.438	64	163268	33788408	20	5.04e-21
ptg000011l	95.714	70	163268	33788408	20	5.04e-21
ptg000011l	94.521	73	163268	33788408	20	5.04e-21
ptg000011l	96.970	66	163268	33788408	20	1.81e-20
ptg000011l	90.476	84	163268	33788408	20	1.81e-20
ptg000011l	92.405	79	163268	33788408	20	6.52e-20
ptg000011l	100.000	58	163268	33788408	20	2.35e-19
ptg000011l	95.522	67	163268	33788408	20	2.35e-19
ptg000011l	95.522	67	163268	33788408	20	8.44e-19
ptg000011l	94.203	69	163268	33788408	20	8.44e-19
ptg000011l	94.203	69	163268	33788408	20	8.44e-19
ptg000011l	94.203	69	163268	33788408	20	8.44e-19
ptg000011l	98.276	58	163268	33788408	20	1.09e-17
ptg000011l	96.667	60	163268	33788408	20	3.93e-17
ptg000011l	100.000	54	163268	33788408	20	3.93e-17
ptg000011l	100.000	54	163268	33788408	20	3.93e-17
ptg000011l	90.541	74	163268	33788408	20	1.41e-16
ptg000011l	100.000	52	163268	33788408	20	5.08e-16
ptg000011l	100.000	52	163268	33788408	20	5.08e-16
ptg000011l	91.429	70	163268	33788408	20	5.08e-16
ptg000011l	100.000	52	163268	33788408	20	5.08e-16
ptg000011l	90.411	73	163268	33788408	20	6.57e-15
ptg000011l	100.000	49	163268	33788408	20	2.36e-14
ptg000011l	100.000	49	163268	33788408	20	2.36e-14
ptg000011l	100.000	47	163268	33788408	20	3.06e-13
ptg000011l	100.000	46	163268	33788408	20	1.10e-12
ptg000011l	97.917	48	163268	33788408	20	3.95e-12
ptg000011l	97.917	48	163268	33788408	20	3.95e-12
ptg000011l	97.917	48	163268	33788408	20	1.42e-11
ptg000011l	97.826	46	163268	33788408	20	5.11e-11
ptg000011l	97.826	46	163268	33788408	20	5.11e-11
ptg000011l	95.918	49	163268	33788408	20	5.11e-11
ptg000011l	90.476	63	163268	33788408	20	5.11e-11
ptg000011l	92.727	55	163268	33788408	20	1.84e-10
ptg000011l	92.727	55	163268	33788408	20	1.84e-10
ptg000011l	92.593	54	163268	33788408	20	1.84e-10
ptg000011l	92.593	54	163268	33788408	20	1.84e-10
ptg000011l	92.593	54	163268	33788408	20	1.84e-10
ptg000011l	97.727	44	163268	33788408	20	6.61e-10
ptg000011l	97.727	44	163268	33788408	20	6.61e-10
ptg000011l	94.000	50	163268	33788408	20	6.61e-10
ptg000011l	95.745	47	163268	33788408	20	6.61e-10
ptg000011l	97.778	45	163268	33788408	20	6.61e-10
ptg000011l	100.000	40	163268	33788408	20	2.38e-09
ptg000011l	100.000	40	163268	33788408	20	2.38e-09
ptg000011l	97.727	44	163268	33788408	20	2.38e-09
ptg000011l	92.308	52	163268	33788408	20	2.38e-09
ptg000011l	92.308	52	163268	33788408	20	2.38e-09
ptg000011l	90.909	55	163268	33788408	20	8.56e-09
ptg000011l	97.619	42	163268	33788408	20	8.56e-09
ptg000011l	85.714	70	163268	33788408	20	8.56e-09
ptg000011l	85.714	70	163268	33788408	20	8.56e-09
ptg000011l	100.000	38	163268	33788408	20	3.08e-08
ptg000011l	100.000	38	163268	33788408	20	3.08e-08
ptg000011l	93.478	46	163268	33788408	20	1.11e-07
ptg000011l	93.478	46	163268	33788408	20	1.11e-07
ptg000011l	92.000	50	163268	33788408	20	1.11e-07
ptg000011l	100.000	37	163268	33788408	20	1.11e-07
ptg000011l	97.500	40	163268	33788408	20	1.11e-07
ptg000011l	97.500	40	163268	33788408	20	1.11e-07
ptg000011l	95.238	42	163268	33788408	20	3.98e-07
ptg000011l	100.000	36	163268	33788408	20	3.98e-07
ptg000011l	100.000	36	163268	33788408	20	3.98e-07
ptg000011l	100.000	36	163268	33788408	20	3.98e-07
ptg000011l	100.000	33	163268	33788408	20	1.85e-05
ptg000011l	94.737	38	163268	33788408	20	6.66e-05
ptg000011l	94.737	38	163268	33788408	20	6.66e-05
ptg000011l	100.000	31	163268	33788408	20	2.40e-04
ptg000011l	100.000	31	163268	33788408	20	2.40e-04
ptg000011l	94.595	37	163268	33788408	20	2.40e-04
ptg000011l	100.000	30	163268	33788408	20	8.62e-04
ptg000011l	100.000	29	163268	33788408	20	0.003
ptg000011l	100.000	29	163268	33788408	20	0.003
ptg000011l	100.000	28	163268	33788408	20	0.011
ptg000011l	96.774	31	163268	33788408	20	0.011
ptg000011l	96.774	31	163268	33788408	20	0.011
ptg000009l	93.924	1218	163268	57093733	37	0.0
ptg000009l	95.876	776	163268	57093733	37	0.0
ptg000009l	97.578	578	163268	57093733	37	0.0
ptg000009l	91.341	716	163268	57093733	37	0.0
ptg000009l	91.201	716	163268	57093733	37	0.0
ptg000009l	92.911	663	163268	57093733	37	0.0
ptg000009l	91.164	713	163268	57093733	37	0.0
ptg000009l	89.943	696	163268	57093733	37	0.0
ptg000009l	93.493	584	163268	57093733	37	0.0
ptg000009l	97.166	494	163268	57093733	37	0.0
ptg000009l	97.166	494	163268	57093733	37	0.0
ptg000009l	95.148	474	163268	57093733	37	0.0
ptg000009l	92.607	514	163268	57093733	37	0.0
ptg000009l	91.734	496	163268	57093733	37	0.0
ptg000009l	98.958	384	163268	57093733	37	0.0
ptg000009l	95.735	422	163268	57093733	37	0.0
ptg000009l	94.457	433	163268	57093733	37	0.0
ptg000009l	94.457	433	163268	57093733	37	0.0
ptg000009l	91.182	499	163268	57093733	37	0.0
ptg000009l	93.289	447	163268	57093733	37	0.0
ptg000009l	95.761	401	163268	57093733	37	5.20e-180
ptg000009l	97.333	375	163268	57093733	37	6.73e-179
ptg000009l	90.619	501	163268	57093733	37	6.73e-179
ptg000009l	95.466	397	163268	57093733	37	8.70e-178
ptg000009l	87.057	564	163268	57093733	37	1.13e-176
ptg000009l	80.708	876	163268	57093733	37	1.13e-176
ptg000009l	97.297	370	163268	57093733	37	1.46e-175
ptg000009l	91.453	468	163268	57093733	37	2.44e-173
ptg000009l	94.987	399	163268	57093733	37	3.15e-172
ptg000009l	87.835	559	163268	57093733	37	1.13e-171
ptg000009l	86.420	567	163268	57093733	37	1.47e-170
ptg000009l	80.250	881	163268	57093733	37	1.90e-169
ptg000009l	92.130	432	163268	57093733	37	4.11e-166
ptg000009l	83.934	666	163268	57093733	37	6.87e-164
ptg000009l	94.737	380	163268	57093733	37	6.87e-164
ptg000009l	97.554	327	163268	57093733	37	5.39e-155
ptg000009l	89.165	443	163268	57093733	37	9.02e-153
ptg000009l	89.425	435	163268	57093733	37	1.17e-151
ptg000009l	88.511	470	163268	57093733	37	4.19e-151
ptg000009l	88.713	443	163268	57093733	37	1.95e-149
ptg000009l	88.966	435	163268	57093733	37	2.52e-148
ptg000009l	94.578	332	163268	57093733	37	4.25e-141
ptg000009l	93.805	339	163268	57093733	37	1.98e-139
ptg000009l	89.817	383	163268	57093733	37	7.17e-134
ptg000009l	98.545	275	163268	57093733	37	3.34e-132
ptg000009l	89.556	383	163268	57093733	37	1.20e-131
ptg000009l	93.987	316	163268	57093733	37	2.01e-129
ptg000009l	99.234	261	163268	57093733	37	7.22e-129
ptg000009l	98.507	268	163268	57093733	37	2.60e-128
ptg000009l	99.228	259	163268	57093733	37	3.36e-127
ptg000009l	98.134	268	163268	57093733	37	3.36e-127
ptg000009l	97.761	268	163268	57093733	37	1.56e-125
ptg000009l	96.703	273	163268	57093733	37	7.27e-124
ptg000009l	97.048	271	163268	57093733	37	7.27e-124
ptg000009l	97.048	271	163268	57093733	37	7.27e-124
ptg000009l	97.368	266	163268	57093733	37	2.62e-123
ptg000009l	97.368	266	163268	57093733	37	9.41e-123
ptg000009l	94.406	286	163268	57093733	37	2.04e-119
ptg000009l	89.744	351	163268	57093733	37	2.63e-118
ptg000009l	94.056	286	163268	57093733	37	3.41e-117
ptg000009l	95.255	274	163268	57093733	37	3.41e-117
ptg000009l	94.526	274	163268	57093733	37	7.38e-114
ptg000009l	94.526	274	163268	57093733	37	7.38e-114
ptg000009l	95.185	270	163268	57093733	37	2.65e-113
ptg000009l	97.854	233	163268	57093733	37	3.46e-107
ptg000009l	97.425	233	163268	57093733	37	1.24e-106
ptg000009l	97.046	237	163268	57093733	37	4.47e-106
ptg000009l	86.059	373	163268	57093733	37	4.47e-106
ptg000009l	84.783	414	163268	57093733	37	4.47e-106
ptg000009l	84.819	415	163268	57093733	37	4.47e-106
ptg000009l	98.655	223	163268	57093733	37	1.61e-105
ptg000009l	98.655	223	163268	57093733	37	1.61e-105
ptg000009l	89.423	312	163268	57093733	37	1.61e-105
ptg000009l	89.423	312	163268	57093733	37	1.61e-105
ptg000009l	83.827	439	163268	57093733	37	1.61e-105
ptg000009l	85.791	373	163268	57093733	37	7.48e-104
ptg000009l	94.779	249	163268	57093733	37	7.48e-104
ptg000009l	94.779	249	163268	57093733	37	7.48e-104
ptg000009l	98.636	220	163268	57093733	37	7.48e-104
ptg000009l	82.646	461	163268	57093733	37	2.69e-103
ptg000009l	95.436	241	163268	57093733	37	9.68e-103
ptg000009l	88.000	325	163268	57093733	37	1.25e-101
ptg000009l	93.822	259	163268	57093733	37	1.25e-101
ptg000009l	99.052	211	163268	57093733	37	4.50e-101
ptg000009l	99.052	211	163268	57093733	37	4.50e-101
ptg000009l	82.189	466	163268	57093733	37	4.50e-101
ptg000009l	98.165	218	163268	57093733	37	4.50e-101
ptg000009l	96.507	229	163268	57093733	37	5.82e-100
ptg000009l	93.902	246	163268	57093733	37	7.53e-99
ptg000009l	89.967	299	163268	57093733	37	2.71e-98
ptg000009l	99.024	205	163268	57093733	37	9.75e-98
ptg000009l	95.299	234	163268	57093733	37	3.51e-97
ptg000009l	93.173	249	163268	57093733	37	3.51e-97
ptg000009l	81.663	469	163268	57093733	37	3.51e-97
ptg000009l	99.492	197	163268	57093733	37	5.87e-95
ptg000009l	97.608	209	163268	57093733	37	5.87e-95
ptg000009l	97.608	209	163268	57093733	37	5.87e-95
ptg000009l	97.608	209	163268	57093733	37	5.87e-95
ptg000009l	98.990	198	163268	57093733	37	7.59e-94
ptg000009l	97.573	206	163268	57093733	37	2.73e-93
ptg000009l	97.573	206	163268	57093733	37	2.73e-93
ptg000009l	98.990	198	163268	57093733	37	2.73e-93
ptg000009l	91.406	256	163268	57093733	37	3.53e-92
ptg000009l	97.101	207	163268	57093733	37	3.53e-92
ptg000009l	97.101	207	163268	57093733	37	3.53e-92
ptg000009l	87.025	316	163268	57093733	37	3.53e-92
ptg000009l	86.984	315	163268	57093733	37	1.27e-91
ptg000009l	89.399	283	163268	57093733	37	1.27e-91
ptg000009l	88.621	290	163268	57093733	37	4.57e-91
ptg000009l	88.621	290	163268	57093733	37	1.64e-90
ptg000009l	97.044	203	163268	57093733	37	5.91e-90
ptg000009l	95.735	211	163268	57093733	37	2.12e-89
ptg000009l	88.462	286	163268	57093733	37	7.64e-89
ptg000009l	95.714	210	163268	57093733	37	2.75e-88
ptg000009l	89.925	268	163268	57093733	37	9.88e-88
ptg000009l	95.673	208	163268	57093733	37	9.88e-88
ptg000009l	96.098	205	163268	57093733	37	9.88e-88
ptg000009l	94.860	214	163268	57093733	37	9.88e-88
ptg000009l	94.860	214	163268	57093733	37	9.88e-88
ptg000009l	96.985	199	163268	57093733	37	9.88e-88
ptg000009l	99.451	182	163268	57093733	37	1.28e-86
ptg000009l	99.451	182	163268	57093733	37	1.28e-86
ptg000009l	95.261	211	163268	57093733	37	1.28e-86
ptg000009l	96.517	201	163268	57093733	37	1.28e-86
ptg000009l	95.610	205	163268	57093733	37	1.65e-85
ptg000009l	94.762	210	163268	57093733	37	5.95e-85
ptg000009l	91.213	239	163268	57093733	37	5.95e-85
ptg000009l	91.213	239	163268	57093733	37	5.95e-85
ptg000009l	97.396	192	163268	57093733	37	5.95e-85
ptg000009l	96.429	196	163268	57093733	37	2.14e-84
ptg000009l	96.875	192	163268	57093733	37	7.70e-84
ptg000009l	96.875	192	163268	57093733	37	7.70e-84
ptg000009l	90.833	240	163268	57093733	37	7.70e-84
ptg000009l	83.708	356	163268	57093733	37	9.95e-83
ptg000009l	98.333	180	163268	57093733	37	1.29e-81
ptg000009l	90.377	239	163268	57093733	37	1.29e-81
ptg000009l	88.372	258	163268	57093733	37	7.75e-79
ptg000009l	92.823	209	163268	57093733	37	2.79e-78
ptg000009l	95.745	188	163268	57093733	37	2.79e-78
ptg000009l	100.000	163	163268	57093733	37	1.00e-77
ptg000009l	100.000	163	163268	57093733	37	1.00e-77
ptg000009l	96.667	180	163268	57093733	37	3.61e-77
ptg000009l	100.000	162	163268	57093733	37	3.61e-77
ptg000009l	96.175	183	163268	57093733	37	1.30e-76
ptg000009l	99.390	164	163268	57093733	37	1.30e-76
ptg000009l	99.390	164	163268	57093733	37	1.30e-76
ptg000009l	94.301	193	163268	57093733	37	4.66e-76
ptg000009l	96.111	180	163268	57093733	37	6.03e-75
ptg000009l	96.111	180	163268	57093733	37	6.03e-75
ptg000009l	96.111	180	163268	57093733	37	6.03e-75
ptg000009l	94.681	188	163268	57093733	37	6.03e-75
ptg000009l	94.681	188	163268	57093733	37	6.03e-75
ptg000009l	93.333	195	163268	57093733	37	7.81e-74
ptg000009l	93.782	193	163268	57093733	37	7.81e-74
ptg000009l	93.333	195	163268	57093733	37	2.81e-73
ptg000009l	99.363	157	163268	57093733	37	1.01e-72
ptg000009l	98.726	157	163268	57093733	37	4.70e-71
ptg000009l	93.264	193	163268	57093733	37	4.70e-71
ptg000009l	99.351	154	163268	57093733	37	4.70e-71
ptg000009l	98.734	158	163268	57093733	37	4.70e-71
ptg000009l	100.000	147	163268	57093733	37	7.86e-69
ptg000009l	95.833	168	163268	57093733	37	7.86e-69
ptg000009l	95.833	168	163268	57093733	37	7.86e-69
ptg000009l	99.329	149	163268	57093733	37	2.83e-68
ptg000009l	90.431	209	163268	57093733	37	2.83e-68
ptg000009l	90.431	209	163268	57093733	37	2.83e-68
ptg000009l	91.919	198	163268	57093733	37	2.83e-68
ptg000009l	99.324	148	163268	57093733	37	1.02e-67
ptg000009l	98.675	151	163268	57093733	37	1.02e-67
ptg000009l	98.675	151	163268	57093733	37	1.02e-67
ptg000009l	92.896	183	163268	57093733	37	1.32e-66
ptg000009l	98.658	149	163268	57093733	37	4.73e-66
ptg000009l	94.675	169	163268	57093733	37	4.73e-66
ptg000009l	93.785	177	163268	57093733	37	4.73e-66
ptg000009l	96.815	157	163268	57093733	37	4.73e-66
ptg000009l	96.815	157	163268	57093733	37	4.73e-66
ptg000009l	96.815	157	163268	57093733	37	4.73e-66
ptg000009l	96.815	157	163268	57093733	37	4.73e-66
ptg000009l	98.649	148	163268	57093733	37	1.70e-65
ptg000009l	95.679	162	163268	57093733	37	1.70e-65
ptg000009l	95.679	162	163268	57093733	37	1.70e-65
ptg000009l	95.679	162	163268	57093733	37	1.70e-65
ptg000009l	96.795	156	163268	57093733	37	6.12e-65
ptg000009l	91.892	185	163268	57093733	37	2.20e-64
ptg000009l	97.959	147	163268	57093733	37	7.92e-64
ptg000009l	90.196	204	163268	57093733	37	7.92e-64
ptg000009l	96.226	159	163268	57093733	37	7.92e-64
ptg000009l	95.597	159	163268	57093733	37	7.92e-64
ptg000009l	95.597	159	163268	57093733	37	7.92e-64
ptg000009l	98.601	143	163268	57093733	37	2.85e-63
ptg000009l	95.031	161	163268	57093733	37	2.85e-63
ptg000009l	95.541	157	163268	57093733	37	1.02e-62
ptg000009l	92.179	179	163268	57093733	37	3.68e-62
ptg000009l	94.969	159	163268	57093733	37	3.68e-62
ptg000009l	77.223	461	163268	57093733	37	1.32e-61
ptg000009l	77.223	461	163268	57093733	37	1.32e-61
ptg000009l	93.865	163	163268	57093733	37	4.76e-61
ptg000009l	98.551	138	163268	57093733	37	1.71e-60
ptg000009l	96.599	147	163268	57093733	37	6.16e-60
ptg000009l	99.254	134	163268	57093733	37	6.16e-60
ptg000009l	91.061	179	163268	57093733	37	6.16e-60
ptg000009l	88.614	202	163268	57093733	37	2.22e-59
ptg000009l	94.737	152	163268	57093733	37	2.87e-58
ptg000009l	94.737	152	163268	57093733	37	2.87e-58
ptg000009l	93.168	161	163268	57093733	37	2.87e-58
ptg000009l	93.168	161	163268	57093733	37	2.87e-58
ptg000009l	96.503	143	163268	57093733	37	2.87e-58
ptg000009l	93.631	157	163268	57093733	37	1.03e-57
ptg000009l	94.156	154	163268	57093733	37	1.03e-57
ptg000009l	88.660	194	163268	57093733	37	1.03e-57
ptg000009l	88.660	194	163268	57093733	37	1.03e-57
ptg000009l	88.442	199	163268	57093733	37	1.03e-57
ptg000009l	93.631	157	163268	57093733	37	3.71e-57
ptg000009l	93.631	157	163268	57093733	37	3.71e-57
ptg000009l	95.890	146	163268	57093733	37	3.71e-57
ptg000009l	99.213	127	163268	57093733	37	4.80e-56
ptg000009l	98.462	130	163268	57093733	37	4.80e-56
ptg000009l	85.455	220	163268	57093733	37	2.23e-54
ptg000009l	99.187	123	163268	57093733	37	8.03e-54
ptg000009l	92.857	154	163268	57093733	37	8.03e-54
ptg000009l	100.000	119	163268	57093733	37	2.89e-53
ptg000009l	100.000	119	163268	57093733	37	2.89e-53
ptg000009l	91.772	158	163268	57093733	37	1.04e-52
ptg000009l	91.772	158	163268	57093733	37	1.04e-52
ptg000009l	97.619	126	163268	57093733	37	3.74e-52
ptg000009l	100.000	115	163268	57093733	37	4.83e-51
ptg000009l	100.000	115	163268	57093733	37	4.83e-51
ptg000009l	96.875	128	163268	57093733	37	4.83e-51
ptg000009l	96.875	128	163268	57093733	37	4.83e-51
ptg000009l	95.420	131	163268	57093733	37	6.25e-50
ptg000009l	95.420	131	163268	57093733	37	6.25e-50
ptg000009l	100.000	113	163268	57093733	37	6.25e-50
ptg000009l	90.062	161	163268	57093733	37	2.25e-49
ptg000009l	90.062	161	163268	57093733	37	2.25e-49
ptg000009l	96.774	124	163268	57093733	37	8.09e-49
ptg000009l	96.774	124	163268	57093733	37	8.09e-49
ptg000009l	90.062	161	163268	57093733	37	8.09e-49
ptg000009l	90.062	161	163268	57093733	37	8.09e-49
ptg000009l	90.850	153	163268	57093733	37	8.09e-49
ptg000009l	99.115	113	163268	57093733	37	2.91e-48
ptg000009l	98.276	116	163268	57093733	37	2.91e-48
ptg000009l	98.276	116	163268	57093733	37	2.91e-48
ptg000009l	86.170	188	163268	57093733	37	2.91e-48
ptg000009l	94.737	133	163268	57093733	37	2.91e-48
ptg000009l	94.737	133	163268	57093733	37	1.05e-47
ptg000009l	99.099	111	163268	57093733	37	3.76e-47
ptg000009l	86.022	186	163268	57093733	37	3.76e-47
ptg000009l	98.246	114	163268	57093733	37	1.35e-46
ptg000009l	100.000	107	163268	57093733	37	1.35e-46
ptg000009l	90.196	153	163268	57093733	37	1.35e-46
ptg000009l	81.933	238	163268	57093733	37	1.75e-45
ptg000009l	89.172	157	163268	57093733	37	1.75e-45
ptg000009l	98.198	111	163268	57093733	37	6.30e-45
ptg000009l	87.931	174	163268	57093733	37	6.30e-45
ptg000009l	96.552	116	163268	57093733	37	6.30e-45
ptg000009l	99.057	106	163268	57093733	37	2.26e-44
ptg000009l	95.798	119	163268	57093733	37	2.26e-44
ptg000009l	96.460	113	163268	57093733	37	2.93e-43
ptg000009l	96.460	113	163268	57093733	37	2.93e-43
ptg000009l	96.429	112	163268	57093733	37	1.05e-42
ptg000009l	93.023	129	163268	57093733	37	1.05e-42
ptg000009l	92.188	128	163268	57093733	37	4.90e-41
ptg000009l	98.058	103	163268	57093733	37	4.90e-41
ptg000009l	98.058	103	163268	57093733	37	4.90e-41
ptg000009l	80.077	261	163268	57093733	37	1.76e-40
ptg000009l	94.828	116	163268	57093733	37	1.76e-40
ptg000009l	94.828	116	163268	57093733	37	1.76e-40
ptg000009l	84.358	179	163268	57093733	37	6.34e-40
ptg000009l	92.126	127	163268	57093733	37	6.34e-40
ptg000009l	96.262	107	163268	57093733	37	6.34e-40
ptg000009l	96.262	107	163268	57093733	37	6.34e-40
ptg000009l	95.455	110	163268	57093733	37	6.34e-40
ptg000009l	93.966	116	163268	57093733	37	2.28e-39
ptg000009l	93.966	116	163268	57093733	37	2.28e-39
ptg000009l	98.969	97	163268	57093733	37	8.20e-39
ptg000009l	98.969	97	163268	57093733	37	8.20e-39
ptg000009l	97.059	102	163268	57093733	37	8.20e-39
ptg000009l	83.607	183	163268	57093733	37	2.95e-38
ptg000009l	83.607	183	163268	57093733	37	2.95e-38
ptg000009l	91.270	126	163268	57093733	37	2.95e-38
ptg000009l	100.000	91	163268	57093733	37	1.06e-37
ptg000009l	93.043	115	163268	57093733	37	3.82e-37
ptg000009l	93.750	112	163268	57093733	37	3.82e-37
ptg000009l	100.000	89	163268	57093733	37	1.37e-36
ptg000009l	96.040	101	163268	57093733	37	1.37e-36
ptg000009l	93.636	110	163268	57093733	37	1.37e-36
ptg000009l	96.939	98	163268	57093733	37	4.94e-36
ptg000009l	96.907	97	163268	57093733	37	4.94e-36
ptg000009l	96.907	97	163268	57093733	37	4.94e-36
ptg000009l	84.483	174	163268	57093733	37	4.94e-36
ptg000009l	95.960	99	163268	57093733	37	1.78e-35
ptg000009l	95.050	101	163268	57093733	37	6.39e-35
ptg000009l	95.050	101	163268	57093733	37	6.39e-35
ptg000009l	95.050	101	163268	57093733	37	6.39e-35
ptg000009l	95.960	99	163268	57093733	37	6.39e-35
ptg000009l	95.960	99	163268	57093733	37	6.39e-35
ptg000009l	92.857	112	163268	57093733	37	2.30e-34
ptg000009l	96.809	94	163268	57093733	37	2.30e-34
ptg000009l	90.598	117	163268	57093733	37	8.26e-34
ptg000009l	88.462	130	163268	57093733	37	2.97e-33
ptg000009l	90.517	116	163268	57093733	37	2.97e-33
ptg000009l	90.517	116	163268	57093733	37	2.97e-33
ptg000009l	94.949	99	163268	57093733	37	2.97e-33
ptg000009l	98.824	85	163268	57093733	37	1.07e-32
ptg000009l	96.703	91	163268	57093733	37	1.07e-32
ptg000009l	96.703	91	163268	57093733	37	1.07e-32
ptg000009l	94.845	97	163268	57093733	37	1.07e-32
ptg000009l	94.845	97	163268	57093733	37	1.07e-32
ptg000009l	92.453	106	163268	57093733	37	3.84e-32
ptg000009l	96.667	90	163268	57093733	37	3.84e-32
ptg000009l	100.000	80	163268	57093733	37	1.38e-31
ptg000009l	100.000	80	163268	57093733	37	1.38e-31
ptg000009l	100.000	80	163268	57093733	37	1.38e-31
ptg000009l	100.000	79	163268	57093733	37	4.97e-31
ptg000009l	97.647	85	163268	57093733	37	4.97e-31
ptg000009l	97.647	85	163268	57093733	37	4.97e-31
ptg000009l	100.000	79	163268	57093733	37	4.97e-31
ptg000009l	95.652	92	163268	57093733	37	4.97e-31
ptg000009l	96.552	87	163268	57093733	37	1.79e-30
ptg000009l	95.604	91	163268	57093733	37	1.79e-30
ptg000009l	98.718	78	163268	57093733	37	8.32e-29
ptg000009l	98.718	78	163268	57093733	37	8.32e-29
ptg000009l	97.561	82	163268	57093733	37	8.32e-29
ptg000009l	89.815	108	163268	57093733	37	2.99e-28
ptg000009l	98.701	77	163268	57093733	37	2.99e-28
ptg000009l	93.548	93	163268	57093733	37	2.99e-28
ptg000009l	98.701	77	163268	57093733	37	2.99e-28
ptg000009l	98.701	77	163268	57093733	37	2.99e-28
ptg000009l	97.436	78	163268	57093733	37	3.87e-27
ptg000009l	97.436	78	163268	57093733	37	3.87e-27
ptg000009l	100.000	72	163268	57093733	37	3.87e-27
ptg000009l	98.667	75	163268	57093733	37	3.87e-27
ptg000009l	98.667	75	163268	57093733	37	3.87e-27
ptg000009l	86.047	129	163268	57093733	37	3.87e-27
ptg000009l	93.333	90	163268	57093733	37	3.87e-27
ptg000009l	91.667	96	163268	57093733	37	3.87e-27
ptg000009l	91.667	96	163268	57093733	37	3.87e-27
ptg000009l	98.649	74	163268	57093733	37	1.39e-26
ptg000009l	92.553	94	163268	57093733	37	1.39e-26
ptg000009l	100.000	70	163268	57093733	37	5.01e-26
ptg000009l	96.250	80	163268	57093733	37	5.01e-26
ptg000009l	97.333	75	163268	57093733	37	1.80e-25
ptg000009l	86.325	117	163268	57093733	37	1.80e-25
ptg000009l	98.611	72	163268	57093733	37	1.80e-25
ptg000009l	89.320	103	163268	57093733	37	1.80e-25
ptg000009l	97.260	73	163268	57093733	37	2.33e-24
ptg000009l	97.260	73	163268	57093733	37	2.33e-24
ptg000009l	94.872	78	163268	57093733	37	8.38e-24
ptg000009l	94.872	78	163268	57093733	37	8.38e-24
ptg000009l	96.000	75	163268	57093733	37	8.38e-24
ptg000009l	96.000	75	163268	57093733	37	8.38e-24
ptg000009l	96.000	75	163268	57093733	37	8.38e-24
ptg000009l	98.529	68	163268	57093733	37	3.01e-23
ptg000009l	98.529	68	163268	57093733	37	3.01e-23
ptg000009l	97.183	71	163268	57093733	37	3.01e-23
ptg000009l	98.529	68	163268	57093733	37	3.01e-23
ptg000009l	98.507	67	163268	57093733	37	1.08e-22
ptg000009l	98.507	67	163268	57093733	37	1.08e-22
ptg000009l	100.000	63	163268	57093733	37	3.90e-22
ptg000009l	95.775	71	163268	57093733	37	1.40e-21
ptg000009l	95.775	71	163268	57093733	37	1.40e-21
ptg000009l	95.833	72	163268	57093733	37	1.40e-21
ptg000009l	100.000	62	163268	57093733	37	1.40e-21
ptg000009l	100.000	62	163268	57093733	37	1.40e-21
ptg000009l	98.438	64	163268	57093733	37	5.04e-21
ptg000009l	98.438	64	163268	57093733	37	5.04e-21
ptg000009l	98.438	64	163268	57093733	37	5.04e-21
ptg000009l	91.566	83	163268	57093733	37	5.04e-21
ptg000009l	100.000	60	163268	57093733	37	1.81e-20
ptg000009l	100.000	60	163268	57093733	37	1.81e-20
ptg000009l	91.566	83	163268	57093733	37	1.81e-20
ptg000009l	91.566	83	163268	57093733	37	1.81e-20
ptg000009l	98.413	63	163268	57093733	37	1.81e-20
ptg000009l	98.413	63	163268	57093733	37	1.81e-20
ptg000009l	94.444	72	163268	57093733	37	1.81e-20
ptg000009l	94.444	72	163268	57093733	37	1.81e-20
ptg000009l	91.463	82	163268	57093733	37	1.81e-20
ptg000009l	92.308	78	163268	57093733	37	6.52e-20
ptg000009l	92.308	78	163268	57093733	37	6.52e-20
ptg000009l	92.308	78	163268	57093733	37	6.52e-20
ptg000009l	92.308	78	163268	57093733	37	6.52e-20
ptg000009l	92.308	78	163268	57093733	37	6.52e-20
ptg000009l	92.308	78	163268	57093733	37	6.52e-20
ptg000009l	95.652	69	163268	57093733	37	6.52e-20
ptg000009l	95.588	68	163268	57093733	37	6.52e-20
ptg000009l	95.588	68	163268	57093733	37	6.52e-20
ptg000009l	92.208	77	163268	57093733	37	2.35e-19
ptg000009l	88.636	88	163268	57093733	37	2.35e-19
ptg000009l	88.636	88	163268	57093733	37	2.35e-19
ptg000009l	91.139	79	163268	57093733	37	8.44e-19
ptg000009l	95.455	66	163268	57093733	37	8.44e-19
ptg000009l	95.455	66	163268	57093733	37	8.44e-19
ptg000009l	89.157	83	163268	57093733	37	3.03e-18
ptg000009l	100.000	56	163268	57093733	37	3.03e-18
ptg000009l	96.721	61	163268	57093733	37	1.09e-17
ptg000009l	98.276	58	163268	57093733	37	1.09e-17
ptg000009l	98.276	58	163268	57093733	37	1.09e-17
ptg000009l	98.246	57	163268	57093733	37	3.93e-17
ptg000009l	100.000	53	163268	57093733	37	1.41e-16
ptg000009l	93.846	65	163268	57093733	37	1.41e-16
ptg000009l	93.846	65	163268	57093733	37	1.41e-16
ptg000009l	93.846	65	163268	57093733	37	1.41e-16
ptg000009l	95.161	62	163268	57093733	37	1.41e-16
ptg000009l	98.182	55	163268	57093733	37	5.08e-16
ptg000009l	95.082	61	163268	57093733	37	5.08e-16
ptg000009l	95.082	61	163268	57093733	37	5.08e-16
ptg000009l	93.750	64	163268	57093733	37	5.08e-16
ptg000009l	93.750	64	163268	57093733	37	5.08e-16
ptg000009l	93.750	64	163268	57093733	37	5.08e-16
ptg000009l	95.000	60	163268	57093733	37	1.83e-15
ptg000009l	96.491	57	163268	57093733	37	1.83e-15
ptg000009l	98.148	54	163268	57093733	37	1.83e-15
ptg000009l	96.491	57	163268	57093733	37	1.83e-15
ptg000009l	90.141	71	163268	57093733	37	6.57e-15
ptg000009l	96.429	56	163268	57093733	37	6.57e-15
ptg000009l	94.828	58	163268	57093733	37	2.36e-14
ptg000009l	94.915	59	163268	57093733	37	2.36e-14
ptg000009l	94.915	59	163268	57093733	37	2.36e-14
ptg000009l	92.188	64	163268	57093733	37	2.36e-14
ptg000009l	100.000	48	163268	57093733	37	8.50e-14
ptg000009l	100.000	48	163268	57093733	37	8.50e-14
ptg000009l	94.737	57	163268	57093733	37	8.50e-14
ptg000009l	94.828	58	163268	57093733	37	8.50e-14
ptg000009l	94.828	58	163268	57093733	37	8.50e-14
ptg000009l	98.000	50	163268	57093733	37	3.06e-13
ptg000009l	98.000	50	163268	57093733	37	3.06e-13
ptg000009l	94.643	56	163268	57093733	37	3.06e-13
ptg000009l	96.226	53	163268	57093733	37	3.06e-13
ptg000009l	96.226	53	163268	57093733	37	3.06e-13
ptg000009l	96.226	53	163268	57093733	37	3.06e-13
ptg000009l	96.226	53	163268	57093733	37	3.06e-13
ptg000009l	96.154	52	163268	57093733	37	1.10e-12
ptg000009l	96.154	52	163268	57093733	37	1.10e-12
ptg000009l	94.643	56	163268	57093733	37	1.10e-12
ptg000009l	88.889	72	163268	57093733	37	3.95e-12
ptg000009l	88.889	72	163268	57093733	37	3.95e-12
ptg000009l	90.323	62	163268	57093733	37	1.42e-11
ptg000009l	90.323	62	163268	57093733	37	1.42e-11
ptg000009l	97.872	47	163268	57093733	37	1.42e-11
ptg000009l	100.000	44	163268	57093733	37	1.42e-11
ptg000009l	100.000	44	163268	57093733	37	1.42e-11
ptg000009l	92.982	57	163268	57093733	37	1.42e-11
ptg000009l	92.982	57	163268	57093733	37	1.42e-11
ptg000009l	84.091	88	163268	57093733	37	1.42e-11
ptg000009l	100.000	43	163268	57093733	37	5.11e-11
ptg000009l	97.826	46	163268	57093733	37	5.11e-11
ptg000009l	85.526	76	163268	57093733	37	1.84e-10
ptg000009l	97.778	45	163268	57093733	37	1.84e-10
ptg000009l	95.833	48	163268	57093733	37	1.84e-10
ptg000009l	94.231	52	163268	57093733	37	1.84e-10
ptg000009l	97.778	45	163268	57093733	37	6.61e-10
ptg000009l	97.778	45	163268	57093733	37	6.61e-10
ptg000009l	94.000	50	163268	57093733	37	6.61e-10
ptg000009l	94.000	50	163268	57093733	37	6.61e-10
ptg000009l	94.118	51	163268	57093733	37	6.61e-10
ptg000009l	94.118	51	163268	57093733	37	6.61e-10
ptg000009l	94.118	51	163268	57093733	37	6.61e-10
ptg000009l	94.118	51	163268	57093733	37	6.61e-10
ptg000009l	94.118	51	163268	57093733	37	6.61e-10
ptg000009l	94.118	51	163268	57093733	37	6.61e-10
ptg000009l	86.957	69	163268	57093733	37	2.38e-09
ptg000009l	100.000	40	163268	57093733	37	2.38e-09
ptg000009l	97.674	43	163268	57093733	37	2.38e-09
ptg000009l	100.000	40	163268	57093733	37	2.38e-09
ptg000009l	100.000	39	163268	57093733	37	8.56e-09
ptg000009l	100.000	39	163268	57093733	37	8.56e-09
ptg000009l	89.474	57	163268	57093733	37	8.56e-09
ptg000009l	100.000	39	163268	57093733	37	8.56e-09
ptg000009l	95.455	44	163268	57093733	37	3.08e-08
ptg000009l	95.556	45	163268	57093733	37	3.08e-08
ptg000009l	95.455	44	163268	57093733	37	3.08e-08
ptg000009l	89.286	56	163268	57093733	37	3.08e-08
ptg000009l	100.000	37	163268	57093733	37	1.11e-07
ptg000009l	100.000	37	163268	57093733	37	1.11e-07
ptg000009l	97.436	39	163268	57093733	37	3.98e-07
ptg000009l	97.436	39	163268	57093733	37	3.98e-07
ptg000009l	97.436	39	163268	57093733	37	3.98e-07
ptg000009l	100.000	35	163268	57093733	37	1.43e-06
ptg000009l	97.368	38	163268	57093733	37	1.43e-06
ptg000009l	97.368	38	163268	57093733	37	1.43e-06
ptg000009l	97.297	37	163268	57093733	37	5.15e-06
ptg000009l	100.000	34	163268	57093733	37	5.15e-06
ptg000009l	100.000	34	163268	57093733	37	5.15e-06
ptg000009l	100.000	34	163268	57093733	37	5.15e-06
ptg000009l	100.000	34	163268	57093733	37	5.15e-06
ptg000009l	97.297	37	163268	57093733	37	5.15e-06
ptg000009l	100.000	34	163268	57093733	37	5.15e-06
ptg000009l	97.297	37	163268	57093733	37	1.85e-05
ptg000009l	100.000	32	163268	57093733	37	6.66e-05
ptg000009l	100.000	32	163268	57093733	37	6.66e-05
ptg000009l	100.000	31	163268	57093733	37	2.40e-04
ptg000009l	100.000	31	163268	57093733	37	2.40e-04
ptg000009l	100.000	31	163268	57093733	37	2.40e-04
ptg000009l	94.595	37	163268	57093733	37	2.40e-04
ptg000009l	100.000	31	163268	57093733	37	2.40e-04
ptg000009l	100.000	30	163268	57093733	37	8.62e-04
ptg000009l	94.444	36	163268	57093733	37	0.003
ptg000009l	96.970	33	163268	57093733	37	0.003
ptg000009l	100.000	29	163268	57093733	37	0.003
ptg000009l	96.875	32	163268	57093733	37	0.003
ptg000009l	96.875	32	163268	57093733	37	0.003
ptg000009l	96.875	32	163268	57093733	37	0.003
ptg000009l	96.875	32	163268	57093733	37	0.003
ptg000009l	96.875	32	163268	57093733	37	0.003
ptg000009l	96.875	32	163268	57093733	37	0.003
ptg000009l	92.105	38	163268	57093733	37	0.003
ptg000009l	100.000	28	163268	57093733	37	0.011
ptg000009l	100.000	28	163268	57093733	37	0.011
ptg000009l	100.000	28	163268	57093733	37	0.011
ptg000009l	100.000	28	163268	57093733	37	0.011
ptg000014l	95.148	474	163268	6725489	5	0.0
ptg000014l	88.641	537	163268	6725489	5	0.0
ptg000014l	88.641	537	163268	6725489	5	0.0
ptg000014l	93.092	304	163268	6725489	5	1.57e-120
ptg000014l	94.348	230	163268	6725489	5	2.73e-93
ptg000014l	94.180	189	163268	6725489	5	2.81e-73
ptg000014l	94.180	189	163268	6725489	5	2.81e-73
ptg000014l	92.857	196	163268	6725489	5	4.70e-71
ptg000014l	92.784	194	163268	6725489	5	1.69e-70
ptg000014l	90.952	210	163268	6725489	5	6.08e-70
ptg000014l	91.837	196	163268	6725489	5	7.86e-69
ptg000014l	91.837	196	163268	6725489	5	7.86e-69
ptg000014l	96.835	158	163268	6725489	5	1.32e-66
ptg000014l	96.835	158	163268	6725489	5	1.32e-66
ptg000014l	95.000	160	163268	6725489	5	1.02e-62
ptg000014l	95.000	160	163268	6725489	5	1.02e-62
ptg000014l	92.179	179	163268	6725489	5	3.68e-62
ptg000014l	97.857	140	163268	6725489	5	6.16e-60
ptg000014l	97.857	140	163268	6725489	5	6.16e-60
ptg000014l	99.248	133	163268	6725489	5	2.22e-59
ptg000014l	95.302	149	163268	6725489	5	2.87e-58
ptg000014l	93.631	157	163268	6725489	5	1.03e-57
ptg000014l	89.362	188	163268	6725489	5	3.71e-57
ptg000014l	97.674	129	163268	6725489	5	2.89e-53
ptg000014l	95.349	129	163268	6725489	5	1.05e-47
ptg000014l	99.038	104	163268	6725489	5	1.05e-42
ptg000014l	99.038	104	163268	6725489	5	1.05e-42
ptg000014l	100.000	95	163268	6725489	5	6.34e-40
ptg000014l	98.020	101	163268	6725489	5	2.28e-39
ptg000014l	93.103	116	163268	6725489	5	2.95e-38
ptg000014l	93.103	116	163268	6725489	5	2.95e-38
ptg000014l	97.872	94	163268	6725489	5	4.94e-36
ptg000014l	97.872	94	163268	6725489	5	4.94e-36
ptg000014l	93.548	93	163268	6725489	5	2.99e-28
ptg000014l	94.318	88	163268	6725489	5	1.08e-27
ptg000014l	93.750	80	163268	6725489	5	3.01e-23
ptg000014l	93.750	80	163268	6725489	5	3.01e-23
ptg000014l	91.566	83	163268	6725489	5	1.40e-21
ptg000014l	97.015	67	163268	6725489	5	5.04e-21
ptg000014l	98.182	55	163268	6725489	5	5.08e-16
ptg000014l	96.491	57	163268	6725489	5	1.83e-15
ptg000014l	75.102	245	163268	6725489	5	2.36e-14
ptg000014l	95.833	48	163268	6725489	5	1.84e-10
ptg000014l	95.833	48	163268	6725489	5	1.84e-10
ptg000014l	97.674	43	163268	6725489	5	2.38e-09
ptg000014l	97.619	42	163268	6725489	5	8.56e-09
ptg000014l	97.561	41	163268	6725489	5	3.08e-08
ptg000014l	95.349	43	163268	6725489	5	1.11e-07
ptg000014l	91.667	48	163268	6725489	5	3.98e-07
ptg000014l	91.667	48	163268	6725489	5	3.98e-07
ptg000014l	100.000	36	163268	6725489	5	3.98e-07
ptg000014l	100.000	36	163268	6725489	5	3.98e-07
ptg000014l	100.000	32	163268	6725489	5	6.66e-05
ptg000014l	100.000	32	163268	6725489	5	6.66e-05
ptg000045l	87.984	491	163268	118804	1	2.51e-153
ptg000045l	87.984	491	163268	118804	1	2.51e-153
ptg000045l	87.935	489	163268	118804	1	3.24e-152
ptg000045l	87.935	489	163268	118804	1	3.24e-152
ptg000045l	96.512	86	163268	118804	1	2.31e-29
ptg000045l	96.512	86	163268	118804	1	2.31e-29
ptg000045l	97.403	77	163268	118804	1	1.39e-26
ptg000045l	97.403	77	163268	118804	1	1.39e-26
ptg000045l	100.000	29	163268	118804	1	0.003
ptg000045l	100.000	29	163268	118804	1	0.003
ptg000045l	100.000	29	163268	118804	1	0.003
ptg000045l	100.000	29	163268	118804	1	0.003
ptg000054l	98.876	178	163268	62207	0	3.58e-82
ptg000054l	93.671	79	163268	62207	0	3.90e-22
ptg000036l	96.842	190	163268	55519	0	3.58e-82
ptg000036l	93.671	79	163268	55519	0	3.90e-22
ptg000018l	98.876	178	163268	64440	0	3.58e-82
ptg000018l	93.671	79	163268	64440	0	3.90e-22
ptg000055l	98.276	174	163268	110367	0	7.75e-79
ptg000055l	98.276	174	163268	110367	0	7.75e-79
ptg000055l	98.462	65	163268	110367	0	1.40e-21
# BLAST processed 1 queries
