# BLASTN 2.16.0+
# Query: CM024525.1 Eucalyptus virginea isolate CCA4170 chloroplast, complete sequence, whole genome shotgun sequence
# Database: e_phylacis_db
# Fields: subject id, % identity, alignment length, query length, subject length, % query coverage per subject, evalue
# 4829 hits found
ptg000022l	99.794	80388	160251	198530	99	0.0
ptg000022l	99.699	79985	160251	198530	99	0.0
ptg000022l	99.892	35265	160251	198530	99	0.0
ptg000022l	99.883	26413	160251	198530	99	0.0
ptg000022l	99.788	26415	160251	198530	99	0.0
ptg000022l	99.786	26151	160251	198530	99	0.0
ptg000022l	99.935	3086	160251	198530	99	0.0
ptg000022l	100.000	39	160251	198530	99	8.40e-09
ptg000022l	97.619	42	160251	198530	99	8.40e-09
ptg000022l	97.500	40	160251	198530	99	1.09e-07
ptg000022l	97.500	40	160251	198530	99	1.09e-07
ptg000022l	97.500	40	160251	198530	99	1.09e-07
ptg000022l	97.500	40	160251	198530	99	1.09e-07
ptg000022l	97.500	40	160251	198530	99	1.09e-07
ptg000022l	79.121	91	160251	198530	99	2.35e-04
ptg000022l	100.000	30	160251	198530	99	8.46e-04
ptg000022l	100.000	30	160251	198530	99	8.46e-04
ptg000022l	100.000	30	160251	198530	99	8.46e-04
ptg000022l	100.000	28	160251	198530	99	0.011
ptg000021l	99.699	79985	160251	272542	77	0.0
ptg000021l	99.902	15309	160251	272542	77	0.0
ptg000021l	99.726	15312	160251	272542	77	0.0
ptg000021l	99.763	10966	160251	272542	77	0.0
ptg000021l	99.838	1851	160251	272542	77	0.0
ptg000021l	99.838	1849	160251	272542	77	0.0
ptg000021l	99.028	1851	160251	272542	77	0.0
ptg000021l	74.016	889	160251	272542	77	1.63e-80
ptg000021l	73.903	889	160251	272542	77	7.61e-79
ptg000021l	74.943	435	160251	272542	77	6.18e-45
ptg000021l	100.000	39	160251	272542	77	8.40e-09
ptg000021l	97.500	40	160251	272542	77	1.09e-07
ptg000021l	79.121	91	160251	272542	77	2.35e-04
ptg000021l	100.000	30	160251	272542	77	8.46e-04
ptg000021l	100.000	30	160251	272542	77	8.46e-04
ptg000021l	100.000	30	160251	272542	77	8.46e-04
ptg000021l	100.000	28	160251	272542	77	0.011
ptg000033l	99.775	68567	160251	79721	51	0.0
ptg000033l	99.887	35529	160251	79721	51	0.0
ptg000033l	99.789	23711	160251	79721	51	0.0
ptg000033l	99.952	2095	160251	79721	51	0.0
ptg000033l	100.000	39	160251	79721	51	8.40e-09
ptg000033l	97.500	40	160251	79721	51	1.09e-07
ptg000033l	97.500	40	160251	79721	51	1.09e-07
ptg000033l	97.500	40	160251	79721	51	1.09e-07
ptg000033l	97.500	40	160251	79721	51	1.09e-07
ptg000027l	99.739	49038	160251	214149	43	0.0
ptg000027l	99.904	22941	160251	214149	43	0.0
ptg000027l	99.882	7652	160251	214149	43	0.0
ptg000027l	92.401	2632	160251	214149	43	0.0
ptg000027l	82.176	533	160251	214149	43	2.60e-113
ptg000027l	74.016	889	160251	214149	43	1.63e-80
ptg000027l	73.903	889	160251	214149	43	7.61e-79
ptg000027l	77.925	453	160251	214149	43	1.01e-57
ptg000027l	74.943	435	160251	214149	43	6.18e-45
ptg000027l	91.954	87	160251	214149	43	8.22e-24
ptg000027l	91.954	87	160251	214149	43	8.22e-24
ptg000027l	100.000	43	160251	214149	43	5.02e-11
ptg000027l	97.619	42	160251	214149	43	8.40e-09
ptg000027l	97.500	40	160251	214149	43	1.09e-07
ptg000027l	97.500	40	160251	214149	43	1.09e-07
ptg000027l	97.500	40	160251	214149	43	1.09e-07
ptg000046l	99.749	35864	160251	53645	24	0.0
ptg000046l	99.867	9773	160251	53645	24	0.0
ptg000046l	99.882	7650	160251	53645	24	0.0
ptg000046l	97.619	42	160251	53645	24	8.40e-09
ptg000046l	97.500	40	160251	53645	24	1.09e-07
ptg000046l	97.500	40	160251	53645	24	1.09e-07
ptg000005l	94.659	6797	160251	61704420	53	0.0
ptg000005l	96.678	3642	160251	61704420	53	0.0
ptg000005l	95.709	3752	160251	61704420	53	0.0
ptg000005l	98.663	2992	160251	61704420	53	0.0
ptg000005l	96.866	2010	160251	61704420	53	0.0
ptg000005l	96.054	1926	160251	61704420	53	0.0
ptg000005l	94.432	1778	160251	61704420	53	0.0
ptg000005l	91.249	1874	160251	61704420	53	0.0
ptg000005l	91.011	1880	160251	61704420	53	0.0
ptg000005l	97.213	1148	160251	61704420	53	0.0
ptg000005l	96.821	975	160251	61704420	53	0.0
ptg000005l	96.718	975	160251	61704420	53	0.0
ptg000005l	89.889	1167	160251	61704420	53	0.0
ptg000005l	89.803	1167	160251	61704420	53	0.0
ptg000005l	92.885	1026	160251	61704420	53	0.0
ptg000005l	95.854	820	160251	61704420	53	0.0
ptg000005l	88.423	1097	160251	61704420	53	0.0
ptg000005l	88.026	1094	160251	61704420	53	0.0
ptg000005l	97.756	713	160251	61704420	53	0.0
ptg000005l	90.941	850	160251	61704420	53	0.0
ptg000005l	94.590	647	160251	61704420	53	0.0
ptg000005l	88.523	819	160251	61704420	53	0.0
ptg000005l	94.595	629	160251	61704420	53	0.0
ptg000005l	88.321	822	160251	61704420	53	0.0
ptg000005l	93.651	630	160251	61704420	53	0.0
ptg000005l	97.727	528	160251	61704420	53	0.0
ptg000005l	97.368	532	160251	61704420	53	0.0
ptg000005l	96.507	544	160251	61704420	53	0.0
ptg000005l	95.756	542	160251	61704420	53	0.0
ptg000005l	98.340	482	160251	61704420	53	0.0
ptg000005l	93.162	585	160251	61704420	53	0.0
ptg000005l	93.162	585	160251	61704420	53	0.0
ptg000005l	95.898	512	160251	61704420	53	0.0
ptg000005l	98.291	468	160251	61704420	53	0.0
ptg000005l	97.510	482	160251	61704420	53	0.0
ptg000005l	98.072	415	160251	61704420	53	0.0
ptg000005l	87.460	630	160251	61704420	53	0.0
ptg000005l	90.112	536	160251	61704420	53	0.0
ptg000005l	89.758	537	160251	61704420	53	0.0
ptg000005l	89.777	538	160251	61704420	53	0.0
ptg000005l	89.944	537	160251	61704420	53	0.0
ptg000005l	89.219	538	160251	61704420	53	0.0
ptg000005l	99.722	360	160251	61704420	53	0.0
ptg000005l	95.377	411	160251	61704420	53	0.0
ptg000005l	97.613	377	160251	61704420	53	0.0
ptg000005l	96.419	391	160251	61704420	53	1.42e-180
ptg000005l	98.876	356	160251	61704420	53	2.37e-178
ptg000005l	92.905	451	160251	61704420	53	8.54e-178
ptg000005l	95.443	395	160251	61704420	53	3.97e-176
ptg000005l	94.581	406	160251	61704420	53	5.14e-175
ptg000005l	94.962	397	160251	61704420	53	2.39e-173
ptg000005l	94.089	406	160251	61704420	53	4.00e-171
ptg000005l	89.047	493	160251	61704420	53	2.41e-168
ptg000005l	88.980	490	160251	61704420	53	1.12e-166
ptg000005l	95.225	377	160251	61704420	53	1.45e-165
ptg000005l	94.709	378	160251	61704420	53	2.43e-163
ptg000005l	95.628	366	160251	61704420	53	3.14e-162
ptg000005l	91.091	449	160251	61704420	53	1.13e-161
ptg000005l	97.076	342	160251	61704420	53	1.89e-159
ptg000005l	96.532	346	160251	61704420	53	8.79e-158
ptg000005l	86.857	525	160251	61704420	53	3.16e-157
ptg000005l	98.089	314	160251	61704420	53	1.14e-151
ptg000005l	96.319	326	160251	61704420	53	8.91e-148
ptg000005l	98.046	307	160251	61704420	53	3.21e-147
ptg000005l	93.132	364	160251	61704420	53	3.21e-147
ptg000005l	93.113	363	160251	61704420	53	1.15e-146
ptg000005l	100.000	285	160251	61704420	53	1.49e-145
ptg000005l	97.403	308	160251	61704420	53	1.93e-144
ptg000005l	91.026	390	160251	61704420	53	1.93e-144
ptg000005l	96.815	314	160251	61704420	53	6.94e-144
ptg000005l	89.731	409	160251	61704420	53	2.50e-143
ptg000005l	89.731	409	160251	61704420	53	2.50e-143
ptg000005l	95.652	322	160251	61704420	53	8.98e-143
ptg000005l	93.410	349	160251	61704420	53	3.23e-142
ptg000005l	93.410	349	160251	61704420	53	3.23e-142
ptg000005l	93.567	342	160251	61704420	53	1.50e-140
ptg000005l	97.635	296	160251	61704420	53	5.40e-140
ptg000005l	97.635	296	160251	61704420	53	5.40e-140
ptg000005l	92.982	342	160251	61704420	53	1.17e-136
ptg000005l	94.136	324	160251	61704420	53	5.44e-135
ptg000005l	95.738	305	160251	61704420	53	1.96e-134
ptg000005l	93.846	325	160251	61704420	53	7.04e-134
ptg000005l	92.222	360	160251	61704420	53	7.04e-134
ptg000005l	88.636	396	160251	61704420	53	1.52e-130
ptg000005l	88.636	396	160251	61704420	53	1.52e-130
ptg000005l	92.492	333	160251	61704420	53	1.52e-130
ptg000005l	93.711	318	160251	61704420	53	5.48e-130
ptg000005l	91.092	348	160251	61704420	53	7.09e-129
ptg000005l	91.092	348	160251	61704420	53	7.09e-129
ptg000005l	99.611	257	160251	61704420	53	2.55e-128
ptg000005l	92.515	334	160251	61704420	53	1.19e-126
ptg000005l	97.101	276	160251	61704420	53	1.19e-126
ptg000005l	94.649	299	160251	61704420	53	4.27e-126
ptg000005l	91.867	332	160251	61704420	53	1.53e-125
ptg000005l	98.837	258	160251	61704420	53	1.53e-125
ptg000005l	91.566	332	160251	61704420	53	2.57e-123
ptg000005l	98.069	259	160251	61704420	53	9.23e-123
ptg000005l	94.079	304	160251	61704420	53	3.32e-122
ptg000005l	94.218	294	160251	61704420	53	1.19e-121
ptg000005l	94.218	294	160251	61704420	53	1.19e-121
ptg000005l	97.674	258	160251	61704420	53	1.55e-120
ptg000005l	95.324	278	160251	61704420	53	2.00e-119
ptg000005l	89.655	348	160251	61704420	53	2.00e-119
ptg000005l	97.287	258	160251	61704420	53	9.30e-118
ptg000005l	90.087	343	160251	61704420	53	3.34e-117
ptg000005l	90.145	345	160251	61704420	53	1.20e-116
ptg000005l	94.286	280	160251	61704420	53	1.56e-115
ptg000005l	89.049	347	160251	61704420	53	1.56e-115
ptg000005l	97.976	247	160251	61704420	53	1.56e-115
ptg000005l	89.796	343	160251	61704420	53	5.60e-115
ptg000005l	94.565	276	160251	61704420	53	2.01e-114
ptg000005l	83.084	467	160251	61704420	53	2.60e-113
ptg000005l	83.084	467	160251	61704420	53	2.60e-113
ptg000005l	93.885	278	160251	61704420	53	9.36e-113
ptg000005l	96.124	258	160251	61704420	53	9.36e-113
ptg000005l	97.934	242	160251	61704420	53	9.36e-113
ptg000005l	99.134	231	160251	61704420	53	3.37e-112
ptg000005l	97.510	241	160251	61704420	53	4.36e-111
ptg000005l	91.333	300	160251	61704420	53	1.57e-110
ptg000005l	85.714	399	160251	61704420	53	7.29e-109
ptg000005l	85.714	399	160251	61704420	53	7.29e-109
ptg000005l	92.832	279	160251	61704420	53	2.62e-108
ptg000005l	90.354	311	160251	61704420	53	2.62e-108
ptg000005l	92.832	279	160251	61704420	53	2.62e-108
ptg000005l	90.940	298	160251	61704420	53	3.39e-107
ptg000005l	100.000	216	160251	61704420	53	3.39e-107
ptg000005l	92.473	279	160251	61704420	53	1.22e-106
ptg000005l	99.099	222	160251	61704420	53	1.22e-106
ptg000005l	90.667	300	160251	61704420	53	1.22e-106
ptg000005l	97.788	226	160251	61704420	53	2.04e-104
ptg000005l	93.609	266	160251	61704420	53	2.64e-103
ptg000005l	90.972	288	160251	61704420	53	2.64e-103
ptg000005l	91.228	285	160251	61704420	53	2.64e-103
ptg000005l	84.826	402	160251	61704420	53	9.50e-103
ptg000005l	92.509	267	160251	61704420	53	3.42e-102
ptg000005l	91.489	282	160251	61704420	53	3.42e-102
ptg000005l	96.916	227	160251	61704420	53	1.23e-101
ptg000005l	91.549	284	160251	61704420	53	1.23e-101
ptg000005l	89.542	306	160251	61704420	53	1.23e-101
ptg000005l	89.542	306	160251	61704420	53	1.23e-101
ptg000005l	97.321	224	160251	61704420	53	1.23e-101
ptg000005l	97.321	224	160251	61704420	53	1.23e-101
ptg000005l	91.336	277	160251	61704420	53	4.42e-101
ptg000005l	99.517	207	160251	61704420	53	1.59e-100
ptg000005l	91.197	284	160251	61704420	53	5.72e-100
ptg000005l	84.383	397	160251	61704420	53	2.06e-99
ptg000005l	96.444	225	160251	61704420	53	7.39e-99
ptg000005l	88.889	306	160251	61704420	53	2.66e-98
ptg000005l	88.889	306	160251	61704420	53	2.66e-98
ptg000005l	98.113	212	160251	61704420	53	9.57e-98
ptg000005l	96.035	227	160251	61704420	53	1.24e-96
ptg000005l	90.876	274	160251	61704420	53	4.45e-96
ptg000005l	98.537	205	160251	61704420	53	4.45e-96
ptg000005l	94.828	232	160251	61704420	53	1.60e-95
ptg000005l	98.522	203	160251	61704420	53	5.76e-95
ptg000005l	98.529	204	160251	61704420	53	5.76e-95
ptg000005l	80.347	519	160251	61704420	53	2.07e-94
ptg000005l	95.516	223	160251	61704420	53	2.07e-94
ptg000005l	95.516	223	160251	61704420	53	2.07e-94
ptg000005l	87.273	330	160251	61704420	53	2.07e-94
ptg000005l	96.729	214	160251	61704420	53	2.07e-94
ptg000005l	93.333	240	160251	61704420	53	7.45e-94
ptg000005l	96.296	216	160251	61704420	53	7.45e-94
ptg000005l	96.313	217	160251	61704420	53	2.68e-93
ptg000005l	91.797	256	160251	61704420	53	2.68e-93
ptg000005l	98.039	204	160251	61704420	53	2.68e-93
ptg000005l	92.946	241	160251	61704420	53	9.63e-93
ptg000005l	80.115	523	160251	61704420	53	9.63e-93
ptg000005l	98.980	196	160251	61704420	53	9.63e-93
ptg000005l	95.853	217	160251	61704420	53	1.25e-91
ptg000005l	87.973	291	160251	61704420	53	5.80e-90
ptg000005l	97.462	197	160251	61704420	53	2.70e-88
ptg000005l	91.701	241	160251	61704420	53	9.70e-88
ptg000005l	96.552	203	160251	61704420	53	9.70e-88
ptg000005l	91.949	236	160251	61704420	53	4.51e-86
ptg000005l	97.895	190	160251	61704420	53	4.51e-86
ptg000005l	86.755	302	160251	61704420	53	1.62e-85
ptg000005l	94.037	218	160251	61704420	53	2.10e-84
ptg000005l	91.525	236	160251	61704420	53	2.10e-84
ptg000005l	95.567	203	160251	61704420	53	7.55e-84
ptg000005l	98.361	183	160251	61704420	53	7.55e-84
ptg000005l	98.361	183	160251	61704420	53	7.55e-84
ptg000005l	97.838	185	160251	61704420	53	2.72e-83
ptg000005l	92.208	231	160251	61704420	53	9.77e-83
ptg000005l	99.425	174	160251	61704420	53	3.51e-82
ptg000005l	99.425	174	160251	61704420	53	3.51e-82
ptg000005l	98.333	180	160251	61704420	53	1.26e-81
ptg000005l	98.333	180	160251	61704420	53	1.26e-81
ptg000005l	95.431	197	160251	61704420	53	1.26e-81
ptg000005l	95.431	197	160251	61704420	53	1.26e-81
ptg000005l	98.864	176	160251	61704420	53	1.26e-81
ptg000005l	95.431	197	160251	61704420	53	4.55e-81
ptg000005l	89.712	243	160251	61704420	53	1.63e-80
ptg000005l	98.305	177	160251	61704420	53	1.63e-80
ptg000005l	89.558	249	160251	61704420	53	1.63e-80
ptg000005l	97.283	184	160251	61704420	53	1.63e-80
ptg000005l	97.283	184	160251	61704420	53	1.63e-80
ptg000005l	99.415	171	160251	61704420	53	1.63e-80
ptg000005l	99.415	171	160251	61704420	53	1.63e-80
ptg000005l	98.844	173	160251	61704420	53	5.88e-80
ptg000005l	98.844	173	160251	61704420	53	5.88e-80
ptg000005l	93.396	212	160251	61704420	53	2.11e-79
ptg000005l	98.295	176	160251	61704420	53	2.11e-79
ptg000005l	82.632	380	160251	61704420	53	7.61e-79
ptg000005l	89.300	243	160251	61704420	53	2.74e-78
ptg000005l	97.207	179	160251	61704420	53	2.74e-78
ptg000005l	88.980	245	160251	61704420	53	9.84e-78
ptg000005l	95.722	187	160251	61704420	53	1.27e-76
ptg000005l	97.143	175	160251	61704420	53	4.58e-76
ptg000005l	100.000	160	160251	61704420	53	4.58e-76
ptg000005l	100.000	160	160251	61704420	53	4.58e-76
ptg000005l	98.795	166	160251	61704420	53	1.65e-75
ptg000005l	98.795	166	160251	61704420	53	1.65e-75
ptg000005l	84.790	309	160251	61704420	53	5.92e-75
ptg000005l	91.364	220	160251	61704420	53	5.92e-75
ptg000005l	93.782	193	160251	61704420	53	7.66e-74
ptg000005l	81.842	380	160251	61704420	53	9.91e-73
ptg000005l	94.652	187	160251	61704420	53	9.91e-73
ptg000005l	94.595	185	160251	61704420	53	3.56e-72
ptg000005l	89.224	232	160251	61704420	53	1.28e-71
ptg000005l	97.546	163	160251	61704420	53	4.61e-71
ptg000005l	96.429	168	160251	61704420	53	1.66e-70
ptg000005l	97.531	162	160251	61704420	53	5.96e-70
ptg000005l	92.708	192	160251	61704420	53	5.96e-70
ptg000005l	96.933	163	160251	61704420	53	2.15e-69
ptg000005l	96.933	163	160251	61704420	53	2.15e-69
ptg000005l	93.548	186	160251	61704420	53	2.15e-69
ptg000005l	93.548	186	160251	61704420	53	2.15e-69
ptg000005l	91.500	200	160251	61704420	53	2.15e-69
ptg000005l	91.500	200	160251	61704420	53	2.15e-69
ptg000005l	97.500	160	160251	61704420	53	2.15e-69
ptg000005l	97.500	160	160251	61704420	53	2.15e-69
ptg000005l	96.933	163	160251	61704420	53	2.15e-69
ptg000005l	91.837	196	160251	61704420	53	7.72e-69
ptg000005l	99.333	150	160251	61704420	53	7.72e-69
ptg000005l	99.333	150	160251	61704420	53	7.72e-69
ptg000005l	97.484	159	160251	61704420	53	7.72e-69
ptg000005l	93.923	181	160251	61704420	53	7.72e-69
ptg000005l	93.923	181	160251	61704420	53	7.72e-69
ptg000005l	95.833	168	160251	61704420	53	7.72e-69
ptg000005l	94.798	173	160251	61704420	53	2.77e-68
ptg000005l	91.795	195	160251	61704420	53	2.77e-68
ptg000005l	89.189	222	160251	61704420	53	2.77e-68
ptg000005l	92.228	193	160251	61704420	53	2.77e-68
ptg000005l	89.252	214	160251	61704420	53	9.98e-68
ptg000005l	89.252	214	160251	61704420	53	9.98e-68
ptg000005l	98.684	152	160251	61704420	53	9.98e-68
ptg000005l	95.266	169	160251	61704420	53	3.59e-67
ptg000005l	96.855	159	160251	61704420	53	3.59e-67
ptg000005l	96.319	163	160251	61704420	53	3.59e-67
ptg000005l	91.282	195	160251	61704420	53	1.29e-66
ptg000005l	95.238	168	160251	61704420	53	1.29e-66
ptg000005l	98.026	152	160251	61704420	53	4.64e-66
ptg000005l	95.732	164	160251	61704420	53	1.67e-65
ptg000005l	97.368	152	160251	61704420	53	6.01e-65
ptg000005l	98.000	150	160251	61704420	53	6.01e-65
ptg000005l	92.350	183	160251	61704420	53	2.16e-64
ptg000005l	84.815	270	160251	61704420	53	2.16e-64
ptg000005l	97.959	147	160251	61704420	53	7.77e-64
ptg000005l	97.959	147	160251	61704420	53	7.77e-64
ptg000005l	96.732	153	160251	61704420	53	2.79e-63
ptg000005l	94.083	169	160251	61704420	53	2.79e-63
ptg000005l	97.333	150	160251	61704420	53	2.79e-63
ptg000005l	97.959	147	160251	61704420	53	2.79e-63
ptg000005l	92.655	177	160251	61704420	53	1.01e-62
ptg000005l	99.281	139	160251	61704420	53	1.01e-62
ptg000005l	94.479	163	160251	61704420	53	3.62e-62
ptg000005l	90.674	193	160251	61704420	53	3.62e-62
ptg000005l	87.225	227	160251	61704420	53	4.68e-61
ptg000005l	93.902	164	160251	61704420	53	1.68e-60
ptg000005l	86.726	226	160251	61704420	53	1.68e-60
ptg000005l	97.857	140	160251	61704420	53	6.05e-60
ptg000005l	100.000	131	160251	61704420	53	6.05e-60
ptg000005l	97.203	143	160251	61704420	53	2.18e-59
ptg000005l	98.529	136	160251	61704420	53	2.18e-59
ptg000005l	93.827	162	160251	61704420	53	2.18e-59
ptg000005l	97.163	141	160251	61704420	53	7.83e-59
ptg000005l	89.447	199	160251	61704420	53	2.81e-58
ptg000005l	88.119	202	160251	61704420	53	1.01e-57
ptg000005l	97.810	137	160251	61704420	53	1.01e-57
ptg000005l	94.805	154	160251	61704420	53	1.01e-57
ptg000005l	89.231	195	160251	61704420	53	3.64e-57
ptg000005l	89.231	195	160251	61704420	53	3.64e-57
ptg000005l	95.238	147	160251	61704420	53	3.64e-57
ptg000005l	93.038	158	160251	61704420	53	1.31e-56
ptg000005l	98.485	132	160251	61704420	53	1.31e-56
ptg000005l	95.862	145	160251	61704420	53	1.31e-56
ptg000005l	95.833	144	160251	61704420	53	1.31e-56
ptg000005l	97.080	137	160251	61704420	53	1.31e-56
ptg000005l	97.761	134	160251	61704420	53	1.31e-56
ptg000005l	89.617	183	160251	61704420	53	4.71e-56
ptg000005l	97.059	136	160251	61704420	53	4.71e-56
ptg000005l	98.462	130	160251	61704420	53	4.71e-56
ptg000005l	98.462	130	160251	61704420	53	4.71e-56
ptg000005l	100.000	124	160251	61704420	53	4.71e-56
ptg000005l	87.143	210	160251	61704420	53	4.71e-56
ptg000005l	90.857	175	160251	61704420	53	1.69e-55
ptg000005l	90.286	175	160251	61704420	53	1.69e-55
ptg000005l	90.286	175	160251	61704420	53	1.69e-55
ptg000005l	98.450	129	160251	61704420	53	1.69e-55
ptg000005l	96.350	137	160251	61704420	53	6.09e-55
ptg000005l	95.070	142	160251	61704420	53	2.19e-54
ptg000005l	91.515	165	160251	61704420	53	2.19e-54
ptg000005l	99.200	125	160251	61704420	53	2.19e-54
ptg000005l	96.350	137	160251	61704420	53	2.19e-54
ptg000005l	88.442	199	160251	61704420	53	2.19e-54
ptg000005l	97.692	130	160251	61704420	53	2.19e-54
ptg000005l	97.692	130	160251	61704420	53	2.19e-54
ptg000005l	97.674	129	160251	61704420	53	7.88e-54
ptg000005l	90.116	172	160251	61704420	53	2.83e-53
ptg000005l	95.620	137	160251	61704420	53	2.83e-53
ptg000005l	95.035	141	160251	61704420	53	2.83e-53
ptg000005l	96.269	134	160251	61704420	53	2.83e-53
ptg000005l	84.889	225	160251	61704420	53	1.02e-52
ptg000005l	96.212	132	160251	61704420	53	3.67e-52
ptg000005l	96.923	130	160251	61704420	53	3.67e-52
ptg000005l	94.326	141	160251	61704420	53	1.32e-51
ptg000005l	95.556	135	160251	61704420	53	1.32e-51
ptg000005l	95.556	135	160251	61704420	53	1.32e-51
ptg000005l	82.917	240	160251	61704420	53	1.32e-51
ptg000005l	92.105	152	160251	61704420	53	1.32e-51
ptg000005l	84.255	235	160251	61704420	53	4.74e-51
ptg000005l	84.255	235	160251	61704420	53	4.74e-51
ptg000005l	87.562	201	160251	61704420	53	4.74e-51
ptg000005l	96.825	126	160251	61704420	53	1.71e-50
ptg000005l	84.444	225	160251	61704420	53	1.71e-50
ptg000005l	96.825	126	160251	61704420	53	6.14e-50
ptg000005l	96.124	129	160251	61704420	53	6.14e-50
ptg000005l	86.000	200	160251	61704420	53	2.21e-49
ptg000005l	92.105	152	160251	61704420	53	2.21e-49
ptg000005l	96.032	126	160251	61704420	53	7.94e-49
ptg000005l	98.291	117	160251	61704420	53	7.94e-49
ptg000005l	82.305	243	160251	61704420	53	2.85e-48
ptg000005l	82.305	243	160251	61704420	53	2.85e-48
ptg000005l	94.697	132	160251	61704420	53	2.85e-48
ptg000005l	100.000	110	160251	61704420	53	2.85e-48
ptg000005l	98.246	114	160251	61704420	53	3.69e-47
ptg000005l	97.414	116	160251	61704420	53	1.33e-46
ptg000005l	99.091	110	160251	61704420	53	1.33e-46
ptg000005l	97.414	116	160251	61704420	53	1.33e-46
ptg000005l	97.414	116	160251	61704420	53	1.33e-46
ptg000005l	87.222	180	160251	61704420	53	1.33e-46
ptg000005l	87.791	172	160251	61704420	53	4.78e-46
ptg000005l	95.902	122	160251	61704420	53	4.78e-46
ptg000005l	95.902	122	160251	61704420	53	4.78e-46
ptg000005l	90.062	161	160251	61704420	53	1.72e-45
ptg000005l	93.333	135	160251	61704420	53	6.18e-45
ptg000005l	92.086	139	160251	61704420	53	6.18e-45
ptg000005l	98.148	108	160251	61704420	53	7.99e-44
ptg000005l	96.522	115	160251	61704420	53	7.99e-44
ptg000005l	96.522	115	160251	61704420	53	7.99e-44
ptg000005l	94.958	119	160251	61704420	53	2.87e-43
ptg000005l	99.038	104	160251	61704420	53	2.87e-43
ptg000005l	92.593	135	160251	61704420	53	2.87e-43
ptg000005l	99.038	104	160251	61704420	53	2.87e-43
ptg000005l	99.038	104	160251	61704420	53	2.87e-43
ptg000005l	99.038	104	160251	61704420	53	2.87e-43
ptg000005l	99.038	104	160251	61704420	53	2.87e-43
ptg000005l	99.038	104	160251	61704420	53	2.87e-43
ptg000005l	99.038	104	160251	61704420	53	2.87e-43
ptg000005l	97.273	110	160251	61704420	53	1.03e-42
ptg000005l	98.113	106	160251	61704420	53	1.03e-42
ptg000005l	98.113	106	160251	61704420	53	1.03e-42
ptg000005l	99.020	102	160251	61704420	53	3.72e-42
ptg000005l	97.248	109	160251	61704420	53	3.72e-42
ptg000005l	95.652	115	160251	61704420	53	3.72e-42
ptg000005l	95.652	115	160251	61704420	53	3.72e-42
ptg000005l	97.273	110	160251	61704420	53	3.72e-42
ptg000005l	99.020	102	160251	61704420	53	3.72e-42
ptg000005l	99.020	102	160251	61704420	53	3.72e-42
ptg000005l	97.196	107	160251	61704420	53	1.34e-41
ptg000005l	97.196	107	160251	61704420	53	1.34e-41
ptg000005l	92.800	125	160251	61704420	53	1.34e-41
ptg000005l	92.800	125	160251	61704420	53	1.34e-41
ptg000005l	98.077	104	160251	61704420	53	1.34e-41
ptg000005l	98.077	104	160251	61704420	53	1.34e-41
ptg000005l	93.443	122	160251	61704420	53	4.81e-41
ptg000005l	93.443	122	160251	61704420	53	4.81e-41
ptg000005l	94.828	116	160251	61704420	53	4.81e-41
ptg000005l	91.603	131	160251	61704420	53	4.81e-41
ptg000005l	88.591	149	160251	61704420	53	4.81e-41
ptg000005l	94.068	118	160251	61704420	53	4.81e-41
ptg000005l	100.000	96	160251	61704420	53	1.73e-40
ptg000005l	98.058	103	160251	61704420	53	1.73e-40
ptg000005l	95.495	111	160251	61704420	53	1.73e-40
ptg000005l	83.824	204	160251	61704420	53	1.73e-40
ptg000005l	96.364	110	160251	61704420	53	1.73e-40
ptg000005l	98.039	102	160251	61704420	53	1.73e-40
ptg000005l	100.000	96	160251	61704420	53	1.73e-40
ptg000005l	97.115	104	160251	61704420	53	6.22e-40
ptg000005l	88.591	149	160251	61704420	53	2.24e-39
ptg000005l	96.226	106	160251	61704420	53	2.24e-39
ptg000005l	96.226	106	160251	61704420	53	2.24e-39
ptg000005l	98.000	100	160251	61704420	53	2.24e-39
ptg000005l	98.000	100	160251	61704420	53	2.24e-39
ptg000005l	95.370	108	160251	61704420	53	8.05e-39
ptg000005l	96.154	104	160251	61704420	53	2.90e-38
ptg000005l	86.624	157	160251	61704420	53	2.90e-38
ptg000005l	93.750	112	160251	61704420	53	1.04e-37
ptg000005l	84.239	184	160251	61704420	53	1.04e-37
ptg000005l	96.970	99	160251	61704420	53	3.75e-37
ptg000005l	100.000	90	160251	61704420	53	3.75e-37
ptg000005l	86.076	158	160251	61704420	53	3.75e-37
ptg000005l	97.895	95	160251	61704420	53	1.35e-36
ptg000005l	87.500	144	160251	61704420	53	4.84e-36
ptg000005l	97.872	94	160251	61704420	53	4.84e-36
ptg000005l	97.872	94	160251	61704420	53	4.84e-36
ptg000005l	91.525	118	160251	61704420	53	4.84e-36
ptg000005l	97.849	93	160251	61704420	53	6.27e-35
ptg000005l	81.643	207	160251	61704420	53	6.27e-35
ptg000005l	95.918	98	160251	61704420	53	6.27e-35
ptg000005l	100.000	85	160251	61704420	53	2.25e-34
ptg000005l	89.147	129	160251	61704420	53	2.25e-34
ptg000005l	89.147	129	160251	61704420	53	2.25e-34
ptg000005l	97.802	91	160251	61704420	53	2.25e-34
ptg000005l	96.809	94	160251	61704420	53	2.25e-34
ptg000005l	96.809	94	160251	61704420	53	2.25e-34
ptg000005l	93.396	106	160251	61704420	53	2.25e-34
ptg000005l	97.778	90	160251	61704420	53	8.11e-34
ptg000005l	97.778	90	160251	61704420	53	8.11e-34
ptg000005l	100.000	84	160251	61704420	53	8.11e-34
ptg000005l	100.000	84	160251	61704420	53	8.11e-34
ptg000005l	94.949	99	160251	61704420	53	2.92e-33
ptg000005l	91.818	110	160251	61704420	53	2.92e-33
ptg000005l	91.818	110	160251	61704420	53	2.92e-33
ptg000005l	98.837	86	160251	61704420	53	2.92e-33
ptg000005l	98.837	86	160251	61704420	53	2.92e-33
ptg000005l	91.743	109	160251	61704420	53	1.05e-32
ptg000005l	91.743	109	160251	61704420	53	1.05e-32
ptg000005l	97.727	88	160251	61704420	53	1.05e-32
ptg000005l	82.022	178	160251	61704420	53	1.36e-31
ptg000005l	97.674	86	160251	61704420	53	1.36e-31
ptg000005l	97.674	86	160251	61704420	53	1.36e-31
ptg000005l	96.591	88	160251	61704420	53	4.88e-31
ptg000005l	95.652	92	160251	61704420	53	4.88e-31
ptg000005l	93.000	100	160251	61704420	53	1.75e-30
ptg000005l	96.591	88	160251	61704420	53	1.75e-30
ptg000005l	82.065	184	160251	61704420	53	1.75e-30
ptg000005l	82.065	184	160251	61704420	53	1.75e-30
ptg000005l	95.556	90	160251	61704420	53	6.31e-30
ptg000005l	98.734	79	160251	61704420	53	2.27e-29
ptg000005l	94.565	92	160251	61704420	53	2.27e-29
ptg000005l	98.718	78	160251	61704420	53	8.16e-29
ptg000005l	98.718	78	160251	61704420	53	8.16e-29
ptg000005l	97.531	81	160251	61704420	53	8.16e-29
ptg000005l	97.531	81	160251	61704420	53	8.16e-29
ptg000005l	95.402	87	160251	61704420	53	8.16e-29
ptg000005l	91.837	98	160251	61704420	53	2.94e-28
ptg000005l	95.455	88	160251	61704420	53	2.94e-28
ptg000005l	94.382	89	160251	61704420	53	2.94e-28
ptg000005l	98.701	77	160251	61704420	53	2.94e-28
ptg000005l	98.701	77	160251	61704420	53	2.94e-28
ptg000005l	98.701	77	160251	61704420	53	2.94e-28
ptg000005l	98.701	77	160251	61704420	53	2.94e-28
ptg000005l	95.294	85	160251	61704420	53	1.06e-27
ptg000005l	95.294	85	160251	61704420	53	1.06e-27
ptg000005l	96.341	82	160251	61704420	53	1.06e-27
ptg000005l	96.341	82	160251	61704420	53	1.06e-27
ptg000005l	100.000	73	160251	61704420	53	1.06e-27
ptg000005l	90.566	106	160251	61704420	53	1.06e-27
ptg000005l	100.000	73	160251	61704420	53	1.06e-27
ptg000005l	100.000	72	160251	61704420	53	3.80e-27
ptg000005l	86.232	138	160251	61704420	53	3.80e-27
ptg000005l	96.296	81	160251	61704420	53	3.80e-27
ptg000005l	97.436	78	160251	61704420	53	3.80e-27
ptg000005l	100.000	71	160251	61704420	53	1.37e-26
ptg000005l	93.258	89	160251	61704420	53	1.37e-26
ptg000005l	98.649	74	160251	61704420	53	1.37e-26
ptg000005l	100.000	71	160251	61704420	53	1.37e-26
ptg000005l	80.541	185	160251	61704420	53	4.91e-26
ptg000005l	80.541	185	160251	61704420	53	4.91e-26
ptg000005l	90.909	99	160251	61704420	53	4.91e-26
ptg000005l	97.368	76	160251	61704420	53	4.91e-26
ptg000005l	95.181	83	160251	61704420	53	4.91e-26
ptg000005l	97.368	76	160251	61704420	53	1.77e-25
ptg000005l	97.368	76	160251	61704420	53	1.77e-25
ptg000005l	98.611	72	160251	61704420	53	1.77e-25
ptg000005l	93.182	88	160251	61704420	53	1.77e-25
ptg000005l	97.333	75	160251	61704420	53	1.77e-25
ptg000005l	97.333	75	160251	61704420	53	1.77e-25
ptg000005l	95.062	81	160251	61704420	53	1.77e-25
ptg000005l	95.062	81	160251	61704420	53	1.77e-25
ptg000005l	98.571	70	160251	61704420	53	2.29e-24
ptg000005l	91.209	91	160251	61704420	53	2.29e-24
ptg000005l	91.209	91	160251	61704420	53	2.29e-24
ptg000005l	97.260	73	160251	61704420	53	2.29e-24
ptg000005l	80.000	185	160251	61704420	53	2.29e-24
ptg000005l	80.000	185	160251	61704420	53	2.29e-24
ptg000005l	80.000	185	160251	61704420	53	2.29e-24
ptg000005l	80.000	185	160251	61704420	53	2.29e-24
ptg000005l	88.991	109	160251	61704420	53	2.29e-24
ptg000005l	93.902	82	160251	61704420	53	2.29e-24
ptg000005l	100.000	66	160251	61704420	53	8.22e-24
ptg000005l	96.000	75	160251	61704420	53	8.22e-24
ptg000005l	93.827	81	160251	61704420	53	8.22e-24
ptg000005l	98.529	68	160251	61704420	53	2.96e-23
ptg000005l	98.529	68	160251	61704420	53	2.96e-23
ptg000005l	95.890	73	160251	61704420	53	1.06e-22
ptg000005l	93.750	80	160251	61704420	53	1.06e-22
ptg000005l	95.890	73	160251	61704420	53	3.83e-22
ptg000005l	95.890	73	160251	61704420	53	3.83e-22
ptg000005l	95.890	73	160251	61704420	53	3.83e-22
ptg000005l	95.890	73	160251	61704420	53	3.83e-22
ptg000005l	97.143	70	160251	61704420	53	3.83e-22
ptg000005l	82.946	129	160251	61704420	53	3.83e-22
ptg000005l	95.775	71	160251	61704420	53	1.38e-21
ptg000005l	97.059	68	160251	61704420	53	1.38e-21
ptg000005l	97.059	68	160251	61704420	53	1.38e-21
ptg000005l	98.462	65	160251	61704420	53	1.38e-21
ptg000005l	97.059	68	160251	61704420	53	4.95e-21
ptg000005l	97.059	68	160251	61704420	53	4.95e-21
ptg000005l	93.590	78	160251	61704420	53	4.95e-21
ptg000005l	100.000	60	160251	61704420	53	1.78e-20
ptg000005l	92.405	79	160251	61704420	53	1.78e-20
ptg000005l	93.506	77	160251	61704420	53	1.78e-20
ptg000005l	100.000	60	160251	61704420	53	1.78e-20
ptg000005l	100.000	60	160251	61704420	53	1.78e-20
ptg000005l	100.000	59	160251	61704420	53	6.40e-20
ptg000005l	98.413	63	160251	61704420	53	6.40e-20
ptg000005l	98.387	62	160251	61704420	53	6.40e-20
ptg000005l	98.361	61	160251	61704420	53	2.30e-19
ptg000005l	100.000	58	160251	61704420	53	2.30e-19
ptg000005l	98.361	61	160251	61704420	53	2.30e-19
ptg000005l	96.875	64	160251	61704420	53	8.28e-19
ptg000005l	100.000	57	160251	61704420	53	8.28e-19
ptg000005l	80.519	154	160251	61704420	53	8.28e-19
ptg000005l	100.000	57	160251	61704420	53	8.28e-19
ptg000005l	84.685	111	160251	61704420	53	2.98e-18
ptg000005l	94.118	68	160251	61704420	53	2.98e-18
ptg000005l	94.118	68	160251	61704420	53	1.07e-17
ptg000005l	98.276	58	160251	61704420	53	1.07e-17
ptg000005l	98.276	58	160251	61704420	53	1.07e-17
ptg000005l	100.000	55	160251	61704420	53	1.07e-17
ptg000005l	98.305	59	160251	61704420	53	1.07e-17
ptg000005l	93.939	66	160251	61704420	53	3.85e-17
ptg000005l	98.246	57	160251	61704420	53	3.85e-17
ptg000005l	98.246	57	160251	61704420	53	3.85e-17
ptg000005l	100.000	54	160251	61704420	53	3.85e-17
ptg000005l	90.909	77	160251	61704420	53	3.85e-17
ptg000005l	95.161	62	160251	61704420	53	1.39e-16
ptg000005l	93.846	65	160251	61704420	53	1.39e-16
ptg000005l	100.000	53	160251	61704420	53	1.39e-16
ptg000005l	98.214	56	160251	61704420	53	1.39e-16
ptg000005l	98.214	56	160251	61704420	53	1.39e-16
ptg000005l	98.182	55	160251	61704420	53	4.98e-16
ptg000005l	100.000	52	160251	61704420	53	4.98e-16
ptg000005l	98.182	55	160251	61704420	53	4.98e-16
ptg000005l	100.000	52	160251	61704420	53	4.98e-16
ptg000005l	100.000	52	160251	61704420	53	4.98e-16
ptg000005l	98.148	54	160251	61704420	53	1.79e-15
ptg000005l	100.000	51	160251	61704420	53	1.79e-15
ptg000005l	98.148	54	160251	61704420	53	1.79e-15
ptg000005l	98.113	53	160251	61704420	53	6.45e-15
ptg000005l	86.747	83	160251	61704420	53	6.45e-15
ptg000005l	86.747	83	160251	61704420	53	6.45e-15
ptg000005l	86.747	83	160251	61704420	53	6.45e-15
ptg000005l	86.747	83	160251	61704420	53	6.45e-15
ptg000005l	100.000	50	160251	61704420	53	6.45e-15
ptg000005l	98.113	53	160251	61704420	53	6.45e-15
ptg000005l	100.000	49	160251	61704420	53	2.32e-14
ptg000005l	93.443	61	160251	61704420	53	2.32e-14
ptg000005l	96.364	55	160251	61704420	53	2.32e-14
ptg000005l	96.364	55	160251	61704420	53	2.32e-14
ptg000005l	98.077	52	160251	61704420	53	2.32e-14
ptg000005l	98.077	52	160251	61704420	53	2.32e-14
ptg000005l	90.000	70	160251	61704420	53	8.34e-14
ptg000005l	91.045	67	160251	61704420	53	8.34e-14
ptg000005l	91.045	67	160251	61704420	53	8.34e-14
ptg000005l	90.909	66	160251	61704420	53	8.34e-14
ptg000005l	98.039	51	160251	61704420	53	8.34e-14
ptg000005l	98.039	51	160251	61704420	53	8.34e-14
ptg000005l	98.077	52	160251	61704420	53	8.34e-14
ptg000005l	98.077	52	160251	61704420	53	8.34e-14
ptg000005l	96.296	54	160251	61704420	53	8.34e-14
ptg000005l	94.643	56	160251	61704420	53	3.00e-13
ptg000005l	94.643	56	160251	61704420	53	3.00e-13
ptg000005l	88.889	72	160251	61704420	53	3.00e-13
ptg000005l	97.959	49	160251	61704420	53	1.08e-12
ptg000005l	100.000	46	160251	61704420	53	1.08e-12
ptg000005l	97.959	49	160251	61704420	53	1.08e-12
ptg000005l	100.000	46	160251	61704420	53	1.08e-12
ptg000005l	100.000	46	160251	61704420	53	1.08e-12
ptg000005l	98.000	50	160251	61704420	53	1.08e-12
ptg000005l	96.154	52	160251	61704420	53	1.08e-12
ptg000005l	96.154	52	160251	61704420	53	1.08e-12
ptg000005l	97.959	49	160251	61704420	53	1.08e-12
ptg000005l	100.000	46	160251	61704420	53	1.08e-12
ptg000005l	96.154	52	160251	61704420	53	3.88e-12
ptg000005l	94.444	54	160251	61704420	53	3.88e-12
ptg000005l	96.000	50	160251	61704420	53	1.40e-11
ptg000005l	96.000	50	160251	61704420	53	1.40e-11
ptg000005l	100.000	44	160251	61704420	53	1.40e-11
ptg000005l	95.918	49	160251	61704420	53	5.02e-11
ptg000005l	95.918	49	160251	61704420	53	5.02e-11
ptg000005l	85.000	80	160251	61704420	53	5.02e-11
ptg000005l	85.000	80	160251	61704420	53	5.02e-11
ptg000005l	100.000	43	160251	61704420	53	5.02e-11
ptg000005l	97.826	46	160251	61704420	53	1.81e-10
ptg000005l	97.826	46	160251	61704420	53	1.81e-10
ptg000005l	100.000	42	160251	61704420	53	1.81e-10
ptg000005l	95.918	49	160251	61704420	53	1.81e-10
ptg000005l	95.833	48	160251	61704420	53	1.81e-10
ptg000005l	95.833	48	160251	61704420	53	1.81e-10
ptg000005l	100.000	42	160251	61704420	53	1.81e-10
ptg000005l	100.000	42	160251	61704420	53	1.81e-10
ptg000005l	100.000	42	160251	61704420	53	1.81e-10
ptg000005l	94.000	50	160251	61704420	53	6.49e-10
ptg000005l	94.000	50	160251	61704420	53	6.49e-10
ptg000005l	100.000	41	160251	61704420	53	6.49e-10
ptg000005l	97.727	44	160251	61704420	53	2.34e-09
ptg000005l	97.727	44	160251	61704420	53	2.34e-09
ptg000005l	93.878	49	160251	61704420	53	2.34e-09
ptg000005l	100.000	40	160251	61704420	53	2.34e-09
ptg000005l	100.000	40	160251	61704420	53	2.34e-09
ptg000005l	95.745	47	160251	61704420	53	2.34e-09
ptg000005l	95.745	47	160251	61704420	53	2.34e-09
ptg000005l	100.000	40	160251	61704420	53	2.34e-09
ptg000005l	100.000	39	160251	61704420	53	8.40e-09
ptg000005l	100.000	39	160251	61704420	53	8.40e-09
ptg000005l	95.652	46	160251	61704420	53	8.40e-09
ptg000005l	100.000	39	160251	61704420	53	8.40e-09
ptg000005l	95.556	45	160251	61704420	53	8.40e-09
ptg000005l	100.000	39	160251	61704420	53	8.40e-09
ptg000005l	100.000	39	160251	61704420	53	8.40e-09
ptg000005l	97.619	42	160251	61704420	53	8.40e-09
ptg000005l	97.561	41	160251	61704420	53	3.02e-08
ptg000005l	100.000	38	160251	61704420	53	3.02e-08
ptg000005l	93.478	46	160251	61704420	53	1.09e-07
ptg000005l	100.000	37	160251	61704420	53	1.09e-07
ptg000005l	97.436	39	160251	61704420	53	3.91e-07
ptg000005l	100.000	36	160251	61704420	53	3.91e-07
ptg000005l	100.000	36	160251	61704420	53	3.91e-07
ptg000005l	93.333	45	160251	61704420	53	3.91e-07
ptg000005l	97.436	39	160251	61704420	53	3.91e-07
ptg000005l	97.436	39	160251	61704420	53	3.91e-07
ptg000005l	95.122	41	160251	61704420	53	1.41e-06
ptg000005l	95.122	41	160251	61704420	53	1.41e-06
ptg000005l	97.368	38	160251	61704420	53	1.41e-06
ptg000005l	100.000	35	160251	61704420	53	1.41e-06
ptg000005l	100.000	34	160251	61704420	53	5.05e-06
ptg000005l	97.297	37	160251	61704420	53	5.05e-06
ptg000005l	97.297	37	160251	61704420	53	5.05e-06
ptg000005l	97.297	37	160251	61704420	53	5.05e-06
ptg000005l	97.297	37	160251	61704420	53	5.05e-06
ptg000005l	97.297	37	160251	61704420	53	5.05e-06
ptg000005l	95.000	40	160251	61704420	53	1.82e-05
ptg000005l	100.000	33	160251	61704420	53	1.82e-05
ptg000005l	100.000	33	160251	61704420	53	1.82e-05
ptg000005l	100.000	33	160251	61704420	53	1.82e-05
ptg000005l	100.000	33	160251	61704420	53	1.82e-05
ptg000005l	92.857	42	160251	61704420	53	1.82e-05
ptg000005l	92.857	42	160251	61704420	53	1.82e-05
ptg000005l	100.000	32	160251	61704420	53	6.54e-05
ptg000005l	100.000	32	160251	61704420	53	6.54e-05
ptg000005l	100.000	32	160251	61704420	53	6.54e-05
ptg000005l	91.111	45	160251	61704420	53	6.54e-05
ptg000005l	97.143	35	160251	61704420	53	6.54e-05
ptg000005l	79.121	91	160251	61704420	53	2.35e-04
ptg000005l	100.000	31	160251	61704420	53	2.35e-04
ptg000005l	97.143	35	160251	61704420	53	2.35e-04
ptg000005l	100.000	31	160251	61704420	53	2.35e-04
ptg000005l	97.059	34	160251	61704420	53	2.35e-04
ptg000005l	97.059	34	160251	61704420	53	2.35e-04
ptg000005l	100.000	30	160251	61704420	53	8.46e-04
ptg000005l	100.000	30	160251	61704420	53	8.46e-04
ptg000005l	100.000	30	160251	61704420	53	8.46e-04
ptg000005l	96.970	33	160251	61704420	53	8.46e-04
ptg000005l	100.000	30	160251	61704420	53	8.46e-04
ptg000005l	100.000	30	160251	61704420	53	8.46e-04
ptg000005l	100.000	30	160251	61704420	53	8.46e-04
ptg000005l	100.000	29	160251	61704420	53	0.003
ptg000005l	96.875	32	160251	61704420	53	0.003
ptg000005l	96.875	32	160251	61704420	53	0.003
ptg000005l	96.875	32	160251	61704420	53	0.003
ptg000005l	96.875	32	160251	61704420	53	0.003
ptg000005l	96.875	32	160251	61704420	53	0.003
ptg000005l	96.875	32	160251	61704420	53	0.003
ptg000005l	96.875	32	160251	61704420	53	0.003
ptg000005l	96.875	32	160251	61704420	53	0.003
ptg000005l	96.875	32	160251	61704420	53	0.003
ptg000005l	96.875	32	160251	61704420	53	0.003
ptg000005l	94.286	35	160251	61704420	53	0.003
ptg000005l	96.875	32	160251	61704420	53	0.011
ptg000010l	98.599	5851	160251	39824047	47	0.0
ptg000010l	98.971	3985	160251	39824047	47	0.0
ptg000010l	98.562	3965	160251	39824047	47	0.0
ptg000010l	83.203	7287	160251	39824047	47	0.0
ptg000010l	83.185	7291	160251	39824047	47	0.0
ptg000010l	99.057	3605	160251	39824047	47	0.0
ptg000010l	98.240	2954	160251	39824047	47	0.0
ptg000010l	96.024	1358	160251	39824047	47	0.0
ptg000010l	94.745	1294	160251	39824047	47	0.0
ptg000010l	94.513	1294	160251	39824047	47	0.0
ptg000010l	98.989	1088	160251	39824047	47	0.0
ptg000010l	89.953	1483	160251	39824047	47	0.0
ptg000010l	89.825	1484	160251	39824047	47	0.0
ptg000010l	85.117	1794	160251	39824047	47	0.0
ptg000010l	85.061	1794	160251	39824047	47	0.0
ptg000010l	87.949	1336	160251	39824047	47	0.0
ptg000010l	87.668	1338	160251	39824047	47	0.0
ptg000010l	92.456	1034	160251	39824047	47	0.0
ptg000010l	89.518	1059	160251	39824047	47	0.0
ptg000010l	89.171	1062	160251	39824047	47	0.0
ptg000010l	96.443	759	160251	39824047	47	0.0
ptg000010l	83.392	1415	160251	39824047	47	0.0
ptg000010l	83.275	1417	160251	39824047	47	0.0
ptg000010l	88.843	977	160251	39824047	47	0.0
ptg000010l	90.601	915	160251	39824047	47	0.0
ptg000010l	92.376	787	160251	39824047	47	0.0
ptg000010l	86.288	1021	160251	39824047	47	0.0
ptg000010l	91.741	787	160251	39824047	47	0.0
ptg000010l	86.106	1022	160251	39824047	47	0.0
ptg000010l	90.942	817	160251	39824047	47	0.0
ptg000010l	84.303	1083	160251	39824047	47	0.0
ptg000010l	84.211	1083	160251	39824047	47	0.0
ptg000010l	85.961	926	160251	39824047	47	0.0
ptg000010l	85.265	923	160251	39824047	47	0.0
ptg000010l	84.962	931	160251	39824047	47	0.0
ptg000010l	93.504	585	160251	39824047	47	0.0
ptg000010l	93.345	586	160251	39824047	47	0.0
ptg000010l	99.569	464	160251	39824047	47	0.0
ptg000010l	99.138	464	160251	39824047	47	0.0
ptg000010l	85.927	739	160251	39824047	47	0.0
ptg000010l	93.083	506	160251	39824047	47	0.0
ptg000010l	99.746	393	160251	39824047	47	0.0
ptg000010l	96.065	432	160251	39824047	47	0.0
ptg000010l	89.649	541	160251	39824047	47	0.0
ptg000010l	88.748	551	160251	39824047	47	0.0
ptg000010l	88.748	551	160251	39824047	47	0.0
ptg000010l	94.582	443	160251	39824047	47	0.0
ptg000010l	97.449	392	160251	39824047	47	0.0
ptg000010l	94.118	442	160251	39824047	47	0.0
ptg000010l	97.638	381	160251	39824047	47	0.0
ptg000010l	90.244	492	160251	39824047	47	1.84e-179
ptg000010l	90.244	492	160251	39824047	47	1.84e-179
ptg000010l	96.944	360	160251	39824047	47	2.41e-168
ptg000010l	96.164	365	160251	39824047	47	4.03e-166
ptg000010l	97.826	322	160251	39824047	47	1.90e-154
ptg000010l	97.826	322	160251	39824047	47	1.90e-154
ptg000010l	82.595	632	160251	39824047	47	8.91e-148
ptg000010l	98.000	300	160251	39824047	47	2.50e-143
ptg000010l	85.221	521	160251	39824047	47	4.18e-141
ptg000010l	94.242	330	160251	39824047	47	2.51e-138
ptg000010l	97.611	293	160251	39824047	47	9.04e-138
ptg000010l	93.713	334	160251	39824047	47	4.21e-136
ptg000010l	88.861	404	160251	39824047	47	1.96e-134
ptg000010l	84.512	523	160251	39824047	47	1.96e-134
ptg000010l	96.000	300	160251	39824047	47	9.10e-133
ptg000010l	93.072	332	160251	39824047	47	3.27e-132
ptg000010l	85.270	482	160251	39824047	47	1.18e-131
ptg000010l	88.702	416	160251	39824047	47	1.18e-131
ptg000010l	90.544	349	160251	39824047	47	4.27e-126
ptg000010l	90.544	349	160251	39824047	47	4.27e-126
ptg000010l	92.615	325	160251	39824047	47	1.53e-125
ptg000010l	94.828	290	160251	39824047	47	1.19e-121
ptg000010l	90.560	339	160251	39824047	47	1.55e-120
ptg000010l	94.425	287	160251	39824047	47	2.00e-119
ptg000010l	95.290	276	160251	39824047	47	7.19e-119
ptg000010l	95.290	276	160251	39824047	47	7.19e-119
ptg000010l	91.483	317	160251	39824047	47	2.59e-118
ptg000010l	89.773	352	160251	39824047	47	2.59e-118
ptg000010l	89.518	353	160251	39824047	47	1.20e-116
ptg000010l	96.169	261	160251	39824047	47	1.56e-115
ptg000010l	92.333	300	160251	39824047	47	1.56e-115
ptg000010l	96.169	261	160251	39824047	47	5.60e-115
ptg000010l	99.571	233	160251	39824047	47	5.60e-115
ptg000010l	90.462	325	160251	39824047	47	7.24e-114
ptg000010l	89.412	340	160251	39824047	47	9.36e-113
ptg000010l	92.759	290	160251	39824047	47	9.36e-113
ptg000010l	93.190	279	160251	39824047	47	1.57e-110
ptg000010l	93.190	279	160251	39824047	47	1.57e-110
ptg000010l	96.735	245	160251	39824047	47	2.03e-109
ptg000010l	96.735	245	160251	39824047	47	2.03e-109
ptg000010l	93.214	280	160251	39824047	47	7.29e-109
ptg000010l	94.007	267	160251	39824047	47	2.62e-108
ptg000010l	94.007	267	160251	39824047	47	2.62e-108
ptg000010l	95.798	238	160251	39824047	47	9.50e-103
ptg000010l	99.517	207	160251	39824047	47	1.59e-100
ptg000010l	87.926	323	160251	39824047	47	1.59e-100
ptg000010l	87.926	323	160251	39824047	47	1.59e-100
ptg000010l	95.378	238	160251	39824047	47	1.59e-100
ptg000010l	94.262	244	160251	39824047	47	7.39e-99
ptg000010l	94.262	244	160251	39824047	47	7.39e-99
ptg000010l	92.636	258	160251	39824047	47	2.66e-98
ptg000010l	90.780	282	160251	39824047	47	9.57e-98
ptg000010l	94.142	239	160251	39824047	47	4.45e-96
ptg000010l	94.118	238	160251	39824047	47	4.45e-96
ptg000010l	91.321	265	160251	39824047	47	1.60e-95
ptg000010l	91.321	265	160251	39824047	47	1.60e-95
ptg000010l	93.776	241	160251	39824047	47	5.76e-95
ptg000010l	95.890	219	160251	39824047	47	7.45e-94
ptg000010l	93.277	238	160251	39824047	47	3.46e-92
ptg000010l	99.479	192	160251	39824047	47	3.46e-92
ptg000010l	84.746	354	160251	39824047	47	4.48e-91
ptg000010l	91.304	253	160251	39824047	47	1.61e-90
ptg000010l	93.450	229	160251	39824047	47	2.09e-89
ptg000010l	94.170	223	160251	39824047	47	7.50e-89
ptg000010l	94.170	223	160251	39824047	47	7.50e-89
ptg000010l	90.945	254	160251	39824047	47	7.50e-89
ptg000010l	96.000	200	160251	39824047	47	5.84e-85
ptg000010l	87.241	290	160251	39824047	47	7.55e-84
ptg000010l	95.477	199	160251	39824047	47	3.51e-82
ptg000010l	88.976	254	160251	39824047	47	7.61e-79
ptg000010l	96.667	180	160251	39824047	47	4.58e-76
ptg000010l	95.135	185	160251	39824047	47	5.92e-75
ptg000010l	95.135	185	160251	39824047	47	5.92e-75
ptg000010l	94.595	185	160251	39824047	47	2.76e-73
ptg000010l	91.748	206	160251	39824047	47	1.28e-71
ptg000010l	92.784	194	160251	39824047	47	1.28e-71
ptg000010l	91.542	201	160251	39824047	47	5.96e-70
ptg000010l	94.886	176	160251	39824047	47	2.15e-69
ptg000010l	94.886	176	160251	39824047	47	2.15e-69
ptg000010l	91.045	201	160251	39824047	47	2.77e-68
ptg000010l	98.667	150	160251	39824047	47	1.29e-66
ptg000010l	96.296	162	160251	39824047	47	4.64e-66
ptg000010l	86.920	237	160251	39824047	47	1.67e-65
ptg000010l	98.630	146	160251	39824047	47	6.01e-65
ptg000010l	89.756	205	160251	39824047	47	2.16e-64
ptg000010l	90.256	195	160251	39824047	47	7.77e-64
ptg000010l	90.256	195	160251	39824047	47	7.77e-64
ptg000010l	91.803	183	160251	39824047	47	2.79e-63
ptg000010l	95.062	162	160251	39824047	47	3.62e-62
ptg000010l	91.304	184	160251	39824047	47	3.62e-62
ptg000010l	93.023	172	160251	39824047	47	3.62e-62
ptg000010l	100.000	134	160251	39824047	47	1.30e-61
ptg000010l	88.835	206	160251	39824047	47	4.68e-61
ptg000010l	93.373	166	160251	39824047	47	1.68e-60
ptg000010l	99.259	135	160251	39824047	47	1.68e-60
ptg000010l	94.771	153	160251	39824047	47	7.83e-59
ptg000010l	95.333	150	160251	39824047	47	7.83e-59
ptg000010l	97.122	139	160251	39824047	47	1.01e-57
ptg000010l	89.888	178	160251	39824047	47	4.71e-56
ptg000010l	99.200	125	160251	39824047	47	2.19e-54
ptg000010l	92.810	153	160251	39824047	47	7.88e-54
ptg000010l	86.538	208	160251	39824047	47	1.02e-52
ptg000010l	86.700	203	160251	39824047	47	1.02e-52
ptg000010l	87.958	191	160251	39824047	47	1.02e-52
ptg000010l	97.600	125	160251	39824047	47	1.32e-51
ptg000010l	91.558	154	160251	39824047	47	4.74e-51
ptg000010l	99.145	117	160251	39824047	47	1.71e-50
ptg000010l	89.697	165	160251	39824047	47	1.71e-50
ptg000010l	83.482	224	160251	39824047	47	1.03e-47
ptg000010l	96.032	126	160251	39824047	47	1.03e-47
ptg000010l	96.667	120	160251	39824047	47	3.69e-47
ptg000010l	93.893	131	160251	39824047	47	1.33e-46
ptg000010l	95.161	124	160251	39824047	47	4.78e-46
ptg000010l	100.000	106	160251	39824047	47	4.78e-46
ptg000010l	100.000	105	160251	39824047	47	1.72e-45
ptg000010l	97.368	114	160251	39824047	47	1.72e-45
ptg000010l	92.537	134	160251	39824047	47	6.18e-45
ptg000010l	91.489	141	160251	39824047	47	6.18e-45
ptg000010l	97.368	114	160251	39824047	47	6.18e-45
ptg000010l	85.714	203	160251	39824047	47	6.18e-45
ptg000010l	100.000	103	160251	39824047	47	2.22e-44
ptg000010l	93.651	126	160251	39824047	47	7.99e-44
ptg000010l	96.491	114	160251	39824047	47	7.99e-44
ptg000010l	81.900	221	160251	39824047	47	1.03e-42
ptg000010l	92.308	130	160251	39824047	47	3.72e-42
ptg000010l	97.196	107	160251	39824047	47	1.34e-41
ptg000010l	75.810	401	160251	39824047	47	1.34e-41
ptg000010l	91.538	130	160251	39824047	47	4.81e-41
ptg000010l	95.575	113	160251	39824047	47	1.73e-40
ptg000010l	98.039	102	160251	39824047	47	1.73e-40
ptg000010l	98.058	103	160251	39824047	47	1.73e-40
ptg000010l	91.406	128	160251	39824047	47	2.24e-39
ptg000010l	91.406	128	160251	39824047	47	2.24e-39
ptg000010l	94.690	113	160251	39824047	47	2.24e-39
ptg000010l	83.422	187	160251	39824047	47	2.24e-39
ptg000010l	84.916	179	160251	39824047	47	2.90e-38
ptg000010l	96.190	105	160251	39824047	47	1.04e-37
ptg000010l	97.938	97	160251	39824047	47	1.04e-37
ptg000010l	97.000	100	160251	39824047	47	3.75e-37
ptg000010l	100.000	90	160251	39824047	47	3.75e-37
ptg000010l	97.917	96	160251	39824047	47	3.75e-37
ptg000010l	93.578	109	160251	39824047	47	4.84e-36
ptg000010l	93.578	109	160251	39824047	47	4.84e-36
ptg000010l	89.764	127	160251	39824047	47	4.84e-36
ptg000010l	100.000	88	160251	39824047	47	4.84e-36
ptg000010l	100.000	88	160251	39824047	47	4.84e-36
ptg000010l	83.815	173	160251	39824047	47	1.74e-35
ptg000010l	88.235	136	160251	39824047	47	6.27e-35
ptg000010l	96.842	95	160251	39824047	47	6.27e-35
ptg000010l	98.876	89	160251	39824047	47	6.27e-35
ptg000010l	93.396	106	160251	39824047	47	2.25e-34
ptg000010l	90.756	119	160251	39824047	47	2.25e-34
ptg000010l	90.756	119	160251	39824047	47	2.25e-34
ptg000010l	78.832	274	160251	39824047	47	2.25e-34
ptg000010l	96.809	94	160251	39824047	47	2.25e-34
ptg000010l	95.833	96	160251	39824047	47	2.92e-33
ptg000010l	100.000	81	160251	39824047	47	3.77e-32
ptg000010l	100.000	81	160251	39824047	47	3.77e-32
ptg000010l	93.269	104	160251	39824047	47	3.77e-32
ptg000010l	96.667	90	160251	39824047	47	3.77e-32
ptg000010l	94.792	96	160251	39824047	47	3.77e-32
ptg000010l	97.674	86	160251	39824047	47	1.36e-31
ptg000010l	92.308	104	160251	39824047	47	1.36e-31
ptg000010l	86.429	140	160251	39824047	47	1.36e-31
ptg000010l	85.333	150	160251	39824047	47	4.88e-31
ptg000010l	90.179	112	160251	39824047	47	1.75e-30
ptg000010l	92.929	99	160251	39824047	47	1.75e-30
ptg000010l	97.590	83	160251	39824047	47	6.31e-30
ptg000010l	86.567	134	160251	39824047	47	6.31e-30
ptg000010l	86.567	134	160251	39824047	47	6.31e-30
ptg000010l	83.051	177	160251	39824047	47	2.27e-29
ptg000010l	92.857	98	160251	39824047	47	8.16e-29
ptg000010l	100.000	74	160251	39824047	47	2.94e-28
ptg000010l	95.238	84	160251	39824047	47	3.80e-27
ptg000010l	96.296	81	160251	39824047	47	1.37e-26
ptg000010l	97.403	77	160251	39824047	47	1.37e-26
ptg000010l	97.403	77	160251	39824047	47	1.37e-26
ptg000010l	90.909	99	160251	39824047	47	1.37e-26
ptg000010l	90.722	97	160251	39824047	47	4.91e-26
ptg000010l	100.000	70	160251	39824047	47	4.91e-26
ptg000010l	100.000	70	160251	39824047	47	4.91e-26
ptg000010l	89.899	99	160251	39824047	47	1.77e-25
ptg000010l	92.222	90	160251	39824047	47	1.77e-25
ptg000010l	92.222	90	160251	39824047	47	1.77e-25
ptg000010l	98.611	72	160251	39824047	47	1.77e-25
ptg000010l	93.103	87	160251	39824047	47	6.36e-25
ptg000010l	93.103	87	160251	39824047	47	6.36e-25
ptg000010l	96.053	76	160251	39824047	47	2.29e-24
ptg000010l	100.000	67	160251	39824047	47	2.29e-24
ptg000010l	97.222	72	160251	39824047	47	8.22e-24
ptg000010l	97.222	72	160251	39824047	47	8.22e-24
ptg000010l	97.222	72	160251	39824047	47	8.22e-24
ptg000010l	98.551	69	160251	39824047	47	8.22e-24
ptg000010l	98.551	69	160251	39824047	47	8.22e-24
ptg000010l	90.426	94	160251	39824047	47	8.22e-24
ptg000010l	90.426	94	160251	39824047	47	8.22e-24
ptg000010l	82.517	143	160251	39824047	47	8.22e-24
ptg000010l	82.517	143	160251	39824047	47	8.22e-24
ptg000010l	98.551	69	160251	39824047	47	8.22e-24
ptg000010l	97.222	72	160251	39824047	47	2.96e-23
ptg000010l	94.805	77	160251	39824047	47	2.96e-23
ptg000010l	100.000	64	160251	39824047	47	1.06e-22
ptg000010l	100.000	64	160251	39824047	47	1.06e-22
ptg000010l	100.000	63	160251	39824047	47	3.83e-22
ptg000010l	95.833	72	160251	39824047	47	3.83e-22
ptg000010l	95.833	72	160251	39824047	47	3.83e-22
ptg000010l	97.059	68	160251	39824047	47	1.38e-21
ptg000010l	95.775	71	160251	39824047	47	4.95e-21
ptg000010l	93.421	76	160251	39824047	47	4.95e-21
ptg000010l	95.714	70	160251	39824047	47	4.95e-21
ptg000010l	97.059	68	160251	39824047	47	4.95e-21
ptg000010l	100.000	61	160251	39824047	47	4.95e-21
ptg000010l	81.818	143	160251	39824047	47	6.40e-20
ptg000010l	81.818	143	160251	39824047	47	6.40e-20
ptg000010l	94.286	70	160251	39824047	47	2.30e-19
ptg000010l	92.208	77	160251	39824047	47	2.30e-19
ptg000010l	100.000	58	160251	39824047	47	2.30e-19
ptg000010l	100.000	58	160251	39824047	47	2.30e-19
ptg000010l	93.056	72	160251	39824047	47	8.28e-19
ptg000010l	94.366	71	160251	39824047	47	8.28e-19
ptg000010l	100.000	57	160251	39824047	47	8.28e-19
ptg000010l	98.333	60	160251	39824047	47	8.28e-19
ptg000010l	98.305	59	160251	39824047	47	2.98e-18
ptg000010l	100.000	55	160251	39824047	47	1.07e-17
ptg000010l	100.000	55	160251	39824047	47	1.07e-17
ptg000010l	93.056	72	160251	39824047	47	1.07e-17
ptg000010l	96.774	62	160251	39824047	47	1.07e-17
ptg000010l	100.000	54	160251	39824047	47	3.85e-17
ptg000010l	100.000	54	160251	39824047	47	3.85e-17
ptg000010l	91.667	72	160251	39824047	47	1.39e-16
ptg000010l	91.667	72	160251	39824047	47	1.39e-16
ptg000010l	93.846	65	160251	39824047	47	1.39e-16
ptg000010l	100.000	53	160251	39824047	47	1.39e-16
ptg000010l	100.000	53	160251	39824047	47	1.39e-16
ptg000010l	98.214	56	160251	39824047	47	1.39e-16
ptg000010l	86.598	97	160251	39824047	47	1.39e-16
ptg000010l	86.598	97	160251	39824047	47	1.39e-16
ptg000010l	96.610	59	160251	39824047	47	4.98e-16
ptg000010l	95.082	61	160251	39824047	47	4.98e-16
ptg000010l	100.000	52	160251	39824047	47	4.98e-16
ptg000010l	100.000	51	160251	39824047	47	1.79e-15
ptg000010l	92.424	66	160251	39824047	47	1.79e-15
ptg000010l	93.651	63	160251	39824047	47	1.79e-15
ptg000010l	93.651	63	160251	39824047	47	1.79e-15
ptg000010l	100.000	49	160251	39824047	47	2.32e-14
ptg000010l	100.000	49	160251	39824047	47	2.32e-14
ptg000010l	100.000	49	160251	39824047	47	2.32e-14
ptg000010l	94.828	58	160251	39824047	47	8.34e-14
ptg000010l	100.000	48	160251	39824047	47	8.34e-14
ptg000010l	90.141	71	160251	39824047	47	8.34e-14
ptg000010l	96.226	53	160251	39824047	47	3.00e-13
ptg000010l	96.226	53	160251	39824047	47	3.00e-13
ptg000010l	100.000	47	160251	39824047	47	3.00e-13
ptg000010l	98.000	50	160251	39824047	47	3.00e-13
ptg000010l	98.000	50	160251	39824047	47	3.00e-13
ptg000010l	100.000	46	160251	39824047	47	1.08e-12
ptg000010l	100.000	46	160251	39824047	47	1.08e-12
ptg000010l	100.000	46	160251	39824047	47	1.08e-12
ptg000010l	100.000	46	160251	39824047	47	1.08e-12
ptg000010l	91.803	61	160251	39824047	47	3.88e-12
ptg000010l	100.000	45	160251	39824047	47	3.88e-12
ptg000010l	97.917	48	160251	39824047	47	3.88e-12
ptg000010l	97.917	48	160251	39824047	47	3.88e-12
ptg000010l	94.444	54	160251	39824047	47	1.40e-11
ptg000010l	100.000	44	160251	39824047	47	1.40e-11
ptg000010l	97.872	47	160251	39824047	47	1.40e-11
ptg000010l	97.872	47	160251	39824047	47	1.40e-11
ptg000010l	80.531	113	160251	39824047	47	1.40e-11
ptg000010l	80.531	113	160251	39824047	47	1.40e-11
ptg000010l	89.394	66	160251	39824047	47	1.40e-11
ptg000010l	100.000	43	160251	39824047	47	5.02e-11
ptg000010l	97.826	46	160251	39824047	47	5.02e-11
ptg000010l	97.826	46	160251	39824047	47	5.02e-11
ptg000010l	100.000	41	160251	39824047	47	6.49e-10
ptg000010l	97.727	44	160251	39824047	47	6.49e-10
ptg000010l	81.633	98	160251	39824047	47	2.34e-09
ptg000010l	97.674	43	160251	39824047	47	2.34e-09
ptg000010l	100.000	40	160251	39824047	47	2.34e-09
ptg000010l	92.000	50	160251	39824047	47	3.02e-08
ptg000010l	78.632	117	160251	39824047	47	3.02e-08
ptg000010l	92.157	51	160251	39824047	47	3.02e-08
ptg000010l	92.157	51	160251	39824047	47	3.02e-08
ptg000010l	100.000	38	160251	39824047	47	3.02e-08
ptg000010l	100.000	38	160251	39824047	47	3.02e-08
ptg000010l	95.349	43	160251	39824047	47	1.09e-07
ptg000010l	97.500	40	160251	39824047	47	1.09e-07
ptg000010l	95.455	44	160251	39824047	47	1.09e-07
ptg000010l	95.455	44	160251	39824047	47	1.09e-07
ptg000010l	97.561	41	160251	39824047	47	1.09e-07
ptg000010l	97.561	41	160251	39824047	47	1.09e-07
ptg000010l	97.500	40	160251	39824047	47	1.09e-07
ptg000010l	100.000	37	160251	39824047	47	1.09e-07
ptg000010l	100.000	37	160251	39824047	47	1.09e-07
ptg000010l	100.000	37	160251	39824047	47	1.09e-07
ptg000010l	97.436	39	160251	39824047	47	3.91e-07
ptg000010l	100.000	35	160251	39824047	47	1.41e-06
ptg000010l	100.000	35	160251	39824047	47	1.41e-06
ptg000010l	93.182	44	160251	39824047	47	1.41e-06
ptg000010l	93.182	44	160251	39824047	47	1.41e-06
ptg000010l	100.000	34	160251	39824047	47	5.05e-06
ptg000010l	100.000	34	160251	39824047	47	5.05e-06
ptg000010l	97.297	37	160251	39824047	47	5.05e-06
ptg000010l	100.000	34	160251	39824047	47	5.05e-06
ptg000010l	100.000	34	160251	39824047	47	5.05e-06
ptg000010l	95.000	40	160251	39824047	47	5.05e-06
ptg000010l	97.222	36	160251	39824047	47	1.82e-05
ptg000010l	97.222	36	160251	39824047	47	1.82e-05
ptg000010l	100.000	32	160251	39824047	47	6.54e-05
ptg000010l	94.737	38	160251	39824047	47	2.35e-04
ptg000010l	94.737	38	160251	39824047	47	2.35e-04
ptg000010l	92.500	40	160251	39824047	47	8.46e-04
ptg000010l	100.000	30	160251	39824047	47	8.46e-04
ptg000010l	100.000	30	160251	39824047	47	8.46e-04
ptg000010l	100.000	30	160251	39824047	47	8.46e-04
ptg000010l	100.000	30	160251	39824047	47	8.46e-04
ptg000010l	96.875	32	160251	39824047	47	0.003
ptg000010l	96.875	32	160251	39824047	47	0.003
ptg000007l	98.052	5853	160251	42285308	35	0.0
ptg000007l	97.151	4142	160251	42285308	35	0.0
ptg000007l	95.198	4436	160251	42285308	35	0.0
ptg000007l	98.499	3264	160251	42285308	35	0.0
ptg000007l	98.072	1919	160251	42285308	35	0.0
ptg000007l	97.812	1920	160251	42285308	35	0.0
ptg000007l	94.732	2088	160251	42285308	35	0.0
ptg000007l	94.644	2091	160251	42285308	35	0.0
ptg000007l	95.864	1378	160251	42285308	35	0.0
ptg000007l	94.522	1077	160251	42285308	35	0.0
ptg000007l	94.429	1077	160251	42285308	35	0.0
ptg000007l	93.165	790	160251	42285308	35	0.0
ptg000007l	81.274	1586	160251	42285308	35	0.0
ptg000007l	95.969	645	160251	42285308	35	0.0
ptg000007l	95.814	645	160251	42285308	35	0.0
ptg000007l	85.268	1025	160251	42285308	35	0.0
ptg000007l	93.536	526	160251	42285308	35	0.0
ptg000007l	81.468	1063	160251	42285308	35	0.0
ptg000007l	93.241	503	160251	42285308	35	0.0
ptg000007l	93.241	503	160251	42285308	35	0.0
ptg000007l	94.595	444	160251	42285308	35	0.0
ptg000007l	94.157	445	160251	42285308	35	0.0
ptg000007l	90.748	508	160251	42285308	35	0.0
ptg000007l	90.588	510	160251	42285308	35	0.0
ptg000007l	91.134	485	160251	42285308	35	0.0
ptg000007l	89.199	537	160251	42285308	35	0.0
ptg000007l	89.013	537	160251	42285308	35	6.60e-179
ptg000007l	94.780	364	160251	42285308	35	1.14e-156
ptg000007l	94.955	337	160251	42285308	35	5.36e-145
ptg000007l	87.302	441	160251	42285308	35	1.96e-134
ptg000007l	92.285	337	160251	42285308	35	5.48e-130
ptg000007l	90.710	366	160251	42285308	35	2.55e-128
ptg000007l	90.137	365	160251	42285308	35	2.55e-128
ptg000007l	90.137	365	160251	42285308	35	2.55e-128
ptg000007l	91.988	337	160251	42285308	35	2.55e-128
ptg000007l	97.744	266	160251	42285308	35	1.98e-124
ptg000007l	94.828	290	160251	42285308	35	9.23e-123
ptg000007l	88.859	368	160251	42285308	35	9.23e-123
ptg000007l	99.578	237	160251	42285308	35	3.34e-117
ptg000007l	93.728	287	160251	42285308	35	4.33e-116
ptg000007l	99.160	238	160251	42285308	35	1.56e-115
ptg000007l	99.563	229	160251	42285308	35	9.36e-113
ptg000007l	99.559	227	160251	42285308	35	1.21e-111
ptg000007l	99.127	229	160251	42285308	35	1.57e-110
ptg000007l	91.909	309	160251	42285308	35	1.57e-110
ptg000007l	90.354	311	160251	42285308	35	2.03e-109
ptg000007l	96.680	241	160251	42285308	35	9.43e-108
ptg000007l	92.069	290	160251	42285308	35	3.39e-107
ptg000007l	87.535	361	160251	42285308	35	1.58e-105
ptg000007l	96.476	227	160251	42285308	35	5.72e-100
ptg000007l	89.711	311	160251	42285308	35	2.06e-99
ptg000007l	82.651	415	160251	42285308	35	3.44e-97
ptg000007l	82.651	415	160251	42285308	35	3.44e-97
ptg000007l	95.595	227	160251	42285308	35	1.24e-96
ptg000007l	95.197	229	160251	42285308	35	4.45e-96
ptg000007l	80.422	521	160251	42285308	35	5.76e-95
ptg000007l	86.167	347	160251	42285308	35	2.07e-94
ptg000007l	96.296	216	160251	42285308	35	7.45e-94
ptg000007l	96.296	216	160251	42285308	35	7.45e-94
ptg000007l	99.476	191	160251	42285308	35	1.25e-91
ptg000007l	94.570	221	160251	42285308	35	7.50e-89
ptg000007l	88.727	275	160251	42285308	35	9.70e-88
ptg000007l	88.727	275	160251	42285308	35	9.70e-88
ptg000007l	94.836	213	160251	42285308	35	1.26e-86
ptg000007l	97.895	190	160251	42285308	35	4.51e-86
ptg000007l	91.701	241	160251	42285308	35	4.51e-86
ptg000007l	94.366	213	160251	42285308	35	2.10e-84
ptg000007l	91.489	235	160251	42285308	35	2.72e-83
ptg000007l	97.326	187	160251	42285308	35	9.77e-83
ptg000007l	84.273	337	160251	42285308	35	1.26e-81
ptg000007l	99.412	170	160251	42285308	35	5.88e-80
ptg000007l	98.276	174	160251	42285308	35	7.61e-79
ptg000007l	98.276	174	160251	42285308	35	7.61e-79
ptg000007l	95.312	192	160251	42285308	35	7.61e-79
ptg000007l	90.244	246	160251	42285308	35	7.61e-79
ptg000007l	84.472	322	160251	42285308	35	2.74e-78
ptg000007l	98.824	170	160251	42285308	35	9.84e-78
ptg000007l	95.699	186	160251	42285308	35	4.58e-76
ptg000007l	84.098	327	160251	42285308	35	2.13e-74
ptg000007l	98.765	162	160251	42285308	35	7.66e-74
ptg000007l	98.765	162	160251	42285308	35	7.66e-74
ptg000007l	94.624	186	160251	42285308	35	9.91e-73
ptg000007l	94.915	177	160251	42285308	35	5.96e-70
ptg000007l	95.758	165	160251	42285308	35	3.59e-67
ptg000007l	83.553	304	160251	42285308	35	1.29e-66
ptg000007l	95.181	166	160251	42285308	35	4.64e-66
ptg000007l	95.181	166	160251	42285308	35	4.64e-66
ptg000007l	96.178	157	160251	42285308	35	2.16e-64
ptg000007l	96.178	157	160251	42285308	35	2.16e-64
ptg000007l	94.578	166	160251	42285308	35	7.77e-64
ptg000007l	96.154	156	160251	42285308	35	2.79e-63
ptg000007l	94.118	170	160251	42285308	35	2.79e-63
ptg000007l	93.642	173	160251	42285308	35	1.01e-62
ptg000007l	88.372	215	160251	42285308	35	3.62e-62
ptg000007l	88.372	215	160251	42285308	35	3.62e-62
ptg000007l	93.976	166	160251	42285308	35	1.30e-61
ptg000007l	93.567	171	160251	42285308	35	1.30e-61
ptg000007l	95.513	156	160251	42285308	35	4.68e-61
ptg000007l	93.413	167	160251	42285308	35	4.68e-61
ptg000007l	92.442	172	160251	42285308	35	4.68e-61
ptg000007l	92.814	167	160251	42285308	35	2.18e-59
ptg000007l	97.183	142	160251	42285308	35	2.18e-59
ptg000007l	85.417	240	160251	42285308	35	2.18e-59
ptg000007l	97.826	138	160251	42285308	35	2.81e-58
ptg000007l	90.217	184	160251	42285308	35	2.81e-58
ptg000007l	90.217	184	160251	42285308	35	2.81e-58
ptg000007l	86.730	211	160251	42285308	35	1.31e-56
ptg000007l	86.730	211	160251	42285308	35	1.31e-56
ptg000007l	87.500	208	160251	42285308	35	1.31e-56
ptg000007l	95.775	142	160251	42285308	35	4.71e-56
ptg000007l	100.000	124	160251	42285308	35	4.71e-56
ptg000007l	100.000	124	160251	42285308	35	4.71e-56
ptg000007l	91.925	161	160251	42285308	35	6.09e-55
ptg000007l	91.358	162	160251	42285308	35	2.83e-53
ptg000007l	88.764	178	160251	42285308	35	3.67e-52
ptg000007l	99.167	120	160251	42285308	35	3.67e-52
ptg000007l	92.105	152	160251	42285308	35	1.32e-51
ptg000007l	94.286	140	160251	42285308	35	4.74e-51
ptg000007l	94.286	140	160251	42285308	35	4.74e-51
ptg000007l	84.375	224	160251	42285308	35	4.74e-51
ptg000007l	87.845	181	160251	42285308	35	1.71e-50
ptg000007l	90.683	161	160251	42285308	35	2.21e-49
ptg000007l	90.506	158	160251	42285308	35	7.94e-49
ptg000007l	87.027	185	160251	42285308	35	2.85e-48
ptg000007l	96.000	125	160251	42285308	35	2.85e-48
ptg000007l	90.625	160	160251	42285308	35	1.03e-47
ptg000007l	87.222	180	160251	42285308	35	1.03e-47
ptg000007l	87.222	180	160251	42285308	35	1.03e-47
ptg000007l	89.937	159	160251	42285308	35	1.03e-47
ptg000007l	90.850	153	160251	42285308	35	4.78e-46
ptg000007l	88.272	162	160251	42285308	35	1.72e-45
ptg000007l	88.272	162	160251	42285308	35	1.72e-45
ptg000007l	96.522	115	160251	42285308	35	2.22e-44
ptg000007l	89.865	148	160251	42285308	35	7.99e-44
ptg000007l	89.865	148	160251	42285308	35	7.99e-44
ptg000007l	97.297	111	160251	42285308	35	7.99e-44
ptg000007l	97.297	111	160251	42285308	35	7.99e-44
ptg000007l	94.915	118	160251	42285308	35	1.03e-42
ptg000007l	94.915	118	160251	42285308	35	1.03e-42
ptg000007l	94.167	120	160251	42285308	35	3.72e-42
ptg000007l	92.857	126	160251	42285308	35	1.34e-41
ptg000007l	95.455	110	160251	42285308	35	6.22e-40
ptg000007l	100.000	95	160251	42285308	35	6.22e-40
ptg000007l	98.969	97	160251	42285308	35	2.24e-39
ptg000007l	90.909	132	160251	42285308	35	8.05e-39
ptg000007l	91.870	123	160251	42285308	35	1.04e-37
ptg000007l	100.000	89	160251	42285308	35	1.35e-36
ptg000007l	100.000	89	160251	42285308	35	1.35e-36
ptg000007l	92.241	116	160251	42285308	35	1.35e-36
ptg000007l	94.393	107	160251	42285308	35	1.35e-36
ptg000007l	93.578	109	160251	42285308	35	4.84e-36
ptg000007l	98.901	91	160251	42285308	35	4.84e-36
ptg000007l	98.901	91	160251	42285308	35	4.84e-36
ptg000007l	98.901	91	160251	42285308	35	4.84e-36
ptg000007l	95.098	102	160251	42285308	35	1.74e-35
ptg000007l	96.000	100	160251	42285308	35	1.74e-35
ptg000007l	96.000	100	160251	42285308	35	6.27e-35
ptg000007l	83.929	168	160251	42285308	35	6.27e-35
ptg000007l	91.228	114	160251	42285308	35	2.92e-33
ptg000007l	98.837	86	160251	42285308	35	2.92e-33
ptg000007l	98.837	86	160251	42285308	35	2.92e-33
ptg000007l	87.413	143	160251	42285308	35	2.92e-33
ptg000007l	90.000	120	160251	42285308	35	2.92e-33
ptg000007l	97.727	88	160251	42285308	35	1.05e-32
ptg000007l	91.589	107	160251	42285308	35	4.88e-31
ptg000007l	97.647	85	160251	42285308	35	1.75e-30
ptg000007l	97.647	85	160251	42285308	35	1.75e-30
ptg000007l	97.647	85	160251	42285308	35	1.75e-30
ptg000007l	97.647	85	160251	42285308	35	1.75e-30
ptg000007l	97.647	85	160251	42285308	35	1.75e-30
ptg000007l	97.647	85	160251	42285308	35	1.75e-30
ptg000007l	97.647	85	160251	42285308	35	1.75e-30
ptg000007l	97.647	85	160251	42285308	35	1.75e-30
ptg000007l	97.647	85	160251	42285308	35	1.75e-30
ptg000007l	97.647	85	160251	42285308	35	1.75e-30
ptg000007l	97.647	85	160251	42285308	35	1.75e-30
ptg000007l	97.647	85	160251	42285308	35	1.75e-30
ptg000007l	97.647	85	160251	42285308	35	1.75e-30
ptg000007l	97.647	85	160251	42285308	35	1.75e-30
ptg000007l	96.471	85	160251	42285308	35	2.27e-29
ptg000007l	98.734	79	160251	42285308	35	2.27e-29
ptg000007l	92.157	102	160251	42285308	35	2.27e-29
ptg000007l	82.500	160	160251	42285308	35	2.27e-29
ptg000007l	88.793	116	160251	42285308	35	8.16e-29
ptg000007l	93.548	93	160251	42285308	35	8.16e-29
ptg000007l	93.548	93	160251	42285308	35	8.16e-29
ptg000007l	96.386	83	160251	42285308	35	2.94e-28
ptg000007l	96.386	83	160251	42285308	35	2.94e-28
ptg000007l	79.263	217	160251	42285308	35	2.94e-28
ptg000007l	98.701	77	160251	42285308	35	2.94e-28
ptg000007l	95.349	86	160251	42285308	35	1.06e-27
ptg000007l	95.349	86	160251	42285308	35	1.06e-27
ptg000007l	100.000	73	160251	42285308	35	1.06e-27
ptg000007l	100.000	73	160251	42285308	35	1.06e-27
ptg000007l	100.000	73	160251	42285308	35	1.06e-27
ptg000007l	92.473	93	160251	42285308	35	3.80e-27
ptg000007l	92.473	93	160251	42285308	35	3.80e-27
ptg000007l	98.667	75	160251	42285308	35	3.80e-27
ptg000007l	98.667	75	160251	42285308	35	3.80e-27
ptg000007l	100.000	71	160251	42285308	35	1.37e-26
ptg000007l	100.000	71	160251	42285308	35	1.37e-26
ptg000007l	97.403	77	160251	42285308	35	1.37e-26
ptg000007l	100.000	71	160251	42285308	35	1.37e-26
ptg000007l	94.186	86	160251	42285308	35	1.37e-26
ptg000007l	94.186	86	160251	42285308	35	1.37e-26
ptg000007l	100.000	70	160251	42285308	35	4.91e-26
ptg000007l	90.099	101	160251	42285308	35	4.91e-26
ptg000007l	90.099	101	160251	42285308	35	4.91e-26
ptg000007l	97.368	76	160251	42285308	35	4.91e-26
ptg000007l	97.368	76	160251	42285308	35	4.91e-26
ptg000007l	98.630	73	160251	42285308	35	4.91e-26
ptg000007l	96.203	79	160251	42285308	35	4.91e-26
ptg000007l	96.203	79	160251	42285308	35	4.91e-26
ptg000007l	97.333	75	160251	42285308	35	1.77e-25
ptg000007l	97.333	75	160251	42285308	35	1.77e-25
ptg000007l	97.333	75	160251	42285308	35	1.77e-25
ptg000007l	97.333	75	160251	42285308	35	1.77e-25
ptg000007l	82.759	145	160251	42285308	35	1.77e-25
ptg000007l	88.073	109	160251	42285308	35	1.77e-25
ptg000007l	97.333	75	160251	42285308	35	1.77e-25
ptg000007l	97.333	75	160251	42285308	35	1.77e-25
ptg000007l	100.000	67	160251	42285308	35	2.29e-24
ptg000007l	98.592	71	160251	42285308	35	2.29e-24
ptg000007l	98.551	69	160251	42285308	35	8.22e-24
ptg000007l	96.000	75	160251	42285308	35	2.96e-23
ptg000007l	100.000	64	160251	42285308	35	1.06e-22
ptg000007l	100.000	64	160251	42285308	35	1.06e-22
ptg000007l	98.507	67	160251	42285308	35	1.06e-22
ptg000007l	98.507	67	160251	42285308	35	1.06e-22
ptg000007l	87.850	107	160251	42285308	35	1.06e-22
ptg000007l	86.667	105	160251	42285308	35	3.83e-22
ptg000007l	86.667	105	160251	42285308	35	3.83e-22
ptg000007l	81.379	145	160251	42285308	35	3.83e-22
ptg000007l	95.833	72	160251	42285308	35	3.83e-22
ptg000007l	98.462	65	160251	42285308	35	1.38e-21
ptg000007l	98.462	65	160251	42285308	35	1.38e-21
ptg000007l	92.500	80	160251	42285308	35	1.38e-21
ptg000007l	92.500	80	160251	42285308	35	1.38e-21
ptg000007l	97.101	69	160251	42285308	35	1.38e-21
ptg000007l	97.101	69	160251	42285308	35	1.38e-21
ptg000007l	97.101	69	160251	42285308	35	1.38e-21
ptg000007l	100.000	61	160251	42285308	35	4.95e-21
ptg000007l	94.595	74	160251	42285308	35	4.95e-21
ptg000007l	98.438	64	160251	42285308	35	4.95e-21
ptg000007l	96.970	66	160251	42285308	35	1.78e-20
ptg000007l	96.970	66	160251	42285308	35	1.78e-20
ptg000007l	100.000	60	160251	42285308	35	1.78e-20
ptg000007l	91.358	81	160251	42285308	35	1.78e-20
ptg000007l	91.250	80	160251	42285308	35	6.40e-20
ptg000007l	84.404	109	160251	42285308	35	2.30e-19
ptg000007l	93.056	72	160251	42285308	35	8.28e-19
ptg000007l	93.056	72	160251	42285308	35	8.28e-19
ptg000007l	96.825	63	160251	42285308	35	8.28e-19
ptg000007l	93.056	72	160251	42285308	35	8.28e-19
ptg000007l	93.056	72	160251	42285308	35	8.28e-19
ptg000007l	96.774	62	160251	42285308	35	2.98e-18
ptg000007l	96.774	62	160251	42285308	35	2.98e-18
ptg000007l	98.305	59	160251	42285308	35	2.98e-18
ptg000007l	98.305	59	160251	42285308	35	2.98e-18
ptg000007l	90.000	80	160251	42285308	35	2.98e-18
ptg000007l	98.305	59	160251	42285308	35	2.98e-18
ptg000007l	98.305	59	160251	42285308	35	2.98e-18
ptg000007l	98.246	57	160251	42285308	35	3.85e-17
ptg000007l	100.000	54	160251	42285308	35	3.85e-17
ptg000007l	95.161	62	160251	42285308	35	1.39e-16
ptg000007l	98.214	56	160251	42285308	35	1.39e-16
ptg000007l	100.000	52	160251	42285308	35	4.98e-16
ptg000007l	93.939	66	160251	42285308	35	4.98e-16
ptg000007l	90.278	72	160251	42285308	35	1.79e-15
ptg000007l	90.278	72	160251	42285308	35	1.79e-15
ptg000007l	95.082	61	160251	42285308	35	1.79e-15
ptg000007l	92.308	65	160251	42285308	35	6.45e-15
ptg000007l	92.308	65	160251	42285308	35	6.45e-15
ptg000007l	91.176	68	160251	42285308	35	6.45e-15
ptg000007l	98.113	53	160251	42285308	35	6.45e-15
ptg000007l	98.113	53	160251	42285308	35	6.45e-15
ptg000007l	96.364	55	160251	42285308	35	2.32e-14
ptg000007l	98.077	52	160251	42285308	35	8.34e-14
ptg000007l	96.296	54	160251	42285308	35	8.34e-14
ptg000007l	96.226	53	160251	42285308	35	3.00e-13
ptg000007l	96.154	52	160251	42285308	35	1.08e-12
ptg000007l	96.154	52	160251	42285308	35	1.08e-12
ptg000007l	100.000	46	160251	42285308	35	1.08e-12
ptg000007l	94.444	54	160251	42285308	35	3.88e-12
ptg000007l	97.917	48	160251	42285308	35	3.88e-12
ptg000007l	96.078	51	160251	42285308	35	3.88e-12
ptg000007l	100.000	44	160251	42285308	35	1.40e-11
ptg000007l	100.000	44	160251	42285308	35	1.40e-11
ptg000007l	100.000	44	160251	42285308	35	1.40e-11
ptg000007l	100.000	44	160251	42285308	35	1.40e-11
ptg000007l	91.525	59	160251	42285308	35	1.40e-11
ptg000007l	95.918	49	160251	42285308	35	5.02e-11
ptg000007l	92.453	53	160251	42285308	35	6.49e-10
ptg000007l	92.453	53	160251	42285308	35	6.49e-10
ptg000007l	94.118	51	160251	42285308	35	6.49e-10
ptg000007l	95.745	47	160251	42285308	35	6.49e-10
ptg000007l	95.745	47	160251	42285308	35	6.49e-10
ptg000007l	100.000	40	160251	42285308	35	2.34e-09
ptg000007l	86.567	67	160251	42285308	35	8.40e-09
ptg000007l	92.157	51	160251	42285308	35	8.40e-09
ptg000007l	92.157	51	160251	42285308	35	8.40e-09
ptg000007l	100.000	39	160251	42285308	35	8.40e-09
ptg000007l	95.556	45	160251	42285308	35	8.40e-09
ptg000007l	97.619	42	160251	42285308	35	8.40e-09
ptg000007l	100.000	38	160251	42285308	35	3.02e-08
ptg000007l	100.000	38	160251	42285308	35	3.02e-08
ptg000007l	93.478	46	160251	42285308	35	1.09e-07
ptg000007l	100.000	37	160251	42285308	35	1.09e-07
ptg000007l	100.000	37	160251	42285308	35	1.09e-07
ptg000007l	97.436	39	160251	42285308	35	3.91e-07
ptg000007l	97.436	39	160251	42285308	35	3.91e-07
ptg000007l	84.286	70	160251	42285308	35	3.91e-07
ptg000007l	95.349	43	160251	42285308	35	3.91e-07
ptg000007l	95.349	43	160251	42285308	35	3.91e-07
ptg000007l	95.122	41	160251	42285308	35	1.41e-06
ptg000007l	95.122	41	160251	42285308	35	1.41e-06
ptg000007l	100.000	35	160251	42285308	35	1.41e-06
ptg000007l	100.000	34	160251	42285308	35	5.05e-06
ptg000007l	100.000	34	160251	42285308	35	5.05e-06
ptg000007l	100.000	33	160251	42285308	35	1.82e-05
ptg000007l	100.000	33	160251	42285308	35	1.82e-05
ptg000007l	100.000	32	160251	42285308	35	6.54e-05
ptg000007l	89.583	48	160251	42285308	35	6.54e-05
ptg000007l	97.059	34	160251	42285308	35	2.35e-04
ptg000007l	94.737	38	160251	42285308	35	2.35e-04
ptg000007l	96.970	33	160251	42285308	35	8.46e-04
ptg000007l	100.000	30	160251	42285308	35	8.46e-04
ptg000007l	100.000	30	160251	42285308	35	8.46e-04
ptg000007l	100.000	29	160251	42285308	35	0.003
ptg000003l	96.032	3755	160251	59271212	41	0.0
ptg000003l	95.968	3447	160251	59271212	41	0.0
ptg000003l	95.681	3450	160251	59271212	41	0.0
ptg000003l	99.299	1426	160251	59271212	41	0.0
ptg000003l	83.704	2565	160251	59271212	41	0.0
ptg000003l	93.599	1406	160251	59271212	41	0.0
ptg000003l	92.674	1406	160251	59271212	41	0.0
ptg000003l	81.434	2203	160251	59271212	41	0.0
ptg000003l	81.353	2054	160251	59271212	41	0.0
ptg000003l	97.515	845	160251	59271212	41	0.0
ptg000003l	95.673	832	160251	59271212	41	0.0
ptg000003l	95.577	814	160251	59271212	41	0.0
ptg000003l	85.126	1311	160251	59271212	41	0.0
ptg000003l	85.126	1311	160251	59271212	41	0.0
ptg000003l	87.840	1102	160251	59271212	41	0.0
ptg000003l	87.840	1102	160251	59271212	41	0.0
ptg000003l	96.800	750	160251	59271212	41	0.0
ptg000003l	96.671	751	160251	59271212	41	0.0
ptg000003l	85.829	1122	160251	59271212	41	0.0
ptg000003l	85.829	1122	160251	59271212	41	0.0
ptg000003l	98.776	572	160251	59271212	41	0.0
ptg000003l	83.395	1078	160251	59271212	41	0.0
ptg000003l	97.940	534	160251	59271212	41	0.0
ptg000003l	82.885	1116	160251	59271212	41	0.0
ptg000003l	90.621	725	160251	59271212	41	0.0
ptg000003l	82.780	1115	160251	59271212	41	0.0
ptg000003l	92.144	611	160251	59271212	41	0.0
ptg000003l	92.144	611	160251	59271212	41	0.0
ptg000003l	85.624	793	160251	59271212	41	0.0
ptg000003l	85.372	793	160251	59271212	41	0.0
ptg000003l	96.624	474	160251	59271212	41	0.0
ptg000003l	98.413	441	160251	59271212	41	0.0
ptg000003l	97.248	436	160251	59271212	41	0.0
ptg000003l	95.175	456	160251	59271212	41	0.0
ptg000003l	95.175	456	160251	59271212	41	0.0
ptg000003l	83.252	818	160251	59271212	41	0.0
ptg000003l	84.985	686	160251	59271212	41	0.0
ptg000003l	98.916	369	160251	59271212	41	0.0
ptg000003l	84.380	685	160251	59271212	41	1.42e-180
ptg000003l	95.000	400	160251	59271212	41	3.97e-176
ptg000003l	95.000	400	160251	59271212	41	3.97e-176
ptg000003l	84.311	682	160251	59271212	41	1.43e-175
ptg000003l	98.837	344	160251	59271212	41	1.11e-171
ptg000003l	97.953	342	160251	59271212	41	1.45e-165
ptg000003l	95.174	373	160251	59271212	41	6.74e-164
ptg000003l	95.652	368	160251	59271212	41	2.43e-163
ptg000003l	88.367	490	160251	59271212	41	3.14e-162
ptg000003l	97.110	346	160251	59271212	41	3.14e-162
ptg000003l	88.187	491	160251	59271212	41	4.06e-161
ptg000003l	97.812	320	160251	59271212	41	2.46e-153
ptg000003l	87.810	484	160251	59271212	41	3.18e-152
ptg000003l	83.957	561	160251	59271212	41	5.36e-145
ptg000003l	97.993	299	160251	59271212	41	2.50e-143
ptg000003l	83.507	576	160251	59271212	41	8.98e-143
ptg000003l	98.621	290	160251	59271212	41	1.16e-141
ptg000003l	83.422	561	160251	59271212	41	1.50e-140
ptg000003l	98.276	290	160251	59271212	41	1.94e-139
ptg000003l	96.370	303	160251	59271212	41	1.17e-136
ptg000003l	82.927	574	160251	59271212	41	1.51e-135
ptg000003l	86.784	454	160251	59271212	41	7.04e-134
ptg000003l	95.593	295	160251	59271212	41	3.30e-127
ptg000003l	95.254	295	160251	59271212	41	1.53e-125
ptg000003l	96.099	282	160251	59271212	41	5.52e-125
ptg000003l	86.534	453	160251	59271212	41	5.52e-125
ptg000003l	77.392	836	160251	59271212	41	1.98e-124
ptg000003l	91.317	334	160251	59271212	41	2.57e-123
ptg000003l	77.208	838	160251	59271212	41	1.19e-121
ptg000003l	95.745	282	160251	59271212	41	1.19e-121
ptg000003l	90.991	333	160251	59271212	41	1.55e-120
ptg000003l	99.187	246	160251	59271212	41	1.55e-120
ptg000003l	96.958	263	160251	59271212	41	2.00e-119
ptg000003l	90.691	333	160251	59271212	41	7.19e-119
ptg000003l	90.606	330	160251	59271212	41	2.59e-118
ptg000003l	76.987	843	160251	59271212	41	2.59e-118
ptg000003l	76.805	845	160251	59271212	41	1.56e-115
ptg000003l	93.197	294	160251	59271212	41	5.60e-115
ptg000003l	97.571	247	160251	59271212	41	2.01e-114
ptg000003l	97.571	247	160251	59271212	41	2.01e-114
ptg000003l	87.399	373	160251	59271212	41	2.01e-114
ptg000003l	76.667	840	160251	59271212	41	2.60e-113
ptg000003l	96.443	253	160251	59271212	41	3.37e-112
ptg000003l	100.000	223	160251	59271212	41	4.36e-111
ptg000003l	76.485	842	160251	59271212	41	1.57e-110
ptg000003l	95.038	262	160251	59271212	41	1.57e-110
ptg000003l	97.059	238	160251	59271212	41	3.39e-107
ptg000003l	97.059	238	160251	59271212	41	3.39e-107
ptg000003l	92.832	279	160251	59271212	41	1.22e-106
ptg000003l	100.000	212	160251	59271212	41	5.68e-105
ptg000003l	99.083	218	160251	59271212	41	2.04e-104
ptg000003l	99.078	217	160251	59271212	41	7.34e-104
ptg000003l	96.567	233	160251	59271212	41	2.64e-103
ptg000003l	92.857	266	160251	59271212	41	3.42e-102
ptg000003l	93.676	253	160251	59271212	41	4.42e-101
ptg000003l	95.397	239	160251	59271212	41	1.59e-100
ptg000003l	92.164	268	160251	59271212	41	2.06e-99
ptg000003l	88.679	318	160251	59271212	41	2.66e-98
ptg000003l	97.664	214	160251	59271212	41	3.44e-97
ptg000003l	98.095	210	160251	59271212	41	4.45e-96
ptg000003l	99.000	200	160251	59271212	41	5.76e-95
ptg000003l	92.742	248	160251	59271212	41	2.07e-94
ptg000003l	92.742	248	160251	59271212	41	2.07e-94
ptg000003l	90.262	267	160251	59271212	41	1.61e-90
ptg000003l	98.438	192	160251	59271212	41	7.50e-89
ptg000003l	100.000	183	160251	59271212	41	7.50e-89
ptg000003l	93.103	232	160251	59271212	41	9.70e-88
ptg000003l	98.925	186	160251	59271212	41	3.49e-87
ptg000003l	98.925	186	160251	59271212	41	3.49e-87
ptg000003l	99.454	183	160251	59271212	41	1.26e-86
ptg000003l	96.465	198	160251	59271212	41	1.62e-85
ptg000003l	96.465	198	160251	59271212	41	1.62e-85
ptg000003l	93.981	216	160251	59271212	41	5.84e-85
ptg000003l	98.387	186	160251	59271212	41	5.84e-85
ptg000003l	98.387	186	160251	59271212	41	5.84e-85
ptg000003l	96.891	193	160251	59271212	41	2.10e-84
ptg000003l	95.098	204	160251	59271212	41	7.55e-84
ptg000003l	96.875	192	160251	59271212	41	2.72e-83
ptg000003l	96.875	192	160251	59271212	41	2.72e-83
ptg000003l	93.119	218	160251	59271212	41	2.72e-83
ptg000003l	93.119	218	160251	59271212	41	2.72e-83
ptg000003l	93.953	215	160251	59271212	41	2.72e-83
ptg000003l	91.739	230	160251	59271212	41	9.77e-83
ptg000003l	93.488	215	160251	59271212	41	9.77e-83
ptg000003l	96.373	193	160251	59271212	41	3.51e-82
ptg000003l	96.316	190	160251	59271212	41	4.55e-81
ptg000003l	96.316	190	160251	59271212	41	4.55e-81
ptg000003l	98.851	174	160251	59271212	41	1.63e-80
ptg000003l	89.431	246	160251	59271212	41	1.63e-80
ptg000003l	84.548	343	160251	59271212	41	5.88e-80
ptg000003l	84.104	346	160251	59271212	41	2.11e-79
ptg000003l	97.753	178	160251	59271212	41	2.11e-79
ptg000003l	94.949	198	160251	59271212	41	7.61e-79
ptg000003l	97.191	178	160251	59271212	41	9.84e-78
ptg000003l	97.191	178	160251	59271212	41	9.84e-78
ptg000003l	99.394	165	160251	59271212	41	3.54e-77
ptg000003l	97.175	177	160251	59271212	41	3.54e-77
ptg000003l	97.714	175	160251	59271212	41	3.54e-77
ptg000003l	98.795	166	160251	59271212	41	4.58e-76
ptg000003l	95.580	181	160251	59271212	41	2.13e-74
ptg000003l	95.580	181	160251	59271212	41	2.13e-74
ptg000003l	87.160	257	160251	59271212	41	2.13e-74
ptg000003l	94.149	188	160251	59271212	41	2.76e-73
ptg000003l	94.149	188	160251	59271212	41	2.76e-73
ptg000003l	98.742	159	160251	59271212	41	3.56e-72
ptg000003l	86.538	260	160251	59271212	41	4.61e-71
ptg000003l	96.471	170	160251	59271212	41	4.61e-71
ptg000003l	96.471	170	160251	59271212	41	4.61e-71
ptg000003l	96.429	168	160251	59271212	41	1.66e-70
ptg000003l	96.988	166	160251	59271212	41	1.66e-70
ptg000003l	88.186	237	160251	59271212	41	5.96e-70
ptg000003l	98.710	155	160251	59271212	41	5.96e-70
ptg000003l	98.710	155	160251	59271212	41	5.96e-70
ptg000003l	100.000	149	160251	59271212	41	5.96e-70
ptg000003l	95.858	169	160251	59271212	41	7.72e-69
ptg000003l	97.484	159	160251	59271212	41	7.72e-69
ptg000003l	97.484	159	160251	59271212	41	7.72e-69
ptg000003l	85.769	260	160251	59271212	41	3.59e-67
ptg000003l	91.327	196	160251	59271212	41	1.29e-66
ptg000003l	91.327	196	160251	59271212	41	1.29e-66
ptg000003l	99.315	146	160251	59271212	41	1.29e-66
ptg000003l	99.315	146	160251	59271212	41	1.29e-66
ptg000003l	96.815	157	160251	59271212	41	4.64e-66
ptg000003l	96.815	157	160251	59271212	41	4.64e-66
ptg000003l	86.250	240	160251	59271212	41	6.01e-65
ptg000003l	96.774	155	160251	59271212	41	2.16e-64
ptg000003l	96.732	153	160251	59271212	41	7.77e-64
ptg000003l	96.732	153	160251	59271212	41	7.77e-64
ptg000003l	89.623	212	160251	59271212	41	7.77e-64
ptg000003l	98.582	141	160251	59271212	41	3.62e-62
ptg000003l	97.260	146	160251	59271212	41	1.30e-61
ptg000003l	92.941	170	160251	59271212	41	1.68e-60
ptg000003l	86.522	230	160251	59271212	41	1.68e-60
ptg000003l	99.259	135	160251	59271212	41	1.68e-60
ptg000003l	93.827	162	160251	59271212	41	6.05e-60
ptg000003l	88.945	199	160251	59271212	41	2.18e-59
ptg000003l	96.575	146	160251	59271212	41	2.18e-59
ptg000003l	86.099	223	160251	59271212	41	1.01e-57
ptg000003l	86.099	223	160251	59271212	41	1.01e-57
ptg000003l	85.714	231	160251	59271212	41	1.01e-57
ptg000003l	92.638	163	160251	59271212	41	3.64e-57
ptg000003l	91.667	168	160251	59271212	41	4.71e-56
ptg000003l	87.755	196	160251	59271212	41	1.69e-55
ptg000003l	99.213	127	160251	59271212	41	1.69e-55
ptg000003l	93.125	160	160251	59271212	41	1.69e-55
ptg000003l	93.125	160	160251	59271212	41	1.69e-55
ptg000003l	92.453	159	160251	59271212	41	6.09e-55
ptg000003l	91.975	162	160251	59271212	41	6.09e-55
ptg000003l	91.975	162	160251	59271212	41	6.09e-55
ptg000003l	92.025	163	160251	59271212	41	6.09e-55
ptg000003l	86.256	211	160251	59271212	41	6.09e-55
ptg000003l	86.256	211	160251	59271212	41	6.09e-55
ptg000003l	97.692	130	160251	59271212	41	2.19e-54
ptg000003l	97.692	130	160251	59271212	41	2.19e-54
ptg000003l	96.350	137	160251	59271212	41	2.19e-54
ptg000003l	96.350	137	160251	59271212	41	2.19e-54
ptg000003l	96.947	131	160251	59271212	41	2.83e-53
ptg000003l	91.824	159	160251	59271212	41	1.02e-52
ptg000003l	91.358	162	160251	59271212	41	1.02e-52
ptg000003l	91.358	162	160251	59271212	41	1.02e-52
ptg000003l	97.638	127	160251	59271212	41	3.67e-52
ptg000003l	97.638	127	160251	59271212	41	3.67e-52
ptg000003l	94.891	137	160251	59271212	41	1.32e-51
ptg000003l	94.891	137	160251	59271212	41	1.32e-51
ptg000003l	99.123	114	160251	59271212	41	7.94e-49
ptg000003l	100.000	109	160251	59271212	41	1.03e-47
ptg000003l	99.099	111	160251	59271212	41	3.69e-47
ptg000003l	99.099	111	160251	59271212	41	3.69e-47
ptg000003l	88.235	170	160251	59271212	41	3.69e-47
ptg000003l	92.806	139	160251	59271212	41	1.33e-46
ptg000003l	98.246	114	160251	59271212	41	1.33e-46
ptg000003l	100.000	106	160251	59271212	41	4.78e-46
ptg000003l	94.574	129	160251	59271212	41	4.78e-46
ptg000003l	96.610	118	160251	59271212	41	4.78e-46
ptg000003l	91.489	141	160251	59271212	41	2.22e-44
ptg000003l	99.057	106	160251	59271212	41	2.22e-44
ptg000003l	99.048	105	160251	59271212	41	7.99e-44
ptg000003l	92.969	128	160251	59271212	41	2.87e-43
ptg000003l	92.969	128	160251	59271212	41	2.87e-43
ptg000003l	92.424	132	160251	59271212	41	2.87e-43
ptg000003l	83.251	203	160251	59271212	41	1.03e-42
ptg000003l	93.548	124	160251	59271212	41	1.03e-42
ptg000003l	99.029	103	160251	59271212	41	1.03e-42
ptg000003l	96.491	114	160251	59271212	41	1.03e-42
ptg000003l	94.215	121	160251	59271212	41	3.72e-42
ptg000003l	98.095	105	160251	59271212	41	3.72e-42
ptg000003l	91.729	133	160251	59271212	41	3.72e-42
ptg000003l	82.759	203	160251	59271212	41	1.73e-40
ptg000003l	92.742	124	160251	59271212	41	1.73e-40
ptg000003l	98.990	99	160251	59271212	41	1.73e-40
ptg000003l	91.045	134	160251	59271212	41	1.73e-40
ptg000003l	100.000	95	160251	59271212	41	6.22e-40
ptg000003l	100.000	95	160251	59271212	41	6.22e-40
ptg000003l	82.353	204	160251	59271212	41	6.22e-40
ptg000003l	82.353	204	160251	59271212	41	6.22e-40
ptg000003l	98.020	101	160251	59271212	41	6.22e-40
ptg000003l	96.226	106	160251	59271212	41	2.24e-39
ptg000003l	96.154	104	160251	59271212	41	2.90e-38
ptg000003l	96.154	104	160251	59271212	41	2.90e-38
ptg000003l	96.154	104	160251	59271212	41	2.90e-38
ptg000003l	90.625	128	160251	59271212	41	2.90e-38
ptg000003l	96.154	104	160251	59271212	41	2.90e-38
ptg000003l	96.154	104	160251	59271212	41	2.90e-38
ptg000003l	95.327	107	160251	59271212	41	2.90e-38
ptg000003l	88.971	136	160251	59271212	41	1.04e-37
ptg000003l	88.971	136	160251	59271212	41	1.04e-37
ptg000003l	96.117	103	160251	59271212	41	1.04e-37
ptg000003l	96.117	103	160251	59271212	41	1.04e-37
ptg000003l	95.283	106	160251	59271212	41	3.75e-37
ptg000003l	94.393	107	160251	59271212	41	1.35e-36
ptg000003l	98.913	92	160251	59271212	41	1.35e-36
ptg000003l	91.525	118	160251	59271212	41	4.84e-36
ptg000003l	98.901	91	160251	59271212	41	4.84e-36
ptg000003l	86.076	158	160251	59271212	41	1.74e-35
ptg000003l	97.849	93	160251	59271212	41	1.74e-35
ptg000003l	97.849	93	160251	59271212	41	1.74e-35
ptg000003l	94.340	106	160251	59271212	41	1.74e-35
ptg000003l	93.458	107	160251	59271212	41	6.27e-35
ptg000003l	97.826	92	160251	59271212	41	6.27e-35
ptg000003l	97.826	92	160251	59271212	41	6.27e-35
ptg000003l	98.876	89	160251	59271212	41	6.27e-35
ptg000003l	96.809	94	160251	59271212	41	2.25e-34
ptg000003l	96.809	94	160251	59271212	41	2.25e-34
ptg000003l	97.802	91	160251	59271212	41	2.25e-34
ptg000003l	96.774	93	160251	59271212	41	8.11e-34
ptg000003l	100.000	84	160251	59271212	41	8.11e-34
ptg000003l	97.701	87	160251	59271212	41	3.77e-32
ptg000003l	93.939	99	160251	59271212	41	1.36e-31
ptg000003l	93.939	99	160251	59271212	41	1.36e-31
ptg000003l	98.795	83	160251	59271212	41	1.36e-31
ptg000003l	81.319	182	160251	59271212	41	1.36e-31
ptg000003l	81.319	182	160251	59271212	41	1.36e-31
ptg000003l	96.629	89	160251	59271212	41	4.88e-31
ptg000003l	98.765	81	160251	59271212	41	1.75e-30
ptg000003l	97.590	83	160251	59271212	41	6.31e-30
ptg000003l	88.983	118	160251	59271212	41	6.31e-30
ptg000003l	84.828	145	160251	59271212	41	6.31e-30
ptg000003l	84.828	145	160251	59271212	41	6.31e-30
ptg000003l	95.556	90	160251	59271212	41	6.31e-30
ptg000003l	95.556	90	160251	59271212	41	6.31e-30
ptg000003l	92.079	101	160251	59271212	41	6.31e-30
ptg000003l	96.552	87	160251	59271212	41	6.31e-30
ptg000003l	95.455	88	160251	59271212	41	2.27e-29
ptg000003l	100.000	76	160251	59271212	41	2.27e-29
ptg000003l	94.444	90	160251	59271212	41	8.16e-29
ptg000003l	100.000	75	160251	59271212	41	8.16e-29
ptg000003l	100.000	75	160251	59271212	41	8.16e-29
ptg000003l	86.667	135	160251	59271212	41	8.16e-29
ptg000003l	98.718	78	160251	59271212	41	8.16e-29
ptg000003l	96.429	84	160251	59271212	41	8.16e-29
ptg000003l	96.386	83	160251	59271212	41	2.94e-28
ptg000003l	100.000	74	160251	59271212	41	2.94e-28
ptg000003l	92.632	95	160251	59271212	41	1.06e-27
ptg000003l	93.548	93	160251	59271212	41	1.06e-27
ptg000003l	91.089	101	160251	59271212	41	1.06e-27
ptg000003l	90.291	103	160251	59271212	41	1.06e-27
ptg000003l	92.391	92	160251	59271212	41	1.37e-26
ptg000003l	97.403	77	160251	59271212	41	1.37e-26
ptg000003l	87.395	119	160251	59271212	41	1.37e-26
ptg000003l	86.047	129	160251	59271212	41	1.37e-26
ptg000003l	86.047	129	160251	59271212	41	1.37e-26
ptg000003l	96.296	81	160251	59271212	41	1.37e-26
ptg000003l	97.436	78	160251	59271212	41	1.37e-26
ptg000003l	95.181	83	160251	59271212	41	4.91e-26
ptg000003l	98.649	74	160251	59271212	41	4.91e-26
ptg000003l	98.611	72	160251	59271212	41	1.77e-25
ptg000003l	92.222	90	160251	59271212	41	1.77e-25
ptg000003l	94.118	85	160251	59271212	41	1.77e-25
ptg000003l	94.118	85	160251	59271212	41	1.77e-25
ptg000003l	97.368	76	160251	59271212	41	1.77e-25
ptg000003l	97.368	76	160251	59271212	41	1.77e-25
ptg000003l	98.611	72	160251	59271212	41	1.77e-25
ptg000003l	98.611	72	160251	59271212	41	1.77e-25
ptg000003l	92.135	89	160251	59271212	41	6.36e-25
ptg000003l	98.592	71	160251	59271212	41	6.36e-25
ptg000003l	98.592	71	160251	59271212	41	6.36e-25
ptg000003l	100.000	68	160251	59271212	41	6.36e-25
ptg000003l	97.260	73	160251	59271212	41	2.29e-24
ptg000003l	96.053	76	160251	59271212	41	2.29e-24
ptg000003l	91.304	92	160251	59271212	41	2.29e-24
ptg000003l	89.796	98	160251	59271212	41	2.29e-24
ptg000003l	89.796	98	160251	59271212	41	2.29e-24
ptg000003l	84.733	131	160251	59271212	41	8.22e-24
ptg000003l	98.551	69	160251	59271212	41	8.22e-24
ptg000003l	91.111	90	160251	59271212	41	8.22e-24
ptg000003l	91.111	90	160251	59271212	41	8.22e-24
ptg000003l	98.551	69	160251	59271212	41	8.22e-24
ptg000003l	98.551	69	160251	59271212	41	8.22e-24
ptg000003l	94.937	79	160251	59271212	41	8.22e-24
ptg000003l	94.937	79	160251	59271212	41	8.22e-24
ptg000003l	98.551	69	160251	59271212	41	8.22e-24
ptg000003l	98.551	69	160251	59271212	41	8.22e-24
ptg000003l	91.209	91	160251	59271212	41	8.22e-24
ptg000003l	95.946	74	160251	59271212	41	2.96e-23
ptg000003l	97.183	71	160251	59271212	41	2.96e-23
ptg000003l	98.529	68	160251	59271212	41	2.96e-23
ptg000003l	98.529	68	160251	59271212	41	2.96e-23
ptg000003l	94.805	77	160251	59271212	41	1.06e-22
ptg000003l	97.143	70	160251	59271212	41	1.06e-22
ptg000003l	97.143	70	160251	59271212	41	1.06e-22
ptg000003l	93.671	79	160251	59271212	41	1.06e-22
ptg000003l	93.671	79	160251	59271212	41	1.06e-22
ptg000003l	98.507	67	160251	59271212	41	1.06e-22
ptg000003l	94.667	75	160251	59271212	41	3.83e-22
ptg000003l	85.714	112	160251	59271212	41	1.38e-21
ptg000003l	97.059	68	160251	59271212	41	1.38e-21
ptg000003l	95.714	70	160251	59271212	41	4.95e-21
ptg000003l	95.714	70	160251	59271212	41	4.95e-21
ptg000003l	100.000	61	160251	59271212	41	4.95e-21
ptg000003l	90.698	86	160251	59271212	41	4.95e-21
ptg000003l	98.438	64	160251	59271212	41	4.95e-21
ptg000003l	98.438	64	160251	59271212	41	4.95e-21
ptg000003l	95.652	69	160251	59271212	41	1.78e-20
ptg000003l	95.652	69	160251	59271212	41	1.78e-20
ptg000003l	90.476	84	160251	59271212	41	1.78e-20
ptg000003l	100.000	60	160251	59271212	41	1.78e-20
ptg000003l	98.413	63	160251	59271212	41	1.78e-20
ptg000003l	100.000	59	160251	59271212	41	6.40e-20
ptg000003l	100.000	59	160251	59271212	41	6.40e-20
ptg000003l	94.366	71	160251	59271212	41	2.30e-19
ptg000003l	93.151	73	160251	59271212	41	2.30e-19
ptg000003l	93.151	73	160251	59271212	41	2.30e-19
ptg000003l	93.151	73	160251	59271212	41	2.30e-19
ptg000003l	98.361	61	160251	59271212	41	2.30e-19
ptg000003l	98.361	61	160251	59271212	41	2.30e-19
ptg000003l	96.774	62	160251	59271212	41	2.98e-18
ptg000003l	90.909	77	160251	59271212	41	2.98e-18
ptg000003l	100.000	56	160251	59271212	41	2.98e-18
ptg000003l	96.721	61	160251	59271212	41	1.07e-17
ptg000003l	90.909	77	160251	59271212	41	1.07e-17
ptg000003l	96.667	60	160251	59271212	41	3.85e-17
ptg000003l	98.246	57	160251	59271212	41	3.85e-17
ptg000003l	100.000	54	160251	59271212	41	3.85e-17
ptg000003l	98.214	56	160251	59271212	41	1.39e-16
ptg000003l	98.214	56	160251	59271212	41	1.39e-16
ptg000003l	96.610	59	160251	59271212	41	1.39e-16
ptg000003l	96.610	59	160251	59271212	41	1.39e-16
ptg000003l	96.552	58	160251	59271212	41	4.98e-16
ptg000003l	96.552	58	160251	59271212	41	4.98e-16
ptg000003l	96.552	58	160251	59271212	41	4.98e-16
ptg000003l	89.157	83	160251	59271212	41	4.98e-16
ptg000003l	95.082	61	160251	59271212	41	4.98e-16
ptg000003l	100.000	52	160251	59271212	41	4.98e-16
ptg000003l	100.000	52	160251	59271212	41	4.98e-16
ptg000003l	92.424	66	160251	59271212	41	1.79e-15
ptg000003l	92.424	66	160251	59271212	41	1.79e-15
ptg000003l	81.739	115	160251	59271212	41	1.79e-15
ptg000003l	81.739	115	160251	59271212	41	1.79e-15
ptg000003l	98.148	54	160251	59271212	41	1.79e-15
ptg000003l	98.148	54	160251	59271212	41	1.79e-15
ptg000003l	94.915	59	160251	59271212	41	6.45e-15
ptg000003l	94.915	59	160251	59271212	41	6.45e-15
ptg000003l	98.113	53	160251	59271212	41	6.45e-15
ptg000003l	98.113	53	160251	59271212	41	6.45e-15
ptg000003l	92.308	65	160251	59271212	41	6.45e-15
ptg000003l	98.113	53	160251	59271212	41	6.45e-15
ptg000003l	98.113	53	160251	59271212	41	6.45e-15
ptg000003l	100.000	50	160251	59271212	41	6.45e-15
ptg000003l	88.312	77	160251	59271212	41	6.45e-15
ptg000003l	94.915	59	160251	59271212	41	6.45e-15
ptg000003l	94.828	58	160251	59271212	41	2.32e-14
ptg000003l	98.077	52	160251	59271212	41	2.32e-14
ptg000003l	98.077	52	160251	59271212	41	2.32e-14
ptg000003l	87.952	83	160251	59271212	41	2.32e-14
ptg000003l	87.952	83	160251	59271212	41	2.32e-14
ptg000003l	87.500	80	160251	59271212	41	2.32e-14
ptg000003l	87.500	80	160251	59271212	41	2.32e-14
ptg000003l	93.548	62	160251	59271212	41	2.32e-14
ptg000003l	100.000	49	160251	59271212	41	2.32e-14
ptg000003l	90.000	70	160251	59271212	41	2.32e-14
ptg000003l	96.364	55	160251	59271212	41	2.32e-14
ptg000003l	98.039	51	160251	59271212	41	8.34e-14
ptg000003l	98.039	51	160251	59271212	41	8.34e-14
ptg000003l	98.039	51	160251	59271212	41	8.34e-14
ptg000003l	98.039	51	160251	59271212	41	8.34e-14
ptg000003l	88.889	72	160251	59271212	41	8.34e-14
ptg000003l	98.039	51	160251	59271212	41	8.34e-14
ptg000003l	98.039	51	160251	59271212	41	8.34e-14
ptg000003l	100.000	47	160251	59271212	41	3.00e-13
ptg000003l	96.226	53	160251	59271212	41	3.00e-13
ptg000003l	90.909	66	160251	59271212	41	3.00e-13
ptg000003l	90.909	66	160251	59271212	41	3.00e-13
ptg000003l	86.747	83	160251	59271212	41	1.08e-12
ptg000003l	100.000	46	160251	59271212	41	1.08e-12
ptg000003l	97.959	49	160251	59271212	41	1.08e-12
ptg000003l	97.959	49	160251	59271212	41	1.08e-12
ptg000003l	100.000	46	160251	59271212	41	1.08e-12
ptg000003l	100.000	46	160251	59271212	41	1.08e-12
ptg000003l	97.959	49	160251	59271212	41	1.08e-12
ptg000003l	97.959	49	160251	59271212	41	1.08e-12
ptg000003l	97.959	49	160251	59271212	41	1.08e-12
ptg000003l	91.803	61	160251	59271212	41	3.88e-12
ptg000003l	91.803	61	160251	59271212	41	3.88e-12
ptg000003l	97.917	48	160251	59271212	41	3.88e-12
ptg000003l	83.516	91	160251	59271212	41	3.88e-12
ptg000003l	93.103	58	160251	59271212	41	3.88e-12
ptg000003l	97.917	48	160251	59271212	41	3.88e-12
ptg000003l	97.917	48	160251	59271212	41	3.88e-12
ptg000003l	92.063	63	160251	59271212	41	3.88e-12
ptg000003l	97.917	48	160251	59271212	41	1.40e-11
ptg000003l	97.917	48	160251	59271212	41	1.40e-11
ptg000003l	96.000	50	160251	59271212	41	1.40e-11
ptg000003l	96.000	50	160251	59271212	41	1.40e-11
ptg000003l	96.000	50	160251	59271212	41	1.40e-11
ptg000003l	96.000	50	160251	59271212	41	1.40e-11
ptg000003l	100.000	43	160251	59271212	41	5.02e-11
ptg000003l	97.826	46	160251	59271212	41	5.02e-11
ptg000003l	97.826	46	160251	59271212	41	5.02e-11
ptg000003l	85.366	82	160251	59271212	41	1.81e-10
ptg000003l	97.778	45	160251	59271212	41	1.81e-10
ptg000003l	85.366	82	160251	59271212	41	1.81e-10
ptg000003l	90.164	61	160251	59271212	41	1.81e-10
ptg000003l	100.000	41	160251	59271212	41	6.49e-10
ptg000003l	100.000	41	160251	59271212	41	6.49e-10
ptg000003l	94.000	50	160251	59271212	41	6.49e-10
ptg000003l	94.000	50	160251	59271212	41	6.49e-10
ptg000003l	95.745	47	160251	59271212	41	6.49e-10
ptg000003l	97.727	44	160251	59271212	41	6.49e-10
ptg000003l	97.727	44	160251	59271212	41	6.49e-10
ptg000003l	95.833	48	160251	59271212	41	6.49e-10
ptg000003l	95.745	47	160251	59271212	41	6.49e-10
ptg000003l	95.652	46	160251	59271212	41	2.34e-09
ptg000003l	95.652	46	160251	59271212	41	2.34e-09
ptg000003l	94.000	50	160251	59271212	41	2.34e-09
ptg000003l	94.000	50	160251	59271212	41	2.34e-09
ptg000003l	100.000	40	160251	59271212	41	2.34e-09
ptg000003l	100.000	40	160251	59271212	41	2.34e-09
ptg000003l	100.000	40	160251	59271212	41	2.34e-09
ptg000003l	97.619	42	160251	59271212	41	8.40e-09
ptg000003l	100.000	39	160251	59271212	41	8.40e-09
ptg000003l	95.556	45	160251	59271212	41	8.40e-09
ptg000003l	97.674	43	160251	59271212	41	8.40e-09
ptg000003l	93.878	49	160251	59271212	41	8.40e-09
ptg000003l	93.878	49	160251	59271212	41	8.40e-09
ptg000003l	87.097	62	160251	59271212	41	3.02e-08
ptg000003l	100.000	38	160251	59271212	41	3.02e-08
ptg000003l	100.000	38	160251	59271212	41	3.02e-08
ptg000003l	97.561	41	160251	59271212	41	3.02e-08
ptg000003l	97.561	41	160251	59271212	41	3.02e-08
ptg000003l	100.000	38	160251	59271212	41	3.02e-08
ptg000003l	100.000	38	160251	59271212	41	3.02e-08
ptg000003l	97.500	40	160251	59271212	41	1.09e-07
ptg000003l	97.561	41	160251	59271212	41	1.09e-07
ptg000003l	97.561	41	160251	59271212	41	1.09e-07
ptg000003l	95.455	44	160251	59271212	41	1.09e-07
ptg000003l	85.294	68	160251	59271212	41	1.09e-07
ptg000003l	100.000	37	160251	59271212	41	1.09e-07
ptg000003l	100.000	37	160251	59271212	41	1.09e-07
ptg000003l	93.333	45	160251	59271212	41	3.91e-07
ptg000003l	95.238	42	160251	59271212	41	3.91e-07
ptg000003l	95.238	42	160251	59271212	41	3.91e-07
ptg000003l	95.349	43	160251	59271212	41	3.91e-07
ptg000003l	93.333	45	160251	59271212	41	3.91e-07
ptg000003l	97.436	39	160251	59271212	41	3.91e-07
ptg000003l	100.000	36	160251	59271212	41	3.91e-07
ptg000003l	97.368	38	160251	59271212	41	1.41e-06
ptg000003l	97.368	38	160251	59271212	41	1.41e-06
ptg000003l	90.196	51	160251	59271212	41	1.41e-06
ptg000003l	90.196	51	160251	59271212	41	1.41e-06
ptg000003l	95.122	41	160251	59271212	41	1.41e-06
ptg000003l	100.000	35	160251	59271212	41	1.41e-06
ptg000003l	91.304	46	160251	59271212	41	5.05e-06
ptg000003l	90.000	50	160251	59271212	41	5.05e-06
ptg000003l	100.000	34	160251	59271212	41	5.05e-06
ptg000003l	100.000	33	160251	59271212	41	1.82e-05
ptg000003l	97.143	35	160251	59271212	41	6.54e-05
ptg000003l	100.000	32	160251	59271212	41	6.54e-05
ptg000003l	97.143	35	160251	59271212	41	6.54e-05
ptg000003l	97.143	35	160251	59271212	41	6.54e-05
ptg000003l	100.000	31	160251	59271212	41	2.35e-04
ptg000003l	100.000	30	160251	59271212	41	8.46e-04
ptg000003l	100.000	30	160251	59271212	41	8.46e-04
ptg000003l	100.000	30	160251	59271212	41	8.46e-04
ptg000003l	96.970	33	160251	59271212	41	8.46e-04
ptg000003l	96.970	33	160251	59271212	41	8.46e-04
ptg000003l	100.000	30	160251	59271212	41	8.46e-04
ptg000003l	92.105	38	160251	59271212	41	0.003
ptg000003l	92.308	39	160251	59271212	41	0.003
ptg000003l	100.000	29	160251	59271212	41	0.003
ptg000003l	100.000	29	160251	59271212	41	0.003
ptg000003l	100.000	29	160251	59271212	41	0.003
ptg000003l	100.000	29	160251	59271212	41	0.003
ptg000003l	100.000	29	160251	59271212	41	0.003
ptg000003l	96.875	32	160251	59271212	41	0.003
ptg000003l	100.000	28	160251	59271212	41	0.011
ptg000002l	96.136	3442	160251	54055996	46	0.0
ptg000002l	98.913	2207	160251	54055996	46	0.0
ptg000002l	97.482	1549	160251	54055996	46	0.0
ptg000002l	96.234	1062	160251	54055996	46	0.0
ptg000002l	91.636	1100	160251	54055996	46	0.0
ptg000002l	96.062	711	160251	54055996	46	0.0
ptg000002l	94.152	684	160251	54055996	46	0.0
ptg000002l	84.801	1079	160251	54055996	46	0.0
ptg000002l	83.607	1098	160251	54055996	46	0.0
ptg000002l	97.023	571	160251	54055996	46	0.0
ptg000002l	94.684	602	160251	54055996	46	0.0
ptg000002l	98.054	514	160251	54055996	46	0.0
ptg000002l	97.665	514	160251	54055996	46	0.0
ptg000002l	93.918	559	160251	54055996	46	0.0
ptg000002l	100.000	452	160251	54055996	46	0.0
ptg000002l	95.777	521	160251	54055996	46	0.0
ptg000002l	94.291	543	160251	54055996	46	0.0
ptg000002l	93.636	550	160251	54055996	46	0.0
ptg000002l	94.259	540	160251	54055996	46	0.0
ptg000002l	92.909	550	160251	54055996	46	0.0
ptg000002l	98.643	442	160251	54055996	46	0.0
ptg000002l	89.583	576	160251	54055996	46	0.0
ptg000002l	93.776	482	160251	54055996	46	0.0
ptg000002l	89.492	571	160251	54055996	46	0.0
ptg000002l	89.685	572	160251	54055996	46	0.0
ptg000002l	93.515	478	160251	54055996	46	0.0
ptg000002l	78.073	1131	160251	54055996	46	0.0
ptg000002l	77.984	1131	160251	54055996	46	0.0
ptg000002l	90.207	531	160251	54055996	46	0.0
ptg000002l	96.474	397	160251	54055996	46	0.0
ptg000002l	96.222	397	160251	54055996	46	0.0
ptg000002l	93.224	428	160251	54055996	46	4.00e-171
ptg000002l	94.859	389	160251	54055996	46	1.86e-169
ptg000002l	94.859	389	160251	54055996	46	1.86e-169
ptg000002l	96.196	368	160251	54055996	46	3.12e-167
ptg000002l	93.494	415	160251	54055996	46	1.12e-166
ptg000002l	87.976	499	160251	54055996	46	4.06e-161
ptg000002l	94.851	369	160251	54055996	46	5.25e-160
ptg000002l	91.587	416	160251	54055996	46	2.44e-158
ptg000002l	98.433	319	160251	54055996	46	1.47e-155
ptg000002l	100.000	301	160251	54055996	46	1.90e-154
ptg000002l	93.211	383	160251	54055996	46	1.90e-154
ptg000002l	91.837	392	160251	54055996	46	4.12e-151
ptg000002l	99.663	297	160251	54055996	46	1.48e-150
ptg000002l	99.329	298	160251	54055996	46	1.92e-149
ptg000002l	96.914	324	160251	54055996	46	1.92e-149
ptg000002l	99.327	297	160251	54055996	46	6.89e-149
ptg000002l	99.327	297	160251	54055996	46	6.89e-149
ptg000002l	96.923	325	160251	54055996	46	2.48e-148
ptg000002l	91.349	393	160251	54055996	46	8.91e-148
ptg000002l	97.068	307	160251	54055996	46	8.98e-143
ptg000002l	97.068	307	160251	54055996	46	8.98e-143
ptg000002l	87.555	458	160251	54055996	46	8.98e-143
ptg000002l	91.733	375	160251	54055996	46	1.16e-141
ptg000002l	100.000	274	160251	54055996	46	1.94e-139
ptg000002l	100.000	274	160251	54055996	46	1.94e-139
ptg000002l	97.938	291	160251	54055996	46	2.51e-138
ptg000002l	98.929	280	160251	54055996	46	9.04e-138
ptg000002l	93.294	343	160251	54055996	46	9.04e-138
ptg000002l	94.410	322	160251	54055996	46	1.51e-135
ptg000002l	95.752	306	160251	54055996	46	1.51e-135
ptg000002l	95.765	307	160251	54055996	46	1.51e-135
ptg000002l	92.507	347	160251	54055996	46	1.96e-134
ptg000002l	92.507	347	160251	54055996	46	1.96e-134
ptg000002l	88.067	419	160251	54055996	46	7.04e-134
ptg000002l	88.067	419	160251	54055996	46	7.04e-134
ptg000002l	93.865	326	160251	54055996	46	2.53e-133
ptg000002l	95.410	305	160251	54055996	46	9.10e-133
ptg000002l	99.608	255	160251	54055996	46	3.30e-127
ptg000002l	99.606	254	160251	54055996	46	1.19e-126
ptg000002l	99.606	254	160251	54055996	46	1.19e-126
ptg000002l	90.449	356	160251	54055996	46	1.19e-126
ptg000002l	100.000	249	160251	54055996	46	1.53e-125
ptg000002l	95.804	286	160251	54055996	46	5.52e-125
ptg000002l	99.216	255	160251	54055996	46	5.52e-125
ptg000002l	99.598	249	160251	54055996	46	2.57e-123
ptg000002l	99.597	248	160251	54055996	46	2.57e-123
ptg000002l	96.691	272	160251	54055996	46	9.23e-123
ptg000002l	89.101	367	160251	54055996	46	9.23e-123
ptg000002l	94.810	289	160251	54055996	46	3.32e-122
ptg000002l	94.810	289	160251	54055996	46	3.32e-122
ptg000002l	97.348	264	160251	54055996	46	1.19e-121
ptg000002l	97.338	263	160251	54055996	46	1.19e-121
ptg000002l	90.407	344	160251	54055996	46	1.19e-121
ptg000002l	96.970	264	160251	54055996	46	1.55e-120
ptg000002l	88.740	373	160251	54055996	46	2.00e-119
ptg000002l	98.785	247	160251	54055996	46	7.19e-119
ptg000002l	87.936	373	160251	54055996	46	7.19e-119
ptg000002l	99.170	241	160251	54055996	46	3.34e-117
ptg000002l	84.956	452	160251	54055996	46	3.34e-117
ptg000002l	87.668	373	160251	54055996	46	1.20e-116
ptg000002l	87.368	380	160251	54055996	46	1.20e-116
ptg000002l	87.368	380	160251	54055996	46	4.33e-116
ptg000002l	88.251	366	160251	54055996	46	4.33e-116
ptg000002l	98.755	241	160251	54055996	46	1.56e-115
ptg000002l	92.131	305	160251	54055996	46	2.01e-114
ptg000002l	84.479	451	160251	54055996	46	9.36e-113
ptg000002l	99.561	228	160251	54055996	46	3.37e-112
ptg000002l	91.667	300	160251	54055996	46	3.37e-112
ptg000002l	91.667	300	160251	54055996	46	3.37e-112
ptg000002l	93.929	280	160251	54055996	46	3.37e-112
ptg000002l	100.000	224	160251	54055996	46	1.21e-111
ptg000002l	96.443	253	160251	54055996	46	1.57e-110
ptg000002l	87.088	364	160251	54055996	46	5.64e-110
ptg000002l	99.554	224	160251	54055996	46	2.03e-109
ptg000002l	100.000	218	160251	54055996	46	2.62e-108
ptg000002l	86.612	366	160251	54055996	46	3.39e-107
ptg000002l	96.653	239	160251	54055996	46	1.22e-106
ptg000002l	94.231	260	160251	54055996	46	1.58e-105
ptg000002l	96.983	232	160251	54055996	46	7.34e-104
ptg000002l	98.206	223	160251	54055996	46	7.34e-104
ptg000002l	97.778	225	160251	54055996	46	7.34e-104
ptg000002l	91.873	283	160251	54055996	46	7.34e-104
ptg000002l	93.846	260	160251	54055996	46	2.64e-103
ptg000002l	88.379	327	160251	54055996	46	2.64e-103
ptg000002l	95.510	245	160251	54055996	46	2.64e-103
ptg000002l	91.549	284	160251	54055996	46	2.64e-103
ptg000002l	99.526	211	160251	54055996	46	9.50e-103
ptg000002l	91.549	284	160251	54055996	46	9.50e-103
ptg000002l	91.135	282	160251	54055996	46	1.23e-101
ptg000002l	91.135	282	160251	54055996	46	1.23e-101
ptg000002l	94.400	250	160251	54055996	46	4.42e-101
ptg000002l	100.000	204	160251	54055996	46	1.59e-100
ptg000002l	98.578	211	160251	54055996	46	2.06e-99
ptg000002l	96.460	226	160251	54055996	46	2.06e-99
ptg000002l	90.845	284	160251	54055996	46	2.06e-99
ptg000002l	95.708	233	160251	54055996	46	7.39e-99
ptg000002l	96.875	224	160251	54055996	46	2.66e-98
ptg000002l	99.505	202	160251	54055996	46	9.57e-98
ptg000002l	99.505	202	160251	54055996	46	9.57e-98
ptg000002l	99.500	200	160251	54055996	46	1.24e-96
ptg000002l	98.104	211	160251	54055996	46	1.24e-96
ptg000002l	100.000	196	160251	54055996	46	4.45e-96
ptg000002l	90.141	284	160251	54055996	46	4.45e-96
ptg000002l	94.093	237	160251	54055996	46	1.60e-95
ptg000002l	89.928	278	160251	54055996	46	7.45e-94
ptg000002l	86.997	323	160251	54055996	46	9.63e-93
ptg000002l	95.833	216	160251	54055996	46	1.25e-91
ptg000002l	88.079	302	160251	54055996	46	1.25e-91
ptg000002l	98.462	195	160251	54055996	46	5.80e-90
ptg000002l	98.462	195	160251	54055996	46	5.80e-90
ptg000002l	96.585	205	160251	54055996	46	2.09e-89
ptg000002l	90.458	262	160251	54055996	46	2.70e-88
ptg000002l	100.000	180	160251	54055996	46	3.49e-87
ptg000002l	95.652	207	160251	54055996	46	3.49e-87
ptg000002l	93.363	226	160251	54055996	46	3.49e-87
ptg000002l	97.396	192	160251	54055996	46	5.84e-85
ptg000002l	95.588	204	160251	54055996	46	5.84e-85
ptg000002l	90.079	252	160251	54055996	46	5.84e-85
ptg000002l	92.825	223	160251	54055996	46	2.10e-84
ptg000002l	100.000	174	160251	54055996	46	7.55e-84
ptg000002l	100.000	174	160251	54055996	46	7.55e-84
ptg000002l	92.889	225	160251	54055996	46	2.72e-83
ptg000002l	89.960	249	160251	54055996	46	2.72e-83
ptg000002l	99.432	176	160251	54055996	46	2.72e-83
ptg000002l	95.098	204	160251	54055996	46	9.77e-83
ptg000002l	99.425	174	160251	54055996	46	3.51e-82
ptg000002l	97.790	181	160251	54055996	46	4.55e-81
ptg000002l	98.857	175	160251	54055996	46	4.55e-81
ptg000002l	91.667	228	160251	54055996	46	1.63e-80
ptg000002l	91.667	228	160251	54055996	46	1.63e-80
ptg000002l	93.023	215	160251	54055996	46	5.88e-80
ptg000002l	98.851	174	160251	54055996	46	5.88e-80
ptg000002l	96.721	183	160251	54055996	46	7.61e-79
ptg000002l	98.276	174	160251	54055996	46	7.61e-79
ptg000002l	88.506	261	160251	54055996	46	2.74e-78
ptg000002l	99.401	167	160251	54055996	46	2.74e-78
ptg000002l	97.222	180	160251	54055996	46	2.74e-78
ptg000002l	100.000	163	160251	54055996	46	9.84e-78
ptg000002l	100.000	163	160251	54055996	46	9.84e-78
ptg000002l	100.000	163	160251	54055996	46	9.84e-78
ptg000002l	99.394	165	160251	54055996	46	3.54e-77
ptg000002l	99.398	166	160251	54055996	46	3.54e-77
ptg000002l	98.802	167	160251	54055996	46	1.27e-76
ptg000002l	98.802	167	160251	54055996	46	1.27e-76
ptg000002l	98.235	170	160251	54055996	46	1.27e-76
ptg000002l	86.364	286	160251	54055996	46	4.58e-76
ptg000002l	100.000	159	160251	54055996	46	1.65e-75
ptg000002l	86.111	288	160251	54055996	46	1.65e-75
ptg000002l	95.628	183	160251	54055996	46	5.92e-75
ptg000002l	100.000	158	160251	54055996	46	5.92e-75
ptg000002l	100.000	157	160251	54055996	46	2.13e-74
ptg000002l	100.000	156	160251	54055996	46	7.66e-74
ptg000002l	99.371	159	160251	54055996	46	2.76e-73
ptg000002l	82.779	331	160251	54055996	46	2.76e-73
ptg000002l	92.271	207	160251	54055996	46	9.91e-73
ptg000002l	89.130	230	160251	54055996	46	9.91e-73
ptg000002l	94.565	184	160251	54055996	46	3.56e-72
ptg000002l	94.565	184	160251	54055996	46	3.56e-72
ptg000002l	99.363	157	160251	54055996	46	3.56e-72
ptg000002l	98.750	160	160251	54055996	46	3.56e-72
ptg000002l	98.750	160	160251	54055996	46	3.56e-72
ptg000002l	99.359	156	160251	54055996	46	3.56e-72
ptg000002l	99.359	156	160251	54055996	46	3.56e-72
ptg000002l	100.000	152	160251	54055996	46	1.28e-71
ptg000002l	100.000	152	160251	54055996	46	1.28e-71
ptg000002l	90.566	212	160251	54055996	46	1.28e-71
ptg000002l	95.055	182	160251	54055996	46	1.28e-71
ptg000002l	100.000	151	160251	54055996	46	4.61e-71
ptg000002l	99.351	154	160251	54055996	46	4.61e-71
ptg000002l	99.351	154	160251	54055996	46	4.61e-71
ptg000002l	96.491	171	160251	54055996	46	4.61e-71
ptg000002l	100.000	150	160251	54055996	46	1.66e-70
ptg000002l	86.100	259	160251	54055996	46	5.96e-70
ptg000002l	93.514	185	160251	54055996	46	5.96e-70
ptg000002l	82.175	331	160251	54055996	46	2.15e-69
ptg000002l	95.858	169	160251	54055996	46	2.15e-69
ptg000002l	96.386	166	160251	54055996	46	2.15e-69
ptg000002l	90.094	212	160251	54055996	46	2.15e-69
ptg000002l	99.324	148	160251	54055996	46	9.98e-68
ptg000002l	99.324	148	160251	54055996	46	9.98e-68
ptg000002l	100.000	144	160251	54055996	46	3.59e-67
ptg000002l	86.475	244	160251	54055996	46	3.59e-67
ptg000002l	99.310	145	160251	54055996	46	4.64e-66
ptg000002l	97.386	153	160251	54055996	46	1.67e-65
ptg000002l	97.386	153	160251	54055996	46	1.67e-65
ptg000002l	93.678	174	160251	54055996	46	1.67e-65
ptg000002l	93.678	174	160251	54055996	46	1.67e-65
ptg000002l	100.000	138	160251	54055996	46	7.77e-64
ptg000002l	99.286	140	160251	54055996	46	2.79e-63
ptg000002l	99.286	140	160251	54055996	46	2.79e-63
ptg000002l	98.592	142	160251	54055996	46	1.01e-62
ptg000002l	100.000	136	160251	54055996	46	1.01e-62
ptg000002l	96.104	154	160251	54055996	46	1.01e-62
ptg000002l	91.935	186	160251	54055996	46	1.01e-62
ptg000002l	94.444	162	160251	54055996	46	3.62e-62
ptg000002l	94.444	162	160251	54055996	46	3.62e-62
ptg000002l	85.772	246	160251	54055996	46	3.62e-62
ptg000002l	85.772	246	160251	54055996	46	3.62e-62
ptg000002l	82.759	290	160251	54055996	46	3.62e-62
ptg000002l	99.275	138	160251	54055996	46	3.62e-62
ptg000002l	99.265	136	160251	54055996	46	4.68e-61
ptg000002l	99.265	136	160251	54055996	46	4.68e-61
ptg000002l	96.053	152	160251	54055996	46	1.68e-60
ptg000002l	91.954	174	160251	54055996	46	1.68e-60
ptg000002l	87.037	216	160251	54055996	46	6.05e-60
ptg000002l	95.973	149	160251	54055996	46	6.05e-60
ptg000002l	84.884	258	160251	54055996	46	2.18e-59
ptg000002l	99.248	133	160251	54055996	46	7.83e-59
ptg000002l	97.183	142	160251	54055996	46	7.83e-59
ptg000002l	88.945	199	160251	54055996	46	7.83e-59
ptg000002l	91.329	173	160251	54055996	46	1.01e-57
ptg000002l	86.301	219	160251	54055996	46	3.64e-57
ptg000002l	99.225	129	160251	54055996	46	3.64e-57
ptg000002l	94.667	150	160251	54055996	46	3.64e-57
ptg000002l	100.000	124	160251	54055996	46	4.71e-56
ptg000002l	100.000	124	160251	54055996	46	4.71e-56
ptg000002l	100.000	124	160251	54055996	46	4.71e-56
ptg000002l	100.000	124	160251	54055996	46	4.71e-56
ptg000002l	96.377	138	160251	54055996	46	1.69e-55
ptg000002l	90.286	175	160251	54055996	46	1.69e-55
ptg000002l	90.751	173	160251	54055996	46	6.09e-55
ptg000002l	97.710	131	160251	54055996	46	2.19e-54
ptg000002l	100.000	121	160251	54055996	46	2.19e-54
ptg000002l	90.230	174	160251	54055996	46	2.19e-54
ptg000002l	100.000	120	160251	54055996	46	7.88e-54
ptg000002l	100.000	119	160251	54055996	46	2.83e-53
ptg000002l	100.000	119	160251	54055996	46	2.83e-53
ptg000002l	94.366	142	160251	54055996	46	1.02e-52
ptg000002l	91.304	161	160251	54055996	46	1.02e-52
ptg000002l	93.243	148	160251	54055996	46	1.02e-52
ptg000002l	97.638	127	160251	54055996	46	1.02e-52
ptg000002l	97.638	127	160251	54055996	46	1.02e-52
ptg000002l	95.035	141	160251	54055996	46	1.02e-52
ptg000002l	86.256	211	160251	54055996	46	3.67e-52
ptg000002l	100.000	116	160251	54055996	46	1.32e-51
ptg000002l	100.000	115	160251	54055996	46	4.74e-51
ptg000002l	100.000	115	160251	54055996	46	4.74e-51
ptg000002l	89.759	166	160251	54055996	46	4.74e-51
ptg000002l	97.600	125	160251	54055996	46	4.74e-51
ptg000002l	98.333	120	160251	54055996	46	6.14e-50
ptg000002l	100.000	113	160251	54055996	46	6.14e-50
ptg000002l	100.000	113	160251	54055996	46	6.14e-50
ptg000002l	94.203	138	160251	54055996	46	6.14e-50
ptg000002l	93.525	139	160251	54055996	46	2.21e-49
ptg000002l	99.130	115	160251	54055996	46	2.21e-49
ptg000002l	95.349	129	160251	54055996	46	2.85e-48
ptg000002l	97.479	119	160251	54055996	46	2.85e-48
ptg000002l	91.837	147	160251	54055996	46	2.85e-48
ptg000002l	97.458	118	160251	54055996	46	1.03e-47
ptg000002l	97.458	118	160251	54055996	46	1.03e-47
ptg000002l	96.694	121	160251	54055996	46	1.03e-47
ptg000002l	95.968	124	160251	54055996	46	1.03e-47
ptg000002l	88.957	163	160251	54055996	46	3.69e-47
ptg000002l	93.985	133	160251	54055996	46	3.69e-47
ptg000002l	100.000	107	160251	54055996	46	1.33e-46
ptg000002l	92.754	138	160251	54055996	46	1.33e-46
ptg000002l	100.000	106	160251	54055996	46	4.78e-46
ptg000002l	93.284	134	160251	54055996	46	4.78e-46
ptg000002l	93.284	134	160251	54055996	46	4.78e-46
ptg000002l	95.902	122	160251	54055996	46	4.78e-46
ptg000002l	90.132	152	160251	54055996	46	4.78e-46
ptg000002l	96.610	118	160251	54055996	46	1.72e-45
ptg000002l	97.368	114	160251	54055996	46	1.72e-45
ptg000002l	79.560	318	160251	54055996	46	1.72e-45
ptg000002l	93.846	130	160251	54055996	46	1.72e-45
ptg000002l	93.182	132	160251	54055996	46	1.72e-45
ptg000002l	93.798	129	160251	54055996	46	1.72e-45
ptg000002l	86.667	180	160251	54055996	46	6.18e-45
ptg000002l	95.041	121	160251	54055996	46	2.22e-44
ptg000002l	100.000	102	160251	54055996	46	7.99e-44
ptg000002l	100.000	101	160251	54055996	46	2.87e-43
ptg000002l	100.000	101	160251	54055996	46	2.87e-43
ptg000002l	99.029	103	160251	54055996	46	1.03e-42
ptg000002l	100.000	100	160251	54055996	46	1.03e-42
ptg000002l	100.000	100	160251	54055996	46	1.03e-42
ptg000002l	98.077	104	160251	54055996	46	1.34e-41
ptg000002l	98.095	105	160251	54055996	46	1.34e-41
ptg000002l	98.095	105	160251	54055996	46	1.34e-41
ptg000002l	98.077	104	160251	54055996	46	1.34e-41
ptg000002l	98.077	104	160251	54055996	46	1.34e-41
ptg000002l	94.828	116	160251	54055996	46	4.81e-41
ptg000002l	97.170	106	160251	54055996	46	4.81e-41
ptg000002l	100.000	97	160251	54055996	46	4.81e-41
ptg000002l	100.000	96	160251	54055996	46	1.73e-40
ptg000002l	98.980	98	160251	54055996	46	6.22e-40
ptg000002l	100.000	95	160251	54055996	46	6.22e-40
ptg000002l	97.115	104	160251	54055996	46	2.24e-39
ptg000002l	98.980	98	160251	54055996	46	2.24e-39
ptg000002l	98.980	98	160251	54055996	46	2.24e-39
ptg000002l	87.500	152	160251	54055996	46	2.24e-39
ptg000002l	85.632	174	160251	54055996	46	8.05e-39
ptg000002l	100.000	93	160251	54055996	46	8.05e-39
ptg000002l	100.000	92	160251	54055996	46	2.90e-38
ptg000002l	96.190	105	160251	54055996	46	2.90e-38
ptg000002l	97.959	98	160251	54055996	46	1.04e-37
ptg000002l	97.959	98	160251	54055996	46	1.04e-37
ptg000002l	97.000	100	160251	54055996	46	1.04e-37
ptg000002l	95.238	105	160251	54055996	46	3.75e-37
ptg000002l	97.917	96	160251	54055996	46	3.75e-37
ptg000002l	100.000	90	160251	54055996	46	3.75e-37
ptg000002l	93.694	111	160251	54055996	46	3.75e-37
ptg000002l	93.694	111	160251	54055996	46	3.75e-37
ptg000002l	91.200	125	160251	54055996	46	1.35e-36
ptg000002l	97.895	95	160251	54055996	46	4.84e-36
ptg000002l	100.000	88	160251	54055996	46	4.84e-36
ptg000002l	100.000	88	160251	54055996	46	4.84e-36
ptg000002l	100.000	88	160251	54055996	46	4.84e-36
ptg000002l	97.872	94	160251	54055996	46	4.84e-36
ptg000002l	96.000	100	160251	54055996	46	4.84e-36
ptg000002l	96.000	100	160251	54055996	46	4.84e-36
ptg000002l	97.872	94	160251	54055996	46	4.84e-36
ptg000002l	100.000	87	160251	54055996	46	1.74e-35
ptg000002l	100.000	87	160251	54055996	46	1.74e-35
ptg000002l	93.578	109	160251	54055996	46	1.74e-35
ptg000002l	92.793	111	160251	54055996	46	1.74e-35
ptg000002l	92.793	111	160251	54055996	46	1.74e-35
ptg000002l	95.146	103	160251	54055996	46	1.74e-35
ptg000002l	93.458	107	160251	54055996	46	6.27e-35
ptg000002l	93.458	107	160251	54055996	46	6.27e-35
ptg000002l	100.000	86	160251	54055996	46	6.27e-35
ptg000002l	100.000	86	160251	54055996	46	6.27e-35
ptg000002l	100.000	86	160251	54055996	46	6.27e-35
ptg000002l	92.174	115	160251	54055996	46	6.27e-35
ptg000002l	95.098	102	160251	54055996	46	6.27e-35
ptg000002l	100.000	85	160251	54055996	46	2.25e-34
ptg000002l	100.000	85	160251	54055996	46	2.25e-34
ptg000002l	95.000	100	160251	54055996	46	2.25e-34
ptg000002l	91.964	112	160251	54055996	46	8.11e-34
ptg000002l	84.483	174	160251	54055996	46	8.11e-34
ptg000002l	95.833	96	160251	54055996	46	8.11e-34
ptg000002l	95.833	96	160251	54055996	46	8.11e-34
ptg000002l	94.898	98	160251	54055996	46	2.92e-33
ptg000002l	98.837	86	160251	54055996	46	2.92e-33
ptg000002l	93.333	105	160251	54055996	46	2.92e-33
ptg000002l	98.837	86	160251	54055996	46	2.92e-33
ptg000002l	98.837	86	160251	54055996	46	2.92e-33
ptg000002l	98.837	86	160251	54055996	46	2.92e-33
ptg000002l	91.071	112	160251	54055996	46	3.77e-32
ptg000002l	100.000	81	160251	54055996	46	3.77e-32
ptg000002l	100.000	81	160251	54055996	46	3.77e-32
ptg000002l	98.795	83	160251	54055996	46	1.36e-31
ptg000002l	98.795	83	160251	54055996	46	1.36e-31
ptg000002l	97.701	87	160251	54055996	46	1.36e-31
ptg000002l	91.818	110	160251	54055996	46	1.36e-31
ptg000002l	93.204	103	160251	54055996	46	1.36e-31
ptg000002l	94.681	94	160251	54055996	46	4.88e-31
ptg000002l	100.000	79	160251	54055996	46	4.88e-31
ptg000002l	92.308	104	160251	54055996	46	4.88e-31
ptg000002l	98.765	81	160251	54055996	46	1.75e-30
ptg000002l	95.455	88	160251	54055996	46	2.27e-29
ptg000002l	85.816	141	160251	54055996	46	2.27e-29
ptg000002l	93.617	94	160251	54055996	46	2.27e-29
ptg000002l	93.617	94	160251	54055996	46	2.27e-29
ptg000002l	91.262	103	160251	54055996	46	8.16e-29
ptg000002l	92.784	97	160251	54055996	46	2.94e-28
ptg000002l	96.429	84	160251	54055996	46	2.94e-28
ptg000002l	96.429	84	160251	54055996	46	2.94e-28
ptg000002l	96.386	83	160251	54055996	46	2.94e-28
ptg000002l	96.429	84	160251	54055996	46	2.94e-28
ptg000002l	93.548	93	160251	54055996	46	1.06e-27
ptg000002l	93.548	93	160251	54055996	46	1.06e-27
ptg000002l	98.684	76	160251	54055996	46	1.06e-27
ptg000002l	98.684	76	160251	54055996	46	1.06e-27
ptg000002l	98.684	76	160251	54055996	46	1.06e-27
ptg000002l	86.364	132	160251	54055996	46	3.80e-27
ptg000002l	95.238	84	160251	54055996	46	1.37e-26
ptg000002l	98.649	74	160251	54055996	46	1.37e-26
ptg000002l	98.649	74	160251	54055996	46	1.37e-26
ptg000002l	98.649	74	160251	54055996	46	1.37e-26
ptg000002l	97.403	77	160251	54055996	46	1.37e-26
ptg000002l	95.181	83	160251	54055996	46	4.91e-26
ptg000002l	95.122	82	160251	54055996	46	4.91e-26
ptg000002l	100.000	70	160251	54055996	46	4.91e-26
ptg000002l	100.000	70	160251	54055996	46	4.91e-26
ptg000002l	91.489	94	160251	54055996	46	1.77e-25
ptg000002l	95.062	81	160251	54055996	46	6.36e-25
ptg000002l	95.062	81	160251	54055996	46	6.36e-25
ptg000002l	98.592	71	160251	54055996	46	6.36e-25
ptg000002l	98.592	71	160251	54055996	46	6.36e-25
ptg000002l	97.297	74	160251	54055996	46	6.36e-25
ptg000002l	97.297	74	160251	54055996	46	6.36e-25
ptg000002l	98.592	71	160251	54055996	46	6.36e-25
ptg000002l	91.398	93	160251	54055996	46	6.36e-25
ptg000002l	97.260	73	160251	54055996	46	2.29e-24
ptg000002l	97.260	73	160251	54055996	46	2.29e-24
ptg000002l	100.000	67	160251	54055996	46	2.29e-24
ptg000002l	100.000	67	160251	54055996	46	2.29e-24
ptg000002l	93.976	83	160251	54055996	46	2.29e-24
ptg000002l	96.104	77	160251	54055996	46	2.29e-24
ptg000002l	96.104	77	160251	54055996	46	2.29e-24
ptg000002l	82.857	140	160251	54055996	46	8.22e-24
ptg000002l	97.222	72	160251	54055996	46	2.96e-23
ptg000002l	90.323	93	160251	54055996	46	2.96e-23
ptg000002l	90.323	93	160251	54055996	46	2.96e-23
ptg000002l	95.890	73	160251	54055996	46	1.06e-22
ptg000002l	95.890	73	160251	54055996	46	1.06e-22
ptg000002l	100.000	64	160251	54055996	46	1.06e-22
ptg000002l	100.000	64	160251	54055996	46	1.06e-22
ptg000002l	98.507	67	160251	54055996	46	1.06e-22
ptg000002l	95.890	73	160251	54055996	46	1.06e-22
ptg000002l	95.890	73	160251	54055996	46	1.06e-22
ptg000002l	93.671	79	160251	54055996	46	3.83e-22
ptg000002l	91.667	84	160251	54055996	46	1.38e-21
ptg000002l	91.667	84	160251	54055996	46	1.38e-21
ptg000002l	97.059	68	160251	54055996	46	1.38e-21
ptg000002l	98.462	65	160251	54055996	46	1.38e-21
ptg000002l	100.000	61	160251	54055996	46	4.95e-21
ptg000002l	100.000	61	160251	54055996	46	4.95e-21
ptg000002l	100.000	61	160251	54055996	46	4.95e-21
ptg000002l	98.438	64	160251	54055996	46	4.95e-21
ptg000002l	96.970	66	160251	54055996	46	1.78e-20
ptg000002l	96.970	66	160251	54055996	46	1.78e-20
ptg000002l	95.652	69	160251	54055996	46	1.78e-20
ptg000002l	100.000	60	160251	54055996	46	1.78e-20
ptg000002l	94.444	72	160251	54055996	46	1.78e-20
ptg000002l	92.308	78	160251	54055996	46	6.40e-20
ptg000002l	92.308	78	160251	54055996	46	6.40e-20
ptg000002l	100.000	58	160251	54055996	46	2.30e-19
ptg000002l	95.522	67	160251	54055996	46	2.30e-19
ptg000002l	100.000	57	160251	54055996	46	8.28e-19
ptg000002l	98.333	60	160251	54055996	46	8.28e-19
ptg000002l	94.203	69	160251	54055996	46	8.28e-19
ptg000002l	98.333	60	160251	54055996	46	2.98e-18
ptg000002l	100.000	55	160251	54055996	46	1.07e-17
ptg000002l	100.000	55	160251	54055996	46	1.07e-17
ptg000002l	98.246	57	160251	54055996	46	3.85e-17
ptg000002l	100.000	54	160251	54055996	46	3.85e-17
ptg000002l	98.276	58	160251	54055996	46	3.85e-17
ptg000002l	98.276	58	160251	54055996	46	3.85e-17
ptg000002l	92.754	69	160251	54055996	46	3.85e-17
ptg000002l	92.754	69	160251	54055996	46	3.85e-17
ptg000002l	93.939	66	160251	54055996	46	1.39e-16
ptg000002l	93.846	65	160251	54055996	46	1.39e-16
ptg000002l	81.897	116	160251	54055996	46	1.39e-16
ptg000002l	98.214	56	160251	54055996	46	1.39e-16
ptg000002l	98.214	56	160251	54055996	46	1.39e-16
ptg000002l	90.667	75	160251	54055996	46	1.39e-16
ptg000002l	96.610	59	160251	54055996	46	4.98e-16
ptg000002l	96.610	59	160251	54055996	46	4.98e-16
ptg000002l	100.000	52	160251	54055996	46	4.98e-16
ptg000002l	100.000	52	160251	54055996	46	4.98e-16
ptg000002l	93.846	65	160251	54055996	46	4.98e-16
ptg000002l	95.082	61	160251	54055996	46	1.79e-15
ptg000002l	96.491	57	160251	54055996	46	1.79e-15
ptg000002l	83.333	114	160251	54055996	46	1.79e-15
ptg000002l	100.000	50	160251	54055996	46	6.45e-15
ptg000002l	100.000	50	160251	54055996	46	6.45e-15
ptg000002l	93.548	62	160251	54055996	46	6.45e-15
ptg000002l	98.113	53	160251	54055996	46	6.45e-15
ptg000002l	91.045	67	160251	54055996	46	2.32e-14
ptg000002l	93.443	61	160251	54055996	46	2.32e-14
ptg000002l	98.077	52	160251	54055996	46	2.32e-14
ptg000002l	98.077	52	160251	54055996	46	2.32e-14
ptg000002l	98.039	51	160251	54055996	46	8.34e-14
ptg000002l	100.000	48	160251	54055996	46	8.34e-14
ptg000002l	100.000	48	160251	54055996	46	8.34e-14
ptg000002l	100.000	48	160251	54055996	46	8.34e-14
ptg000002l	100.000	48	160251	54055996	46	8.34e-14
ptg000002l	100.000	48	160251	54055996	46	8.34e-14
ptg000002l	87.179	78	160251	54055996	46	3.00e-13
ptg000002l	87.179	78	160251	54055996	46	3.00e-13
ptg000002l	98.000	50	160251	54055996	46	3.00e-13
ptg000002l	97.959	49	160251	54055996	46	1.08e-12
ptg000002l	100.000	46	160251	54055996	46	1.08e-12
ptg000002l	100.000	46	160251	54055996	46	1.08e-12
ptg000002l	96.226	53	160251	54055996	46	1.08e-12
ptg000002l	96.078	51	160251	54055996	46	3.88e-12
ptg000002l	94.444	54	160251	54055996	46	3.88e-12
ptg000002l	100.000	45	160251	54055996	46	3.88e-12
ptg000002l	97.917	48	160251	54055996	46	1.40e-11
ptg000002l	100.000	44	160251	54055996	46	1.40e-11
ptg000002l	100.000	44	160251	54055996	46	1.40e-11
ptg000002l	97.917	48	160251	54055996	46	1.40e-11
ptg000002l	94.231	52	160251	54055996	46	5.02e-11
ptg000002l	97.778	45	160251	54055996	46	1.81e-10
ptg000002l	91.228	57	160251	54055996	46	6.49e-10
ptg000002l	100.000	41	160251	54055996	46	6.49e-10
ptg000002l	95.833	48	160251	54055996	46	6.49e-10
ptg000002l	92.453	53	160251	54055996	46	2.34e-09
ptg000002l	92.453	53	160251	54055996	46	2.34e-09
ptg000002l	100.000	40	160251	54055996	46	2.34e-09
ptg000002l	100.000	40	160251	54055996	46	2.34e-09
ptg000002l	100.000	40	160251	54055996	46	2.34e-09
ptg000002l	93.878	49	160251	54055996	46	2.34e-09
ptg000002l	93.878	49	160251	54055996	46	2.34e-09
ptg000002l	92.157	51	160251	54055996	46	8.40e-09
ptg000002l	100.000	39	160251	54055996	46	8.40e-09
ptg000002l	97.561	41	160251	54055996	46	3.02e-08
ptg000002l	97.561	41	160251	54055996	46	3.02e-08
ptg000002l	100.000	38	160251	54055996	46	3.02e-08
ptg000002l	100.000	38	160251	54055996	46	3.02e-08
ptg000002l	100.000	38	160251	54055996	46	3.02e-08
ptg000002l	100.000	38	160251	54055996	46	3.02e-08
ptg000002l	91.837	49	160251	54055996	46	1.09e-07
ptg000002l	97.500	40	160251	54055996	46	1.09e-07
ptg000002l	97.500	40	160251	54055996	46	1.09e-07
ptg000002l	97.561	41	160251	54055996	46	1.09e-07
ptg000002l	91.837	49	160251	54055996	46	1.09e-07
ptg000002l	91.837	49	160251	54055996	46	1.09e-07
ptg000002l	95.238	42	160251	54055996	46	3.91e-07
ptg000002l	97.436	39	160251	54055996	46	3.91e-07
ptg000002l	100.000	36	160251	54055996	46	3.91e-07
ptg000002l	97.436	39	160251	54055996	46	3.91e-07
ptg000002l	97.436	39	160251	54055996	46	3.91e-07
ptg000002l	100.000	36	160251	54055996	46	3.91e-07
ptg000002l	93.333	45	160251	54055996	46	1.41e-06
ptg000002l	100.000	35	160251	54055996	46	1.41e-06
ptg000002l	100.000	35	160251	54055996	46	1.41e-06
ptg000002l	97.368	38	160251	54055996	46	1.41e-06
ptg000002l	100.000	35	160251	54055996	46	1.41e-06
ptg000002l	100.000	35	160251	54055996	46	1.41e-06
ptg000002l	100.000	35	160251	54055996	46	1.41e-06
ptg000002l	97.297	37	160251	54055996	46	5.05e-06
ptg000002l	97.297	37	160251	54055996	46	5.05e-06
ptg000002l	93.023	43	160251	54055996	46	5.05e-06
ptg000002l	93.023	43	160251	54055996	46	5.05e-06
ptg000002l	97.297	37	160251	54055996	46	5.05e-06
ptg000002l	100.000	33	160251	54055996	46	1.82e-05
ptg000002l	100.000	33	160251	54055996	46	1.82e-05
ptg000002l	100.000	33	160251	54055996	46	1.82e-05
ptg000002l	100.000	32	160251	54055996	46	6.54e-05
ptg000002l	100.000	32	160251	54055996	46	6.54e-05
ptg000002l	97.059	34	160251	54055996	46	2.35e-04
ptg000002l	97.059	34	160251	54055996	46	2.35e-04
ptg000002l	100.000	30	160251	54055996	46	8.46e-04
ptg000002l	100.000	30	160251	54055996	46	8.46e-04
ptg000002l	100.000	30	160251	54055996	46	8.46e-04
ptg000002l	94.286	35	160251	54055996	46	0.003
ptg000002l	100.000	28	160251	54055996	46	0.011
ptg000001l	95.808	2934	160251	45651274	33	0.0
ptg000001l	90.708	1539	160251	45651274	33	0.0
ptg000001l	90.448	1539	160251	45651274	33	0.0
ptg000001l	90.362	1546	160251	45651274	33	0.0
ptg000001l	90.266	1541	160251	45651274	33	0.0
ptg000001l	85.167	1881	160251	45651274	33	0.0
ptg000001l	93.526	1282	160251	45651274	33	0.0
ptg000001l	98.458	908	160251	45651274	33	0.0
ptg000001l	84.861	1407	160251	45651274	33	0.0
ptg000001l	91.566	913	160251	45651274	33	0.0
ptg000001l	88.477	972	160251	45651274	33	0.0
ptg000001l	98.473	524	160251	45651274	33	0.0
ptg000001l	98.092	524	160251	45651274	33	0.0
ptg000001l	94.567	589	160251	45651274	33	0.0
ptg000001l	86.506	830	160251	45651274	33	0.0
ptg000001l	98.523	474	160251	45651274	33	0.0
ptg000001l	96.488	484	160251	45651274	33	0.0
ptg000001l	83.391	873	160251	45651274	33	0.0
ptg000001l	83.740	861	160251	45651274	33	0.0
ptg000001l	95.736	469	160251	45651274	33	0.0
ptg000001l	96.847	444	160251	45651274	33	0.0
ptg000001l	89.661	590	160251	45651274	33	0.0
ptg000001l	97.122	417	160251	45651274	33	0.0
ptg000001l	99.479	384	160251	45651274	33	0.0
ptg000001l	83.176	743	160251	45651274	33	0.0
ptg000001l	83.176	743	160251	45651274	33	0.0
ptg000001l	95.377	411	160251	45651274	33	0.0
ptg000001l	95.377	411	160251	45651274	33	0.0
ptg000001l	96.515	373	160251	45651274	33	8.60e-173
ptg000001l	96.970	363	160251	45651274	33	1.44e-170
ptg000001l	85.666	586	160251	45651274	33	8.66e-168
ptg000001l	93.120	407	160251	45651274	33	4.03e-166
ptg000001l	93.120	407	160251	45651274	33	4.03e-166
ptg000001l	97.674	344	160251	45651274	33	6.74e-164
ptg000001l	97.674	344	160251	45651274	33	6.74e-164
ptg000001l	84.654	593	160251	45651274	33	8.79e-158
ptg000001l	93.112	392	160251	45651274	33	3.16e-157
ptg000001l	91.832	404	160251	45651274	33	4.09e-156
ptg000001l	91.832	404	160251	45651274	33	4.09e-156
ptg000001l	97.281	331	160251	45651274	33	4.09e-156
ptg000001l	98.113	318	160251	45651274	33	8.85e-153
ptg000001l	93.733	367	160251	45651274	33	5.33e-150
ptg000001l	94.493	345	160251	45651274	33	4.15e-146
ptg000001l	99.315	292	160251	45651274	33	4.15e-146
ptg000001l	97.720	307	160251	45651274	33	4.15e-146
ptg000001l	87.965	457	160251	45651274	33	8.98e-143
ptg000001l	97.068	307	160251	45651274	33	3.23e-142
ptg000001l	92.120	368	160251	45651274	33	1.94e-139
ptg000001l	96.678	301	160251	45651274	33	9.04e-138
ptg000001l	95.793	309	160251	45651274	33	1.51e-135
ptg000001l	97.203	286	160251	45651274	33	9.10e-133
ptg000001l	98.168	273	160251	45651274	33	1.52e-130
ptg000001l	95.946	296	160251	45651274	33	5.48e-130
ptg000001l	95.623	297	160251	45651274	33	7.09e-129
ptg000001l	82.796	558	160251	45651274	33	7.09e-129
ptg000001l	82.478	565	160251	45651274	33	2.55e-128
ptg000001l	94.949	297	160251	45651274	33	1.53e-125
ptg000001l	94.932	296	160251	45651274	33	5.52e-125
ptg000001l	91.168	351	160251	45651274	33	5.52e-125
ptg000001l	87.050	417	160251	45651274	33	1.98e-124
ptg000001l	95.775	284	160251	45651274	33	1.98e-124
ptg000001l	93.891	311	160251	45651274	33	1.98e-124
ptg000001l	88.071	394	160251	45651274	33	2.57e-123
ptg000001l	94.137	307	160251	45651274	33	2.57e-123
ptg000001l	97.348	264	160251	45651274	33	1.19e-121
ptg000001l	94.539	293	160251	45651274	33	1.19e-121
ptg000001l	94.218	294	160251	45651274	33	1.55e-120
ptg000001l	87.469	399	160251	45651274	33	5.56e-120
ptg000001l	88.705	363	160251	45651274	33	5.56e-120
ptg000001l	88.705	363	160251	45651274	33	5.56e-120
ptg000001l	98.785	247	160251	45651274	33	2.00e-119
ptg000001l	98.785	247	160251	45651274	33	2.00e-119
ptg000001l	87.927	381	160251	45651274	33	1.56e-115
ptg000001l	88.767	365	160251	45651274	33	2.60e-113
ptg000001l	89.254	335	160251	45651274	33	9.36e-113
ptg000001l	89.254	335	160251	45651274	33	9.36e-113
ptg000001l	99.123	228	160251	45651274	33	5.64e-110
ptg000001l	87.838	370	160251	45651274	33	9.43e-108
ptg000001l	86.339	366	160251	45651274	33	2.04e-104
ptg000001l	86.339	366	160251	45651274	33	2.04e-104
ptg000001l	97.380	229	160251	45651274	33	2.04e-104
ptg000001l	95.455	242	160251	45651274	33	2.64e-103
ptg000001l	94.758	248	160251	45651274	33	9.50e-103
ptg000001l	94.758	248	160251	45651274	33	9.50e-103
ptg000001l	95.062	243	160251	45651274	33	3.42e-102
ptg000001l	96.943	229	160251	45651274	33	3.42e-102
ptg000001l	95.000	240	160251	45651274	33	5.72e-100
ptg000001l	87.915	331	160251	45651274	33	7.39e-99
ptg000001l	94.167	240	160251	45651274	33	4.45e-96
ptg000001l	91.603	262	160251	45651274	33	7.45e-94
ptg000001l	90.706	269	160251	45651274	33	2.68e-93
ptg000001l	94.043	235	160251	45651274	33	3.46e-92
ptg000001l	95.413	218	160251	45651274	33	1.25e-91
ptg000001l	96.226	212	160251	45651274	33	4.48e-91
ptg000001l	96.226	212	160251	45651274	33	4.48e-91
ptg000001l	95.000	220	160251	45651274	33	4.48e-91
ptg000001l	95.000	220	160251	45651274	33	4.48e-91
ptg000001l	93.617	235	160251	45651274	33	2.09e-89
ptg000001l	89.963	269	160251	45651274	33	2.09e-89
ptg000001l	95.755	212	160251	45651274	33	2.09e-89
ptg000001l	95.755	212	160251	45651274	33	2.09e-89
ptg000001l	97.475	198	160251	45651274	33	7.50e-89
ptg000001l	96.059	203	160251	45651274	33	4.51e-86
ptg000001l	95.192	208	160251	45651274	33	1.62e-85
ptg000001l	98.387	186	160251	45651274	33	1.62e-85
ptg000001l	98.387	186	160251	45651274	33	1.62e-85
ptg000001l	96.000	200	160251	45651274	33	2.10e-84
ptg000001l	95.098	204	160251	45651274	33	7.55e-84
ptg000001l	94.146	205	160251	45651274	33	1.63e-80
ptg000001l	80.583	412	160251	45651274	33	5.88e-80
ptg000001l	84.639	319	160251	45651274	33	7.61e-79
ptg000001l	96.216	185	160251	45651274	33	9.84e-78
ptg000001l	98.246	171	160251	45651274	33	3.54e-77
ptg000001l	83.692	325	160251	45651274	33	1.27e-76
ptg000001l	93.137	204	160251	45651274	33	1.27e-76
ptg000001l	93.532	201	160251	45651274	33	1.27e-76
ptg000001l	80.145	413	160251	45651274	33	4.58e-76
ptg000001l	79.218	486	160251	45651274	33	1.65e-75
ptg000001l	98.214	168	160251	45651274	33	1.65e-75
ptg000001l	93.035	201	160251	45651274	33	5.92e-75
ptg000001l	86.331	278	160251	45651274	33	3.56e-72
ptg000001l	92.424	198	160251	45651274	33	4.61e-71
ptg000001l	96.491	171	160251	45651274	33	4.61e-71
ptg000001l	86.800	250	160251	45651274	33	2.15e-69
ptg000001l	98.701	154	160251	45651274	33	2.15e-69
ptg000001l	96.319	163	160251	45651274	33	9.98e-68
ptg000001l	98.052	154	160251	45651274	33	3.59e-67
ptg000001l	97.436	156	160251	45651274	33	3.59e-67
ptg000001l	97.436	156	160251	45651274	33	3.59e-67
ptg000001l	85.000	280	160251	45651274	33	1.29e-66
ptg000001l	88.991	218	160251	45651274	33	1.29e-66
ptg000001l	96.250	160	160251	45651274	33	4.64e-66
ptg000001l	96.250	160	160251	45651274	33	4.64e-66
ptg000001l	91.000	200	160251	45651274	33	1.67e-65
ptg000001l	86.000	250	160251	45651274	33	7.77e-64
ptg000001l	94.512	164	160251	45651274	33	2.79e-63
ptg000001l	87.850	214	160251	45651274	33	1.30e-61
ptg000001l	100.000	132	160251	45651274	33	1.68e-60
ptg000001l	93.333	165	160251	45651274	33	6.05e-60
ptg000001l	98.540	137	160251	45651274	33	6.05e-60
ptg000001l	100.000	130	160251	45651274	33	2.18e-59
ptg000001l	95.333	150	160251	45651274	33	2.81e-58
ptg000001l	95.333	150	160251	45651274	33	2.81e-58
ptg000001l	95.890	146	160251	45651274	33	1.01e-57
ptg000001l	90.608	181	160251	45651274	33	1.31e-56
ptg000001l	92.547	161	160251	45651274	33	1.31e-56
ptg000001l	97.080	137	160251	45651274	33	1.31e-56
ptg000001l	99.213	127	160251	45651274	33	4.71e-56
ptg000001l	97.727	132	160251	45651274	33	1.69e-55
ptg000001l	97.710	131	160251	45651274	33	6.09e-55
ptg000001l	97.710	131	160251	45651274	33	6.09e-55
ptg000001l	98.425	127	160251	45651274	33	7.88e-54
ptg000001l	99.180	122	160251	45651274	33	2.83e-53
ptg000001l	99.180	122	160251	45651274	33	2.83e-53
ptg000001l	89.503	181	160251	45651274	33	1.02e-52
ptg000001l	85.116	215	160251	45651274	33	1.02e-52
ptg000001l	96.154	130	160251	45651274	33	4.74e-51
ptg000001l	90.184	163	160251	45651274	33	1.71e-50
ptg000001l	90.184	163	160251	45651274	33	1.71e-50
ptg000001l	96.154	130	160251	45651274	33	1.71e-50
ptg000001l	90.184	163	160251	45651274	33	1.71e-50
ptg000001l	96.124	129	160251	45651274	33	6.14e-50
ptg000001l	84.332	217	160251	45651274	33	6.14e-50
ptg000001l	81.923	260	160251	45651274	33	6.14e-50
ptg000001l	97.521	121	160251	45651274	33	7.94e-49
ptg000001l	95.349	129	160251	45651274	33	2.85e-48
ptg000001l	94.737	133	160251	45651274	33	2.85e-48
ptg000001l	94.737	133	160251	45651274	33	2.85e-48
ptg000001l	95.935	123	160251	45651274	33	3.69e-47
ptg000001l	96.667	120	160251	45651274	33	3.69e-47
ptg000001l	95.238	126	160251	45651274	33	1.33e-46
ptg000001l	97.391	115	160251	45651274	33	4.78e-46
ptg000001l	97.391	115	160251	45651274	33	4.78e-46
ptg000001l	96.581	117	160251	45651274	33	1.72e-45
ptg000001l	96.581	117	160251	45651274	33	1.72e-45
ptg000001l	95.833	120	160251	45651274	33	6.18e-45
ptg000001l	94.444	126	160251	45651274	33	6.18e-45
ptg000001l	94.444	126	160251	45651274	33	6.18e-45
ptg000001l	95.041	121	160251	45651274	33	2.22e-44
ptg000001l	92.143	140	160251	45651274	33	7.99e-44
ptg000001l	95.763	118	160251	45651274	33	7.99e-44
ptg000001l	97.273	110	160251	45651274	33	2.87e-43
ptg000001l	97.273	110	160251	45651274	33	2.87e-43
ptg000001l	95.726	117	160251	45651274	33	2.87e-43
ptg000001l	99.038	104	160251	45651274	33	2.87e-43
ptg000001l	99.038	104	160251	45651274	33	2.87e-43
ptg000001l	99.029	103	160251	45651274	33	1.03e-42
ptg000001l	83.732	209	160251	45651274	33	1.03e-42
ptg000001l	94.215	121	160251	45651274	33	1.34e-41
ptg000001l	94.118	119	160251	45651274	33	1.34e-41
ptg000001l	89.510	143	160251	45651274	33	1.34e-41
ptg000001l	94.215	121	160251	45651274	33	4.81e-41
ptg000001l	84.699	183	160251	45651274	33	1.73e-40
ptg000001l	95.536	112	160251	45651274	33	1.73e-40
ptg000001l	89.510	143	160251	45651274	33	1.73e-40
ptg000001l	88.811	143	160251	45651274	33	2.24e-39
ptg000001l	88.811	143	160251	45651274	33	2.24e-39
ptg000001l	90.152	132	160251	45651274	33	2.90e-38
ptg000001l	90.152	132	160251	45651274	33	2.90e-38
ptg000001l	95.370	108	160251	45651274	33	2.90e-38
ptg000001l	89.051	137	160251	45651274	33	2.90e-38
ptg000001l	88.112	143	160251	45651274	33	2.90e-38
ptg000001l	95.283	106	160251	45651274	33	1.04e-37
ptg000001l	95.283	106	160251	45651274	33	1.04e-37
ptg000001l	95.283	106	160251	45651274	33	1.04e-37
ptg000001l	95.283	106	160251	45651274	33	1.04e-37
ptg000001l	97.938	97	160251	45651274	33	3.75e-37
ptg000001l	100.000	88	160251	45651274	33	4.84e-36
ptg000001l	86.395	147	160251	45651274	33	1.74e-35
ptg000001l	100.000	87	160251	45651274	33	1.74e-35
ptg000001l	100.000	87	160251	45651274	33	1.74e-35
ptg000001l	88.550	131	160251	45651274	33	6.27e-35
ptg000001l	97.826	92	160251	45651274	33	6.27e-35
ptg000001l	93.519	108	160251	45651274	33	6.27e-35
ptg000001l	93.519	108	160251	45651274	33	6.27e-35
ptg000001l	92.727	110	160251	45651274	33	2.25e-34
ptg000001l	92.727	110	160251	45651274	33	2.25e-34
ptg000001l	98.876	89	160251	45651274	33	2.25e-34
ptg000001l	95.876	97	160251	45651274	33	2.25e-34
ptg000001l	95.876	97	160251	45651274	33	2.25e-34
ptg000001l	85.811	148	160251	45651274	33	8.11e-34
ptg000001l	94.059	101	160251	45651274	33	2.92e-33
ptg000001l	89.344	122	160251	45651274	33	2.92e-33
ptg000001l	78.201	289	160251	45651274	33	3.77e-32
ptg000001l	89.167	120	160251	45651274	33	1.36e-31
ptg000001l	93.069	101	160251	45651274	33	4.88e-31
ptg000001l	89.565	115	160251	45651274	33	4.88e-31
ptg000001l	90.435	115	160251	45651274	33	4.88e-31
ptg000001l	89.565	115	160251	45651274	33	1.75e-30
ptg000001l	100.000	78	160251	45651274	33	1.75e-30
ptg000001l	100.000	78	160251	45651274	33	1.75e-30
ptg000001l	96.552	87	160251	45651274	33	1.75e-30
ptg000001l	97.619	84	160251	45651274	33	6.31e-30
ptg000001l	95.506	89	160251	45651274	33	6.31e-30
ptg000001l	95.455	88	160251	45651274	33	2.27e-29
ptg000001l	95.455	88	160251	45651274	33	2.27e-29
ptg000001l	78.995	219	160251	45651274	33	8.16e-29
ptg000001l	78.995	219	160251	45651274	33	8.16e-29
ptg000001l	93.617	94	160251	45651274	33	8.16e-29
ptg000001l	97.500	80	160251	45651274	33	2.94e-28
ptg000001l	97.500	80	160251	45651274	33	2.94e-28
ptg000001l	77.352	287	160251	45651274	33	2.94e-28
ptg000001l	100.000	73	160251	45651274	33	1.06e-27
ptg000001l	95.294	85	160251	45651274	33	1.06e-27
ptg000001l	95.294	85	160251	45651274	33	1.06e-27
ptg000001l	97.468	79	160251	45651274	33	1.06e-27
ptg000001l	94.382	89	160251	45651274	33	1.06e-27
ptg000001l	90.816	98	160251	45651274	33	1.37e-26
ptg000001l	90.816	98	160251	45651274	33	1.37e-26
ptg000001l	95.238	84	160251	45651274	33	1.37e-26
ptg000001l	96.250	80	160251	45651274	33	1.37e-26
ptg000001l	96.250	80	160251	45651274	33	1.37e-26
ptg000001l	98.649	74	160251	45651274	33	1.37e-26
ptg000001l	98.649	74	160251	45651274	33	1.37e-26
ptg000001l	100.000	71	160251	45651274	33	1.37e-26
ptg000001l	95.181	83	160251	45651274	33	1.37e-26
ptg000001l	95.122	82	160251	45651274	33	4.91e-26
ptg000001l	98.630	73	160251	45651274	33	4.91e-26
ptg000001l	98.630	73	160251	45651274	33	4.91e-26
ptg000001l	97.368	76	160251	45651274	33	4.91e-26
ptg000001l	97.368	76	160251	45651274	33	4.91e-26
ptg000001l	97.333	75	160251	45651274	33	1.77e-25
ptg000001l	85.000	140	160251	45651274	33	1.77e-25
ptg000001l	96.104	77	160251	45651274	33	6.36e-25
ptg000001l	86.555	119	160251	45651274	33	6.36e-25
ptg000001l	100.000	67	160251	45651274	33	2.29e-24
ptg000001l	98.551	69	160251	45651274	33	8.22e-24
ptg000001l	98.551	69	160251	45651274	33	8.22e-24
ptg000001l	98.551	69	160251	45651274	33	2.96e-23
ptg000001l	98.551	69	160251	45651274	33	2.96e-23
ptg000001l	98.529	68	160251	45651274	33	2.96e-23
ptg000001l	98.529	68	160251	45651274	33	2.96e-23
ptg000001l	98.529	68	160251	45651274	33	2.96e-23
ptg000001l	92.857	84	160251	45651274	33	1.06e-22
ptg000001l	98.507	67	160251	45651274	33	1.06e-22
ptg000001l	98.507	67	160251	45651274	33	1.06e-22
ptg000001l	97.183	71	160251	45651274	33	1.06e-22
ptg000001l	90.323	93	160251	45651274	33	1.06e-22
ptg000001l	98.507	67	160251	45651274	33	3.83e-22
ptg000001l	100.000	62	160251	45651274	33	1.38e-21
ptg000001l	100.000	62	160251	45651274	33	1.38e-21
ptg000001l	98.462	65	160251	45651274	33	1.38e-21
ptg000001l	98.462	65	160251	45651274	33	1.38e-21
ptg000001l	95.833	72	160251	45651274	33	1.38e-21
ptg000001l	98.438	64	160251	45651274	33	4.95e-21
ptg000001l	100.000	61	160251	45651274	33	4.95e-21
ptg000001l	100.000	61	160251	45651274	33	4.95e-21
ptg000001l	98.438	64	160251	45651274	33	4.95e-21
ptg000001l	98.438	64	160251	45651274	33	4.95e-21
ptg000001l	88.421	95	160251	45651274	33	1.78e-20
ptg000001l	95.652	69	160251	45651274	33	1.78e-20
ptg000001l	95.652	69	160251	45651274	33	1.78e-20
ptg000001l	98.413	63	160251	45651274	33	1.78e-20
ptg000001l	98.413	63	160251	45651274	33	1.78e-20
ptg000001l	89.773	88	160251	45651274	33	1.78e-20
ptg000001l	89.773	88	160251	45651274	33	1.78e-20
ptg000001l	100.000	59	160251	45651274	33	6.40e-20
ptg000001l	100.000	59	160251	45651274	33	6.40e-20
ptg000001l	98.413	63	160251	45651274	33	6.40e-20
ptg000001l	95.522	67	160251	45651274	33	2.30e-19
ptg000001l	93.243	74	160251	45651274	33	2.30e-19
ptg000001l	96.825	63	160251	45651274	33	8.28e-19
ptg000001l	96.825	63	160251	45651274	33	8.28e-19
ptg000001l	98.361	61	160251	45651274	33	8.28e-19
ptg000001l	98.333	60	160251	45651274	33	8.28e-19
ptg000001l	98.333	60	160251	45651274	33	8.28e-19
ptg000001l	94.203	69	160251	45651274	33	8.28e-19
ptg000001l	94.203	69	160251	45651274	33	8.28e-19
ptg000001l	95.455	66	160251	45651274	33	8.28e-19
ptg000001l	95.455	66	160251	45651274	33	8.28e-19
ptg000001l	95.455	66	160251	45651274	33	8.28e-19
ptg000001l	95.455	66	160251	45651274	33	8.28e-19
ptg000001l	95.455	66	160251	45651274	33	8.28e-19
ptg000001l	95.455	66	160251	45651274	33	8.28e-19
ptg000001l	91.026	78	160251	45651274	33	8.28e-19
ptg000001l	80.392	153	160251	45651274	33	1.07e-17
ptg000001l	92.857	70	160251	45651274	33	1.07e-17
ptg000001l	92.857	70	160251	45651274	33	1.07e-17
ptg000001l	94.030	67	160251	45651274	33	1.07e-17
ptg000001l	90.667	75	160251	45651274	33	3.85e-17
ptg000001l	95.238	63	160251	45651274	33	3.85e-17
ptg000001l	95.238	63	160251	45651274	33	3.85e-17
ptg000001l	96.610	59	160251	45651274	33	1.39e-16
ptg000001l	95.161	62	160251	45651274	33	1.39e-16
ptg000001l	95.161	62	160251	45651274	33	1.39e-16
ptg000001l	96.610	59	160251	45651274	33	1.39e-16
ptg000001l	96.610	59	160251	45651274	33	1.39e-16
ptg000001l	96.610	59	160251	45651274	33	4.98e-16
ptg000001l	83.784	111	160251	45651274	33	4.98e-16
ptg000001l	98.214	56	160251	45651274	33	4.98e-16
ptg000001l	98.148	54	160251	45651274	33	1.79e-15
ptg000001l	98.148	54	160251	45651274	33	1.79e-15
ptg000001l	88.462	78	160251	45651274	33	1.79e-15
ptg000001l	95.000	60	160251	45651274	33	6.45e-15
ptg000001l	95.000	60	160251	45651274	33	6.45e-15
ptg000001l	96.491	57	160251	45651274	33	6.45e-15
ptg000001l	96.491	57	160251	45651274	33	6.45e-15
ptg000001l	90.141	71	160251	45651274	33	6.45e-15
ptg000001l	96.296	54	160251	45651274	33	8.34e-14
ptg000001l	96.226	53	160251	45651274	33	3.00e-13
ptg000001l	98.000	50	160251	45651274	33	3.00e-13
ptg000001l	93.220	59	160251	45651274	33	3.00e-13
ptg000001l	90.769	65	160251	45651274	33	3.00e-13
ptg000001l	90.769	65	160251	45651274	33	3.00e-13
ptg000001l	100.000	46	160251	45651274	33	1.08e-12
ptg000001l	100.000	46	160251	45651274	33	1.08e-12
ptg000001l	100.000	46	160251	45651274	33	1.08e-12
ptg000001l	97.959	49	160251	45651274	33	1.08e-12
ptg000001l	97.959	49	160251	45651274	33	1.08e-12
ptg000001l	97.959	49	160251	45651274	33	1.08e-12
ptg000001l	92.982	57	160251	45651274	33	3.88e-12
ptg000001l	97.917	48	160251	45651274	33	3.88e-12
ptg000001l	100.000	44	160251	45651274	33	1.40e-11
ptg000001l	97.872	47	160251	45651274	33	1.40e-11
ptg000001l	92.857	56	160251	45651274	33	1.40e-11
ptg000001l	92.857	56	160251	45651274	33	1.40e-11
ptg000001l	97.826	46	160251	45651274	33	5.02e-11
ptg000001l	100.000	43	160251	45651274	33	5.02e-11
ptg000001l	90.323	62	160251	45651274	33	1.81e-10
ptg000001l	100.000	42	160251	45651274	33	1.81e-10
ptg000001l	100.000	42	160251	45651274	33	1.81e-10
ptg000001l	95.745	47	160251	45651274	33	6.49e-10
ptg000001l	95.745	47	160251	45651274	33	6.49e-10
ptg000001l	93.878	49	160251	45651274	33	2.34e-09
ptg000001l	93.878	49	160251	45651274	33	2.34e-09
ptg000001l	97.674	43	160251	45651274	33	2.34e-09
ptg000001l	100.000	39	160251	45651274	33	8.40e-09
ptg000001l	100.000	39	160251	45651274	33	8.40e-09
ptg000001l	100.000	39	160251	45651274	33	8.40e-09
ptg000001l	91.071	56	160251	45651274	33	8.40e-09
ptg000001l	91.071	56	160251	45651274	33	8.40e-09
ptg000001l	97.561	41	160251	45651274	33	3.02e-08
ptg000001l	97.561	41	160251	45651274	33	3.02e-08
ptg000001l	97.561	41	160251	45651274	33	3.02e-08
ptg000001l	93.617	47	160251	45651274	33	3.02e-08
ptg000001l	100.000	38	160251	45651274	33	3.02e-08
ptg000001l	97.561	41	160251	45651274	33	3.02e-08
ptg000001l	97.561	41	160251	45651274	33	3.02e-08
ptg000001l	97.436	39	160251	45651274	33	3.91e-07
ptg000001l	91.837	49	160251	45651274	33	3.91e-07
ptg000001l	100.000	36	160251	45651274	33	3.91e-07
ptg000001l	100.000	36	160251	45651274	33	3.91e-07
ptg000001l	97.368	38	160251	45651274	33	1.41e-06
ptg000001l	97.368	38	160251	45651274	33	1.41e-06
ptg000001l	100.000	35	160251	45651274	33	1.41e-06
ptg000001l	100.000	35	160251	45651274	33	1.41e-06
ptg000001l	100.000	35	160251	45651274	33	1.41e-06
ptg000001l	87.719	57	160251	45651274	33	1.41e-06
ptg000001l	87.719	57	160251	45651274	33	1.41e-06
ptg000001l	87.719	57	160251	45651274	33	1.41e-06
ptg000001l	87.719	57	160251	45651274	33	1.41e-06
ptg000001l	87.719	57	160251	45651274	33	1.41e-06
ptg000001l	87.719	57	160251	45651274	33	1.41e-06
ptg000001l	87.719	57	160251	45651274	33	1.41e-06
ptg000001l	87.719	57	160251	45651274	33	1.41e-06
ptg000001l	100.000	34	160251	45651274	33	5.05e-06
ptg000001l	93.023	43	160251	45651274	33	5.05e-06
ptg000001l	93.023	43	160251	45651274	33	5.05e-06
ptg000001l	100.000	33	160251	45651274	33	1.82e-05
ptg000001l	100.000	33	160251	45651274	33	1.82e-05
ptg000001l	100.000	33	160251	45651274	33	1.82e-05
ptg000001l	97.222	36	160251	45651274	33	1.82e-05
ptg000001l	97.222	36	160251	45651274	33	6.54e-05
ptg000001l	100.000	32	160251	45651274	33	6.54e-05
ptg000001l	97.143	35	160251	45651274	33	6.54e-05
ptg000001l	100.000	32	160251	45651274	33	6.54e-05
ptg000001l	100.000	32	160251	45651274	33	6.54e-05
ptg000001l	100.000	32	160251	45651274	33	6.54e-05
ptg000001l	85.965	57	160251	45651274	33	6.54e-05
ptg000001l	85.965	57	160251	45651274	33	6.54e-05
ptg000001l	89.583	48	160251	45651274	33	6.54e-05
ptg000001l	91.111	45	160251	45651274	33	6.54e-05
ptg000001l	100.000	31	160251	45651274	33	2.35e-04
ptg000001l	94.595	37	160251	45651274	33	8.46e-04
ptg000001l	92.308	39	160251	45651274	33	0.003
ptg000001l	100.000	29	160251	45651274	33	0.003
ptg000001l	90.476	42	160251	45651274	33	0.003
ptg000001l	100.000	29	160251	45651274	33	0.003
ptg000001l	100.000	28	160251	45651274	33	0.011
ptg000004l	96.696	2694	160251	38027376	26	0.0
ptg000004l	96.549	2695	160251	38027376	26	0.0
ptg000004l	96.280	1989	160251	38027376	26	0.0
ptg000004l	88.764	2590	160251	38027376	26	0.0
ptg000004l	93.395	1832	160251	38027376	26	0.0
ptg000004l	93.304	1837	160251	38027376	26	0.0
ptg000004l	96.545	1534	160251	38027376	26	0.0
ptg000004l	96.482	1535	160251	38027376	26	0.0
ptg000004l	98.036	1171	160251	38027376	26	0.0
ptg000004l	97.702	1175	160251	38027376	26	0.0
ptg000004l	96.046	961	160251	38027376	26	0.0
ptg000004l	96.046	961	160251	38027376	26	0.0
ptg000004l	85.729	967	160251	38027376	26	0.0
ptg000004l	84.394	974	160251	38027376	26	0.0
ptg000004l	97.546	489	160251	38027376	26	0.0
ptg000004l	96.728	489	160251	38027376	26	0.0
ptg000004l	95.427	503	160251	38027376	26	0.0
ptg000004l	95.427	503	160251	38027376	26	0.0
ptg000004l	84.383	794	160251	38027376	26	0.0
ptg000004l	94.987	399	160251	38027376	26	2.39e-173
ptg000004l	94.514	401	160251	38027376	26	1.44e-170
ptg000004l	97.256	328	160251	38027376	26	1.90e-154
ptg000004l	86.408	515	160251	38027376	26	1.14e-151
ptg000004l	87.768	466	160251	38027376	26	2.48e-148
ptg000004l	95.441	329	160251	38027376	26	1.93e-144
ptg000004l	88.780	410	160251	38027376	26	5.44e-135
ptg000004l	82.363	567	160251	38027376	26	4.24e-131
ptg000004l	82.187	567	160251	38027376	26	1.97e-129
ptg000004l	93.949	314	160251	38027376	26	3.30e-127
ptg000004l	93.528	309	160251	38027376	26	7.14e-124
ptg000004l	93.204	309	160251	38027376	26	3.32e-122
ptg000004l	94.774	287	160251	38027376	26	1.19e-121
ptg000004l	94.718	284	160251	38027376	26	5.56e-120
ptg000004l	94.718	284	160251	38027376	26	5.56e-120
ptg000004l	95.849	265	160251	38027376	26	4.33e-116
ptg000004l	95.849	265	160251	38027376	26	4.33e-116
ptg000004l	91.483	317	160251	38027376	26	9.36e-113
ptg000004l	99.134	231	160251	38027376	26	1.21e-111
ptg000004l	91.901	284	160251	38027376	26	1.22e-106
ptg000004l	91.901	284	160251	38027376	26	1.22e-106
ptg000004l	91.459	281	160251	38027376	26	9.50e-103
ptg000004l	94.694	245	160251	38027376	26	4.42e-101
ptg000004l	87.850	321	160251	38027376	26	5.72e-100
ptg000004l	99.510	204	160251	38027376	26	7.39e-99
ptg000004l	97.222	216	160251	38027376	26	1.24e-96
ptg000004l	89.510	286	160251	38027376	26	4.45e-96
ptg000004l	89.510	286	160251	38027376	26	4.45e-96
ptg000004l	89.855	276	160251	38027376	26	7.45e-94
ptg000004l	92.063	252	160251	38027376	26	9.63e-93
ptg000004l	92.952	227	160251	38027376	26	1.62e-85
ptg000004l	94.836	213	160251	38027376	26	5.84e-85
ptg000004l	89.011	273	160251	38027376	26	2.10e-84
ptg000004l	97.838	185	160251	38027376	26	2.72e-83
ptg000004l	95.000	200	160251	38027376	26	4.55e-81
ptg000004l	95.000	200	160251	38027376	26	4.55e-81
ptg000004l	88.976	254	160251	38027376	26	1.63e-80
ptg000004l	99.401	167	160251	38027376	26	2.74e-78
ptg000004l	95.789	190	160251	38027376	26	9.84e-78
ptg000004l	95.745	188	160251	38027376	26	3.54e-77
ptg000004l	86.861	274	160251	38027376	26	1.27e-76
ptg000004l	93.596	203	160251	38027376	26	1.27e-76
ptg000004l	89.700	233	160251	38027376	26	1.65e-75
ptg000004l	87.302	252	160251	38027376	26	9.91e-73
ptg000004l	87.302	252	160251	38027376	26	9.91e-73
ptg000004l	93.229	192	160251	38027376	26	3.56e-72
ptg000004l	99.329	149	160251	38027376	26	2.77e-68
ptg000004l	88.393	224	160251	38027376	26	3.59e-67
ptg000004l	96.296	162	160251	38027376	26	1.29e-66
ptg000004l	96.296	162	160251	38027376	26	1.29e-66
ptg000004l	83.942	274	160251	38027376	26	2.16e-64
ptg000004l	83.942	274	160251	38027376	26	2.16e-64
ptg000004l	93.452	168	160251	38027376	26	3.62e-62
ptg000004l	99.275	138	160251	38027376	26	3.62e-62
ptg000004l	92.045	176	160251	38027376	26	1.68e-60
ptg000004l	91.573	178	160251	38027376	26	1.68e-60
ptg000004l	98.551	138	160251	38027376	26	6.05e-60
ptg000004l	88.095	210	160251	38027376	26	7.83e-59
ptg000004l	91.011	178	160251	38027376	26	7.83e-59
ptg000004l	95.804	143	160251	38027376	26	4.71e-56
ptg000004l	91.667	168	160251	38027376	26	4.71e-56
ptg000004l	91.667	168	160251	38027376	26	4.71e-56
ptg000004l	91.124	169	160251	38027376	26	1.69e-55
ptg000004l	98.438	128	160251	38027376	26	6.09e-55
ptg000004l	98.438	128	160251	38027376	26	6.09e-55
ptg000004l	87.143	210	160251	38027376	26	6.09e-55
ptg000004l	85.268	224	160251	38027376	26	2.19e-54
ptg000004l	95.714	140	160251	38027376	26	7.88e-54
ptg000004l	100.000	119	160251	38027376	26	2.83e-53
ptg000004l	90.244	164	160251	38027376	26	4.74e-51
ptg000004l	90.798	163	160251	38027376	26	1.71e-50
ptg000004l	98.319	119	160251	38027376	26	6.14e-50
ptg000004l	92.908	141	160251	38027376	26	2.85e-48
ptg000004l	92.254	142	160251	38027376	26	1.03e-47
ptg000004l	97.436	117	160251	38027376	26	1.33e-46
ptg000004l	98.230	113	160251	38027376	26	4.78e-46
ptg000004l	98.230	113	160251	38027376	26	4.78e-46
ptg000004l	85.714	189	160251	38027376	26	4.78e-46
ptg000004l	91.549	142	160251	38027376	26	1.72e-45
ptg000004l	97.345	113	160251	38027376	26	6.18e-45
ptg000004l	97.345	113	160251	38027376	26	6.18e-45
ptg000004l	94.958	119	160251	38027376	26	2.87e-43
ptg000004l	94.958	119	160251	38027376	26	2.87e-43
ptg000004l	81.102	254	160251	38027376	26	2.87e-43
ptg000004l	99.029	103	160251	38027376	26	1.03e-42
ptg000004l	96.460	113	160251	38027376	26	1.03e-42
ptg000004l	93.600	125	160251	38027376	26	1.03e-42
ptg000004l	92.857	126	160251	38027376	26	3.72e-42
ptg000004l	92.857	126	160251	38027376	26	3.72e-42
ptg000004l	100.000	98	160251	38027376	26	1.34e-41
ptg000004l	95.575	113	160251	38027376	26	1.34e-41
ptg000004l	95.575	113	160251	38027376	26	1.34e-41
ptg000004l	95.575	113	160251	38027376	26	1.34e-41
ptg000004l	95.575	113	160251	38027376	26	4.81e-41
ptg000004l	99.000	100	160251	38027376	26	4.81e-41
ptg000004l	91.473	129	160251	38027376	26	1.73e-40
ptg000004l	91.473	129	160251	38027376	26	1.73e-40
ptg000004l	98.969	97	160251	38027376	26	2.24e-39
ptg000004l	94.643	112	160251	38027376	26	2.24e-39
ptg000004l	91.406	128	160251	38027376	26	2.24e-39
ptg000004l	91.406	128	160251	38027376	26	2.24e-39
ptg000004l	88.732	142	160251	38027376	26	8.05e-39
ptg000004l	95.370	108	160251	38027376	26	8.05e-39
ptg000004l	100.000	93	160251	38027376	26	8.05e-39
ptg000004l	98.958	96	160251	38027376	26	8.05e-39
ptg000004l	98.958	96	160251	38027376	26	8.05e-39
ptg000004l	100.000	92	160251	38027376	26	2.90e-38
ptg000004l	91.129	124	160251	38027376	26	1.04e-37
ptg000004l	93.103	116	160251	38027376	26	3.75e-37
ptg000004l	86.452	155	160251	38027376	26	3.75e-37
ptg000004l	86.364	154	160251	38027376	26	1.35e-36
ptg000004l	86.364	154	160251	38027376	26	1.35e-36
ptg000004l	93.162	117	160251	38027376	26	1.35e-36
ptg000004l	98.901	91	160251	38027376	26	4.84e-36
ptg000004l	86.395	147	160251	38027376	26	1.74e-35
ptg000004l	91.597	119	160251	38027376	26	6.27e-35
ptg000004l	91.453	117	160251	38027376	26	6.27e-35
ptg000004l	96.809	94	160251	38027376	26	2.25e-34
ptg000004l	96.809	94	160251	38027376	26	2.25e-34
ptg000004l	80.417	240	160251	38027376	26	2.25e-34
ptg000004l	80.417	240	160251	38027376	26	2.25e-34
ptg000004l	95.745	94	160251	38027376	26	1.05e-32
ptg000004l	90.517	116	160251	38027376	26	1.05e-32
ptg000004l	80.000	240	160251	38027376	26	3.77e-32
ptg000004l	80.000	240	160251	38027376	26	3.77e-32
ptg000004l	86.861	137	160251	38027376	26	3.77e-32
ptg000004l	98.810	84	160251	38027376	26	3.77e-32
ptg000004l	95.699	93	160251	38027376	26	3.77e-32
ptg000004l	95.699	93	160251	38027376	26	3.77e-32
ptg000004l	84.416	154	160251	38027376	26	1.36e-31
ptg000004l	84.416	154	160251	38027376	26	1.36e-31
ptg000004l	97.674	86	160251	38027376	26	1.36e-31
ptg000004l	96.591	88	160251	38027376	26	4.88e-31
ptg000004l	96.591	88	160251	38027376	26	4.88e-31
ptg000004l	90.826	109	160251	38027376	26	1.75e-30
ptg000004l	90.826	109	160251	38027376	26	1.75e-30
ptg000004l	88.430	121	160251	38027376	26	1.75e-30
ptg000004l	96.552	87	160251	38027376	26	1.75e-30
ptg000004l	84.247	146	160251	38027376	26	6.31e-30
ptg000004l	84.247	146	160251	38027376	26	6.31e-30
ptg000004l	83.766	154	160251	38027376	26	6.31e-30
ptg000004l	83.766	154	160251	38027376	26	6.31e-30
ptg000004l	95.506	89	160251	38027376	26	6.31e-30
ptg000004l	96.386	83	160251	38027376	26	2.94e-28
ptg000004l	98.701	77	160251	38027376	26	2.94e-28
ptg000004l	89.623	106	160251	38027376	26	1.06e-27
ptg000004l	97.468	79	160251	38027376	26	1.06e-27
ptg000004l	97.468	79	160251	38027376	26	1.06e-27
ptg000004l	96.341	82	160251	38027376	26	1.06e-27
ptg000004l	96.341	82	160251	38027376	26	1.06e-27
ptg000004l	98.667	75	160251	38027376	26	3.80e-27
ptg000004l	98.667	75	160251	38027376	26	3.80e-27
ptg000004l	95.294	85	160251	38027376	26	3.80e-27
ptg000004l	95.181	83	160251	38027376	26	1.37e-26
ptg000004l	100.000	71	160251	38027376	26	1.37e-26
ptg000004l	97.403	77	160251	38027376	26	1.37e-26
ptg000004l	97.403	77	160251	38027376	26	1.37e-26
ptg000004l	98.630	73	160251	38027376	26	4.91e-26
ptg000004l	98.630	73	160251	38027376	26	4.91e-26
ptg000004l	100.000	70	160251	38027376	26	4.91e-26
ptg000004l	88.889	108	160251	38027376	26	4.91e-26
ptg000004l	88.889	108	160251	38027376	26	4.91e-26
ptg000004l	95.062	81	160251	38027376	26	1.77e-25
ptg000004l	95.062	81	160251	38027376	26	1.77e-25
ptg000004l	97.333	75	160251	38027376	26	1.77e-25
ptg000004l	97.297	74	160251	38027376	26	6.36e-25
ptg000004l	97.297	74	160251	38027376	26	6.36e-25
ptg000004l	100.000	68	160251	38027376	26	6.36e-25
ptg000004l	95.000	80	160251	38027376	26	6.36e-25
ptg000004l	98.592	71	160251	38027376	26	6.36e-25
ptg000004l	98.611	72	160251	38027376	26	6.36e-25
ptg000004l	93.103	87	160251	38027376	26	6.36e-25
ptg000004l	92.941	85	160251	38027376	26	2.29e-24
ptg000004l	92.857	84	160251	38027376	26	8.22e-24
ptg000004l	89.691	97	160251	38027376	26	2.96e-23
ptg000004l	89.691	97	160251	38027376	26	2.96e-23
ptg000004l	81.818	154	160251	38027376	26	2.96e-23
ptg000004l	97.143	70	160251	38027376	26	1.06e-22
ptg000004l	97.143	70	160251	38027376	26	1.06e-22
ptg000004l	100.000	62	160251	38027376	26	1.38e-21
ptg000004l	90.000	90	160251	38027376	26	1.38e-21
ptg000004l	90.000	90	160251	38027376	26	1.38e-21
ptg000004l	98.462	65	160251	38027376	26	1.38e-21
ptg000004l	97.015	67	160251	38027376	26	4.95e-21
ptg000004l	98.387	62	160251	38027376	26	6.40e-20
ptg000004l	98.387	62	160251	38027376	26	6.40e-20
ptg000004l	93.333	75	160251	38027376	26	6.40e-20
ptg000004l	98.387	62	160251	38027376	26	6.40e-20
ptg000004l	96.923	65	160251	38027376	26	6.40e-20
ptg000004l	96.923	65	160251	38027376	26	6.40e-20
ptg000004l	96.875	64	160251	38027376	26	2.30e-19
ptg000004l	98.361	61	160251	38027376	26	2.30e-19
ptg000004l	94.286	70	160251	38027376	26	2.30e-19
ptg000004l	94.286	70	160251	38027376	26	2.30e-19
ptg000004l	96.825	63	160251	38027376	26	8.28e-19
ptg000004l	90.244	82	160251	38027376	26	8.28e-19
ptg000004l	94.366	71	160251	38027376	26	8.28e-19
ptg000004l	95.522	67	160251	38027376	26	8.28e-19
ptg000004l	95.522	67	160251	38027376	26	8.28e-19
ptg000004l	98.333	60	160251	38027376	26	2.98e-18
ptg000004l	98.333	60	160251	38027376	26	2.98e-18
ptg000004l	96.774	62	160251	38027376	26	2.98e-18
ptg000004l	84.906	106	160251	38027376	26	2.98e-18
ptg000004l	84.906	106	160251	38027376	26	2.98e-18
ptg000004l	92.958	71	160251	38027376	26	2.98e-18
ptg000004l	92.958	71	160251	38027376	26	2.98e-18
ptg000004l	82.927	123	160251	38027376	26	1.07e-17
ptg000004l	98.276	58	160251	38027376	26	1.07e-17
ptg000004l	96.667	60	160251	38027376	26	3.85e-17
ptg000004l	96.667	60	160251	38027376	26	3.85e-17
ptg000004l	88.095	84	160251	38027376	26	3.85e-17
ptg000004l	92.647	68	160251	38027376	26	1.39e-16
ptg000004l	92.647	68	160251	38027376	26	1.39e-16
ptg000004l	95.161	62	160251	38027376	26	1.39e-16
ptg000004l	100.000	52	160251	38027376	26	4.98e-16
ptg000004l	100.000	52	160251	38027376	26	4.98e-16
ptg000004l	98.148	54	160251	38027376	26	1.79e-15
ptg000004l	100.000	51	160251	38027376	26	1.79e-15
ptg000004l	89.189	74	160251	38027376	26	6.45e-15
ptg000004l	100.000	50	160251	38027376	26	6.45e-15
ptg000004l	96.429	56	160251	38027376	26	6.45e-15
ptg000004l	90.278	72	160251	38027376	26	6.45e-15
ptg000004l	90.278	72	160251	38027376	26	6.45e-15
ptg000004l	100.000	49	160251	38027376	26	2.32e-14
ptg000004l	86.747	83	160251	38027376	26	2.32e-14
ptg000004l	98.077	52	160251	38027376	26	2.32e-14
ptg000004l	98.077	52	160251	38027376	26	2.32e-14
ptg000004l	98.039	51	160251	38027376	26	8.34e-14
ptg000004l	90.909	66	160251	38027376	26	3.00e-13
ptg000004l	98.039	51	160251	38027376	26	3.00e-13
ptg000004l	96.226	53	160251	38027376	26	3.00e-13
ptg000004l	97.959	49	160251	38027376	26	1.08e-12
ptg000004l	100.000	46	160251	38027376	26	1.08e-12
ptg000004l	100.000	46	160251	38027376	26	1.08e-12
ptg000004l	97.959	49	160251	38027376	26	1.08e-12
ptg000004l	91.667	60	160251	38027376	26	3.88e-12
ptg000004l	89.855	69	160251	38027376	26	3.88e-12
ptg000004l	94.444	54	160251	38027376	26	3.88e-12
ptg000004l	94.444	54	160251	38027376	26	3.88e-12
ptg000004l	100.000	45	160251	38027376	26	3.88e-12
ptg000004l	97.917	48	160251	38027376	26	3.88e-12
ptg000004l	95.918	49	160251	38027376	26	5.02e-11
ptg000004l	95.833	48	160251	38027376	26	1.81e-10
ptg000004l	91.525	59	160251	38027376	26	1.81e-10
ptg000004l	88.060	67	160251	38027376	26	6.49e-10
ptg000004l	97.727	44	160251	38027376	26	6.49e-10
ptg000004l	95.745	47	160251	38027376	26	6.49e-10
ptg000004l	97.674	43	160251	38027376	26	2.34e-09
ptg000004l	97.674	43	160251	38027376	26	2.34e-09
ptg000004l	100.000	40	160251	38027376	26	2.34e-09
ptg000004l	100.000	40	160251	38027376	26	2.34e-09
ptg000004l	95.556	45	160251	38027376	26	8.40e-09
ptg000004l	93.750	48	160251	38027376	26	8.40e-09
ptg000004l	100.000	37	160251	38027376	26	1.09e-07
ptg000004l	100.000	37	160251	38027376	26	1.09e-07
ptg000004l	100.000	37	160251	38027376	26	1.09e-07
ptg000004l	86.885	61	160251	38027376	26	1.09e-07
ptg000004l	97.436	39	160251	38027376	26	3.91e-07
ptg000004l	97.436	39	160251	38027376	26	3.91e-07
ptg000004l	93.333	45	160251	38027376	26	3.91e-07
ptg000004l	87.719	57	160251	38027376	26	1.41e-06
ptg000004l	87.719	57	160251	38027376	26	1.41e-06
ptg000004l	82.051	78	160251	38027376	26	1.41e-06
ptg000004l	97.222	36	160251	38027376	26	1.82e-05
ptg000004l	97.222	36	160251	38027376	26	6.54e-05
ptg000004l	100.000	32	160251	38027376	26	6.54e-05
ptg000004l	100.000	32	160251	38027376	26	6.54e-05
ptg000004l	100.000	32	160251	38027376	26	6.54e-05
ptg000004l	100.000	31	160251	38027376	26	2.35e-04
ptg000004l	97.059	34	160251	38027376	26	8.46e-04
ptg000004l	100.000	30	160251	38027376	26	8.46e-04
ptg000004l	100.000	30	160251	38027376	26	8.46e-04
ptg000004l	100.000	29	160251	38027376	26	0.003
ptg000013l	93.489	2964	160251	20293496	14	0.0
ptg000013l	93.419	2963	160251	20293496	14	0.0
ptg000013l	98.698	461	160251	20293496	14	0.0
ptg000013l	93.902	492	160251	20293496	14	0.0
ptg000013l	96.035	454	160251	20293496	14	0.0
ptg000013l	93.069	505	160251	20293496	14	0.0
ptg000013l	93.306	493	160251	20293496	14	0.0
ptg000013l	97.449	392	160251	20293496	14	0.0
ptg000013l	97.449	392	160251	20293496	14	0.0
ptg000013l	95.476	420	160251	20293496	14	0.0
ptg000013l	93.694	444	160251	20293496	14	0.0
ptg000013l	96.632	386	160251	20293496	14	1.84e-179
ptg000013l	95.190	395	160251	20293496	14	2.39e-173
ptg000013l	98.813	337	160251	20293496	14	8.66e-168
ptg000013l	95.726	351	160251	20293496	14	1.14e-156
ptg000013l	95.726	351	160251	20293496	14	1.14e-156
ptg000013l	92.583	391	160251	20293496	14	2.46e-153
ptg000013l	92.033	364	160251	20293496	14	5.40e-140
ptg000013l	92.033	364	160251	20293496	14	5.40e-140
ptg000013l	92.033	364	160251	20293496	14	5.40e-140
ptg000013l	92.033	364	160251	20293496	14	5.40e-140
ptg000013l	92.033	364	160251	20293496	14	5.40e-140
ptg000013l	92.033	364	160251	20293496	14	5.40e-140
ptg000013l	92.033	364	160251	20293496	14	5.40e-140
ptg000013l	92.033	364	160251	20293496	14	5.40e-140
ptg000013l	92.033	364	160251	20293496	14	5.40e-140
ptg000013l	97.473	277	160251	20293496	14	7.09e-129
ptg000013l	84.582	467	160251	20293496	14	3.32e-122
ptg000013l	84.301	465	160251	20293496	14	1.55e-120
ptg000013l	96.761	247	160251	20293496	14	1.57e-110
ptg000013l	97.881	236	160251	20293496	14	5.64e-110
ptg000013l	97.458	236	160251	20293496	14	9.43e-108
ptg000013l	94.275	262	160251	20293496	14	9.43e-108
ptg000013l	94.275	262	160251	20293496	14	9.43e-108
ptg000013l	84.767	407	160251	20293496	14	7.34e-104
ptg000013l	92.188	256	160251	20293496	14	4.45e-96
ptg000013l	91.453	234	160251	20293496	14	7.55e-84
ptg000013l	97.790	181	160251	20293496	14	1.63e-80
ptg000013l	100.000	158	160251	20293496	14	5.92e-75
ptg000013l	89.427	227	160251	20293496	14	9.91e-73
ptg000013l	93.989	183	160251	20293496	14	1.66e-70
ptg000013l	93.989	183	160251	20293496	14	1.66e-70
ptg000013l	99.270	137	160251	20293496	14	4.68e-61
ptg000013l	97.810	137	160251	20293496	14	2.81e-58
ptg000013l	97.778	135	160251	20293496	14	3.64e-57
ptg000013l	94.595	148	160251	20293496	14	1.69e-55
ptg000013l	96.992	133	160251	20293496	14	2.19e-54
ptg000013l	88.764	178	160251	20293496	14	3.67e-52
ptg000013l	96.241	133	160251	20293496	14	3.67e-52
ptg000013l	95.489	133	160251	20293496	14	4.74e-51
ptg000013l	86.911	191	160251	20293496	14	6.14e-50
ptg000013l	94.776	134	160251	20293496	14	2.21e-49
ptg000013l	86.387	191	160251	20293496	14	2.85e-48
ptg000013l	99.099	111	160251	20293496	14	3.69e-47
ptg000013l	94.488	127	160251	20293496	14	1.72e-45
ptg000013l	98.148	108	160251	20293496	14	7.99e-44
ptg000013l	100.000	101	160251	20293496	14	2.87e-43
ptg000013l	100.000	101	160251	20293496	14	2.87e-43
ptg000013l	94.262	122	160251	20293496	14	1.03e-42
ptg000013l	88.387	155	160251	20293496	14	4.81e-41
ptg000013l	93.966	116	160251	20293496	14	6.22e-40
ptg000013l	93.966	116	160251	20293496	14	6.22e-40
ptg000013l	81.696	224	160251	20293496	14	6.22e-40
ptg000013l	97.087	103	160251	20293496	14	2.24e-39
ptg000013l	97.087	103	160251	20293496	14	2.24e-39
ptg000013l	92.562	121	160251	20293496	14	2.24e-39
ptg000013l	100.000	92	160251	20293496	14	2.90e-38
ptg000013l	100.000	92	160251	20293496	14	2.90e-38
ptg000013l	93.694	111	160251	20293496	14	1.35e-36
ptg000013l	93.694	111	160251	20293496	14	1.35e-36
ptg000013l	91.057	123	160251	20293496	14	1.74e-35
ptg000013l	91.057	123	160251	20293496	14	1.74e-35
ptg000013l	94.175	103	160251	20293496	14	2.25e-34
ptg000013l	94.175	103	160251	20293496	14	2.25e-34
ptg000013l	95.745	94	160251	20293496	14	1.05e-32
ptg000013l	96.667	90	160251	20293496	14	3.77e-32
ptg000013l	100.000	80	160251	20293496	14	1.36e-31
ptg000013l	100.000	80	160251	20293496	14	1.36e-31
ptg000013l	97.647	85	160251	20293496	14	4.88e-31
ptg000013l	97.647	85	160251	20293496	14	4.88e-31
ptg000013l	94.737	95	160251	20293496	14	4.88e-31
ptg000013l	94.737	95	160251	20293496	14	4.88e-31
ptg000013l	100.000	78	160251	20293496	14	1.75e-30
ptg000013l	100.000	78	160251	20293496	14	1.75e-30
ptg000013l	78.481	237	160251	20293496	14	1.75e-30
ptg000013l	94.565	92	160251	20293496	14	6.31e-30
ptg000013l	94.565	92	160251	20293496	14	6.31e-30
ptg000013l	97.531	81	160251	20293496	14	8.16e-29
ptg000013l	100.000	72	160251	20293496	14	3.80e-27
ptg000013l	100.000	72	160251	20293496	14	3.80e-27
ptg000013l	97.403	77	160251	20293496	14	1.37e-26
ptg000013l	97.403	77	160251	20293496	14	1.37e-26
ptg000013l	87.500	120	160251	20293496	14	4.91e-26
ptg000013l	87.500	120	160251	20293496	14	4.91e-26
ptg000013l	97.297	74	160251	20293496	14	6.36e-25
ptg000013l	97.333	75	160251	20293496	14	6.36e-25
ptg000013l	100.000	67	160251	20293496	14	2.29e-24
ptg000013l	91.398	93	160251	20293496	14	2.29e-24
ptg000013l	97.222	72	160251	20293496	14	8.22e-24
ptg000013l	93.750	80	160251	20293496	14	2.96e-23
ptg000013l	91.765	85	160251	20293496	14	1.06e-22
ptg000013l	93.671	79	160251	20293496	14	1.06e-22
ptg000013l	93.590	78	160251	20293496	14	3.83e-22
ptg000013l	90.110	91	160251	20293496	14	3.83e-22
ptg000013l	84.956	113	160251	20293496	14	4.95e-21
ptg000013l	84.956	113	160251	20293496	14	4.95e-21
ptg000013l	100.000	61	160251	20293496	14	4.95e-21
ptg000013l	100.000	61	160251	20293496	14	4.95e-21
ptg000013l	98.413	63	160251	20293496	14	1.78e-20
ptg000013l	98.413	63	160251	20293496	14	1.78e-20
ptg000013l	91.463	82	160251	20293496	14	1.78e-20
ptg000013l	91.463	82	160251	20293496	14	1.78e-20
ptg000013l	89.011	91	160251	20293496	14	6.40e-20
ptg000013l	88.764	89	160251	20293496	14	6.40e-20
ptg000013l	87.234	94	160251	20293496	14	2.30e-19
ptg000013l	87.234	94	160251	20293496	14	2.30e-19
ptg000013l	88.764	89	160251	20293496	14	2.30e-19
ptg000013l	88.764	89	160251	20293496	14	2.30e-19
ptg000013l	95.522	67	160251	20293496	14	2.30e-19
ptg000013l	95.522	67	160251	20293496	14	2.30e-19
ptg000013l	96.875	64	160251	20293496	14	8.28e-19
ptg000013l	96.875	64	160251	20293496	14	8.28e-19
ptg000013l	93.056	72	160251	20293496	14	2.98e-18
ptg000013l	96.825	63	160251	20293496	14	2.98e-18
ptg000013l	96.774	62	160251	20293496	14	2.98e-18
ptg000013l	96.774	62	160251	20293496	14	2.98e-18
ptg000013l	100.000	55	160251	20293496	14	1.07e-17
ptg000013l	96.721	61	160251	20293496	14	1.07e-17
ptg000013l	100.000	55	160251	20293496	14	1.07e-17
ptg000013l	96.667	60	160251	20293496	14	3.85e-17
ptg000013l	93.939	66	160251	20293496	14	3.85e-17
ptg000013l	100.000	53	160251	20293496	14	1.39e-16
ptg000013l	100.000	53	160251	20293496	14	1.39e-16
ptg000013l	100.000	53	160251	20293496	14	1.39e-16
ptg000013l	98.214	56	160251	20293496	14	1.39e-16
ptg000013l	98.214	56	160251	20293496	14	1.39e-16
ptg000013l	90.411	73	160251	20293496	14	4.98e-16
ptg000013l	93.651	63	160251	20293496	14	1.79e-15
ptg000013l	93.651	63	160251	20293496	14	1.79e-15
ptg000013l	98.148	54	160251	20293496	14	1.79e-15
ptg000013l	98.148	54	160251	20293496	14	1.79e-15
ptg000013l	94.915	59	160251	20293496	14	6.45e-15
ptg000013l	100.000	50	160251	20293496	14	6.45e-15
ptg000013l	94.828	58	160251	20293496	14	2.32e-14
ptg000013l	94.828	58	160251	20293496	14	2.32e-14
ptg000013l	100.000	48	160251	20293496	14	8.34e-14
ptg000013l	91.045	67	160251	20293496	14	8.34e-14
ptg000013l	91.045	67	160251	20293496	14	8.34e-14
ptg000013l	96.296	54	160251	20293496	14	3.00e-13
ptg000013l	97.917	48	160251	20293496	14	1.40e-11
ptg000013l	100.000	43	160251	20293496	14	5.02e-11
ptg000013l	100.000	43	160251	20293496	14	5.02e-11
ptg000013l	100.000	43	160251	20293496	14	5.02e-11
ptg000013l	88.406	69	160251	20293496	14	5.02e-11
ptg000013l	97.778	45	160251	20293496	14	1.81e-10
ptg000013l	95.833	48	160251	20293496	14	1.81e-10
ptg000013l	97.778	45	160251	20293496	14	1.81e-10
ptg000013l	100.000	41	160251	20293496	14	6.49e-10
ptg000013l	100.000	41	160251	20293496	14	6.49e-10
ptg000013l	97.727	44	160251	20293496	14	6.49e-10
ptg000013l	100.000	39	160251	20293496	14	8.40e-09
ptg000013l	87.692	65	160251	20293496	14	3.02e-08
ptg000013l	95.455	44	160251	20293496	14	3.02e-08
ptg000013l	100.000	38	160251	20293496	14	3.02e-08
ptg000013l	100.000	38	160251	20293496	14	3.02e-08
ptg000013l	100.000	38	160251	20293496	14	3.02e-08
ptg000013l	95.238	42	160251	20293496	14	3.91e-07
ptg000013l	95.238	42	160251	20293496	14	3.91e-07
ptg000013l	91.489	47	160251	20293496	14	1.41e-06
ptg000013l	100.000	35	160251	20293496	14	1.41e-06
ptg000013l	97.368	38	160251	20293496	14	1.41e-06
ptg000013l	100.000	34	160251	20293496	14	5.05e-06
ptg000013l	100.000	32	160251	20293496	14	6.54e-05
ptg000013l	100.000	32	160251	20293496	14	6.54e-05
ptg000013l	100.000	31	160251	20293496	14	2.35e-04
ptg000013l	100.000	30	160251	20293496	14	8.46e-04
ptg000013l	80.952	84	160251	20293496	14	8.46e-04
ptg000013l	80.952	84	160251	20293496	14	8.46e-04
ptg000013l	100.000	29	160251	20293496	14	0.003
ptg000008l	98.466	2412	160251	41957522	27	0.0
ptg000008l	95.648	988	160251	41957522	27	0.0
ptg000008l	96.277	940	160251	41957522	27	0.0
ptg000008l	91.209	1092	160251	41957522	27	0.0
ptg000008l	97.594	748	160251	41957522	27	0.0
ptg000008l	97.204	751	160251	41957522	27	0.0
ptg000008l	90.288	937	160251	41957522	27	0.0
ptg000008l	98.503	668	160251	41957522	27	0.0
ptg000008l	98.503	668	160251	41957522	27	0.0
ptg000008l	99.076	649	160251	41957522	27	0.0
ptg000008l	98.483	659	160251	41957522	27	0.0
ptg000008l	93.922	691	160251	41957522	27	0.0
ptg000008l	91.286	723	160251	41957522	27	0.0
ptg000008l	91.172	725	160251	41957522	27	0.0
ptg000008l	96.101	513	160251	41957522	27	0.0
ptg000008l	92.281	583	160251	41957522	27	0.0
ptg000008l	92.281	583	160251	41957522	27	0.0
ptg000008l	97.521	484	160251	41957522	27	0.0
ptg000008l	98.294	469	160251	41957522	27	0.0
ptg000008l	97.660	470	160251	41957522	27	0.0
ptg000008l	94.307	527	160251	41957522	27	0.0
ptg000008l	88.543	611	160251	41957522	27	0.0
ptg000008l	88.138	607	160251	41957522	27	0.0
ptg000008l	95.143	453	160251	41957522	27	0.0
ptg000008l	94.725	436	160251	41957522	27	0.0
ptg000008l	94.524	420	160251	41957522	27	6.60e-179
ptg000008l	90.947	475	160251	41957522	27	2.37e-178
ptg000008l	96.154	390	160251	41957522	27	2.37e-178
ptg000008l	99.123	342	160251	41957522	27	1.11e-171
ptg000008l	93.798	387	160251	41957522	27	4.06e-161
ptg000008l	96.034	353	160251	41957522	27	1.89e-159
ptg000008l	92.892	408	160251	41957522	27	1.89e-159
ptg000008l	95.808	334	160251	41957522	27	6.89e-149
ptg000008l	95.745	329	160251	41957522	27	4.15e-146
ptg000008l	93.785	354	160251	41957522	27	1.93e-144
ptg000008l	94.595	333	160251	41957522	27	1.50e-140
ptg000008l	97.611	293	160251	41957522	27	1.17e-136
ptg000008l	96.599	294	160251	41957522	27	2.53e-133
ptg000008l	94.754	305	160251	41957522	27	5.48e-130
ptg000008l	94.754	305	160251	41957522	27	1.97e-129
ptg000008l	90.652	353	160251	41957522	27	1.19e-126
ptg000008l	92.284	324	160251	41957522	27	9.23e-123
ptg000008l	86.979	384	160251	41957522	27	1.56e-115
ptg000008l	94.545	275	160251	41957522	27	2.01e-114
ptg000008l	95.506	267	160251	41957522	27	2.01e-114
ptg000008l	88.571	350	160251	41957522	27	9.36e-113
ptg000008l	85.784	408	160251	41957522	27	3.37e-112
ptg000008l	98.291	234	160251	41957522	27	1.57e-110
ptg000008l	94.361	266	160251	41957522	27	2.03e-109
ptg000008l	94.961	258	160251	41957522	27	7.29e-109
ptg000008l	88.150	346	160251	41957522	27	7.29e-109
ptg000008l	97.447	235	160251	41957522	27	9.43e-108
ptg000008l	87.644	348	160251	41957522	27	4.39e-106
ptg000008l	97.009	234	160251	41957522	27	5.68e-105
ptg000008l	96.596	235	160251	41957522	27	2.04e-104
ptg000008l	99.078	217	160251	41957522	27	7.34e-104
ptg000008l	84.541	414	160251	41957522	27	7.34e-104
ptg000008l	96.170	235	160251	41957522	27	9.50e-103
ptg000008l	95.319	235	160251	41957522	27	2.06e-99
ptg000008l	93.976	249	160251	41957522	27	2.06e-99
ptg000008l	89.320	309	160251	41957522	27	2.06e-99
ptg000008l	98.131	214	160251	41957522	27	2.06e-99
ptg000008l	88.889	306	160251	41957522	27	7.39e-99
ptg000008l	96.444	225	160251	41957522	27	9.57e-98
ptg000008l	98.113	212	160251	41957522	27	9.57e-98
ptg000008l	94.850	233	160251	41957522	27	4.45e-96
ptg000008l	94.421	233	160251	41957522	27	2.07e-94
ptg000008l	94.068	236	160251	41957522	27	7.45e-94
ptg000008l	95.556	225	160251	41957522	27	7.45e-94
ptg000008l	97.170	212	160251	41957522	27	7.45e-94
ptg000008l	83.541	401	160251	41957522	27	7.45e-94
ptg000008l	96.698	212	160251	41957522	27	2.68e-93
ptg000008l	90.182	275	160251	41957522	27	1.25e-91
ptg000008l	95.392	217	160251	41957522	27	4.48e-91
ptg000008l	85.802	324	160251	41957522	27	5.80e-90
ptg000008l	95.610	205	160251	41957522	27	4.51e-86
ptg000008l	96.410	195	160251	41957522	27	7.55e-84
ptg000008l	90.598	234	160251	41957522	27	1.63e-80
ptg000008l	91.480	223	160251	41957522	27	7.61e-79
ptg000008l	92.661	218	160251	41957522	27	7.61e-79
ptg000008l	91.071	224	160251	41957522	27	9.84e-78
ptg000008l	100.000	159	160251	41957522	27	1.65e-75
ptg000008l	85.921	277	160251	41957522	27	2.13e-74
ptg000008l	93.333	195	160251	41957522	27	7.66e-74
ptg000008l	97.590	166	160251	41957522	27	9.91e-73
ptg000008l	97.590	166	160251	41957522	27	9.91e-73
ptg000008l	85.560	277	160251	41957522	27	3.56e-72
ptg000008l	96.407	167	160251	41957522	27	5.96e-70
ptg000008l	95.954	173	160251	41957522	27	5.96e-70
ptg000008l	96.875	160	160251	41957522	27	9.98e-68
ptg000008l	96.875	160	160251	41957522	27	9.98e-68
ptg000008l	86.800	250	160251	41957522	27	9.98e-68
ptg000008l	94.857	175	160251	41957522	27	3.59e-67
ptg000008l	94.220	173	160251	41957522	27	1.29e-66
ptg000008l	94.220	173	160251	41957522	27	1.29e-66
ptg000008l	83.557	298	160251	41957522	27	4.64e-66
ptg000008l	92.896	183	160251	41957522	27	4.64e-66
ptg000008l	95.181	166	160251	41957522	27	4.64e-66
ptg000008l	88.889	216	160251	41957522	27	4.64e-66
ptg000008l	92.391	184	160251	41957522	27	4.64e-66
ptg000008l	83.000	300	160251	41957522	27	1.67e-65
ptg000008l	97.386	153	160251	41957522	27	1.67e-65
ptg000008l	98.639	147	160251	41957522	27	6.01e-65
ptg000008l	97.987	149	160251	41957522	27	6.01e-65
ptg000008l	97.987	149	160251	41957522	27	6.01e-65
ptg000008l	81.875	320	160251	41957522	27	7.77e-64
ptg000008l	97.351	151	160251	41957522	27	7.77e-64
ptg000008l	92.350	183	160251	41957522	27	2.79e-63
ptg000008l	97.887	142	160251	41957522	27	4.68e-61
ptg000008l	97.887	142	160251	41957522	27	4.68e-61
ptg000008l	82.492	297	160251	41957522	27	6.05e-60
ptg000008l	93.333	165	160251	41957522	27	6.05e-60
ptg000008l	93.333	165	160251	41957522	27	6.05e-60
ptg000008l	92.308	169	160251	41957522	27	2.18e-59
ptg000008l	95.918	147	160251	41957522	27	7.83e-59
ptg000008l	85.714	252	160251	41957522	27	7.83e-59
ptg000008l	95.890	146	160251	41957522	27	2.81e-58
ptg000008l	95.862	145	160251	41957522	27	1.01e-57
ptg000008l	97.101	138	160251	41957522	27	3.64e-57
ptg000008l	98.485	132	160251	41957522	27	3.64e-57
ptg000008l	88.119	202	160251	41957522	27	3.64e-57
ptg000008l	88.119	202	160251	41957522	27	3.64e-57
ptg000008l	87.500	200	160251	41957522	27	4.71e-56
ptg000008l	94.558	147	160251	41957522	27	1.69e-55
ptg000008l	96.992	133	160251	41957522	27	2.19e-54
ptg000008l	98.425	127	160251	41957522	27	2.19e-54
ptg000008l	98.425	127	160251	41957522	27	2.19e-54
ptg000008l	96.992	133	160251	41957522	27	7.88e-54
ptg000008l	82.437	279	160251	41957522	27	2.83e-53
ptg000008l	84.716	229	160251	41957522	27	2.83e-53
ptg000008l	80.936	299	160251	41957522	27	1.32e-51
ptg000008l	93.706	143	160251	41957522	27	6.14e-50
ptg000008l	93.571	140	160251	41957522	27	6.14e-50
ptg000008l	81.081	296	160251	41957522	27	2.21e-49
ptg000008l	80.936	299	160251	41957522	27	2.21e-49
ptg000008l	95.420	131	160251	41957522	27	2.21e-49
ptg000008l	94.118	136	160251	41957522	27	7.94e-49
ptg000008l	90.850	153	160251	41957522	27	2.85e-48
ptg000008l	95.200	125	160251	41957522	27	4.78e-46
ptg000008l	99.074	108	160251	41957522	27	1.72e-45
ptg000008l	99.074	108	160251	41957522	27	1.72e-45
ptg000008l	83.981	206	160251	41957522	27	6.18e-45
ptg000008l	89.404	151	160251	41957522	27	7.99e-44
ptg000008l	83.495	206	160251	41957522	27	1.03e-42
ptg000008l	98.095	105	160251	41957522	27	3.72e-42
ptg000008l	94.915	118	160251	41957522	27	3.72e-42
ptg000008l	98.980	98	160251	41957522	27	6.22e-40
ptg000008l	98.913	92	160251	41957522	27	1.35e-36
ptg000008l	95.960	99	160251	41957522	27	1.74e-35
ptg000008l	95.960	99	160251	41957522	27	1.74e-35
ptg000008l	96.842	95	160251	41957522	27	6.27e-35
ptg000008l	88.321	137	160251	41957522	27	6.27e-35
ptg000008l	95.876	97	160251	41957522	27	2.25e-34
ptg000008l	96.774	93	160251	41957522	27	8.11e-34
ptg000008l	100.000	84	160251	41957522	27	8.11e-34
ptg000008l	93.269	104	160251	41957522	27	2.92e-33
ptg000008l	98.851	87	160251	41957522	27	2.92e-33
ptg000008l	96.774	93	160251	41957522	27	2.92e-33
ptg000008l	94.059	101	160251	41957522	27	3.77e-32
ptg000008l	95.699	93	160251	41957522	27	3.77e-32
ptg000008l	98.795	83	160251	41957522	27	1.36e-31
ptg000008l	98.795	83	160251	41957522	27	1.36e-31
ptg000008l	97.647	85	160251	41957522	27	4.88e-31
ptg000008l	97.647	85	160251	41957522	27	4.88e-31
ptg000008l	92.308	104	160251	41957522	27	4.88e-31
ptg000008l	92.308	104	160251	41957522	27	4.88e-31
ptg000008l	96.552	87	160251	41957522	27	1.75e-30
ptg000008l	96.552	87	160251	41957522	27	1.75e-30
ptg000008l	95.604	91	160251	41957522	27	6.31e-30
ptg000008l	97.619	84	160251	41957522	27	6.31e-30
ptg000008l	96.512	86	160251	41957522	27	6.31e-30
ptg000008l	81.026	195	160251	41957522	27	6.31e-30
ptg000008l	92.079	101	160251	41957522	27	6.31e-30
ptg000008l	92.079	101	160251	41957522	27	6.31e-30
ptg000008l	97.531	81	160251	41957522	27	2.94e-28
ptg000008l	95.349	86	160251	41957522	27	2.94e-28
ptg000008l	95.349	86	160251	41957522	27	2.94e-28
ptg000008l	95.349	86	160251	41957522	27	1.06e-27
ptg000008l	92.632	95	160251	41957522	27	1.06e-27
ptg000008l	100.000	72	160251	41957522	27	3.80e-27
ptg000008l	100.000	72	160251	41957522	27	3.80e-27
ptg000008l	92.473	93	160251	41957522	27	3.80e-27
ptg000008l	96.250	80	160251	41957522	27	1.37e-26
ptg000008l	95.181	83	160251	41957522	27	1.37e-26
ptg000008l	96.250	80	160251	41957522	27	1.37e-26
ptg000008l	100.000	70	160251	41957522	27	4.91e-26
ptg000008l	97.368	76	160251	41957522	27	4.91e-26
ptg000008l	97.333	75	160251	41957522	27	1.77e-25
ptg000008l	97.297	74	160251	41957522	27	6.36e-25
ptg000008l	92.941	85	160251	41957522	27	2.29e-24
ptg000008l	92.941	85	160251	41957522	27	2.29e-24
ptg000008l	100.000	67	160251	41957522	27	2.29e-24
ptg000008l	97.222	72	160251	41957522	27	8.22e-24
ptg000008l	92.857	84	160251	41957522	27	8.22e-24
ptg000008l	92.857	84	160251	41957522	27	8.22e-24
ptg000008l	90.217	92	160251	41957522	27	2.96e-23
ptg000008l	90.217	92	160251	41957522	27	2.96e-23
ptg000008l	91.765	85	160251	41957522	27	1.06e-22
ptg000008l	100.000	64	160251	41957522	27	1.06e-22
ptg000008l	90.909	88	160251	41957522	27	1.06e-22
ptg000008l	100.000	64	160251	41957522	27	1.06e-22
ptg000008l	98.485	66	160251	41957522	27	3.83e-22
ptg000008l	98.485	66	160251	41957522	27	3.83e-22
ptg000008l	100.000	62	160251	41957522	27	1.38e-21
ptg000008l	100.000	62	160251	41957522	27	1.38e-21
ptg000008l	94.667	75	160251	41957522	27	1.38e-21
ptg000008l	87.255	102	160251	41957522	27	1.38e-21
ptg000008l	87.255	102	160251	41957522	27	1.38e-21
ptg000008l	95.714	70	160251	41957522	27	4.95e-21
ptg000008l	95.714	70	160251	41957522	27	4.95e-21
ptg000008l	96.970	66	160251	41957522	27	1.78e-20
ptg000008l	93.333	75	160251	41957522	27	6.40e-20
ptg000008l	98.413	63	160251	41957522	27	6.40e-20
ptg000008l	96.875	64	160251	41957522	27	2.30e-19
ptg000008l	95.522	67	160251	41957522	27	8.28e-19
ptg000008l	94.203	69	160251	41957522	27	2.98e-18
ptg000008l	89.744	78	160251	41957522	27	3.85e-17
ptg000008l	93.846	65	160251	41957522	27	1.39e-16
ptg000008l	93.846	65	160251	41957522	27	1.39e-16
ptg000008l	94.030	67	160251	41957522	27	1.39e-16
ptg000008l	100.000	53	160251	41957522	27	1.39e-16
ptg000008l	88.095	84	160251	41957522	27	4.98e-16
ptg000008l	89.474	76	160251	41957522	27	1.79e-15
ptg000008l	89.474	76	160251	41957522	27	1.79e-15
ptg000008l	89.610	77	160251	41957522	27	1.79e-15
ptg000008l	93.548	62	160251	41957522	27	6.45e-15
ptg000008l	98.113	53	160251	41957522	27	6.45e-15
ptg000008l	93.548	62	160251	41957522	27	6.45e-15
ptg000008l	94.737	57	160251	41957522	27	8.34e-14
ptg000008l	98.039	51	160251	41957522	27	8.34e-14
ptg000008l	98.039	51	160251	41957522	27	8.34e-14
ptg000008l	100.000	48	160251	41957522	27	8.34e-14
ptg000008l	98.039	51	160251	41957522	27	8.34e-14
ptg000008l	85.542	83	160251	41957522	27	1.08e-12
ptg000008l	97.917	48	160251	41957522	27	3.88e-12
ptg000008l	94.444	54	160251	41957522	27	3.88e-12
ptg000008l	96.000	50	160251	41957522	27	1.40e-11
ptg000008l	96.000	50	160251	41957522	27	1.40e-11
ptg000008l	84.270	89	160251	41957522	27	5.02e-11
ptg000008l	94.340	53	160251	41957522	27	5.02e-11
ptg000008l	94.231	52	160251	41957522	27	5.02e-11
ptg000008l	94.231	52	160251	41957522	27	5.02e-11
ptg000008l	84.615	78	160251	41957522	27	1.81e-10
ptg000008l	97.727	44	160251	41957522	27	6.49e-10
ptg000008l	100.000	40	160251	41957522	27	2.34e-09
ptg000008l	88.525	61	160251	41957522	27	2.34e-09
ptg000008l	95.556	45	160251	41957522	27	8.40e-09
ptg000008l	95.556	45	160251	41957522	27	8.40e-09
ptg000008l	100.000	39	160251	41957522	27	8.40e-09
ptg000008l	95.556	45	160251	41957522	27	8.40e-09
ptg000008l	95.556	45	160251	41957522	27	8.40e-09
ptg000008l	95.556	45	160251	41957522	27	8.40e-09
ptg000008l	97.619	42	160251	41957522	27	8.40e-09
ptg000008l	97.619	42	160251	41957522	27	8.40e-09
ptg000008l	97.619	42	160251	41957522	27	8.40e-09
ptg000008l	95.455	44	160251	41957522	27	1.09e-07
ptg000008l	93.617	47	160251	41957522	27	1.09e-07
ptg000008l	100.000	36	160251	41957522	27	3.91e-07
ptg000008l	90.385	52	160251	41957522	27	3.91e-07
ptg000008l	100.000	35	160251	41957522	27	1.41e-06
ptg000008l	100.000	35	160251	41957522	27	1.41e-06
ptg000008l	100.000	34	160251	41957522	27	5.05e-06
ptg000008l	100.000	34	160251	41957522	27	5.05e-06
ptg000008l	97.222	36	160251	41957522	27	1.82e-05
ptg000008l	100.000	32	160251	41957522	27	6.54e-05
ptg000008l	94.737	38	160251	41957522	27	6.54e-05
ptg000008l	94.737	38	160251	41957522	27	6.54e-05
ptg000008l	97.059	34	160251	41957522	27	2.35e-04
ptg000008l	100.000	30	160251	41957522	27	8.46e-04
ptg000008l	94.286	35	160251	41957522	27	0.003
ptg000008l	94.286	35	160251	41957522	27	0.003
ptg000008l	100.000	28	160251	41957522	27	0.011
ptg000008l	100.000	28	160251	41957522	27	0.011
ptg000008l	100.000	28	160251	41957522	27	0.011
ptg000008l	100.000	28	160251	41957522	27	0.011
ptg000008l	100.000	28	160251	41957522	27	0.011
ptg000008l	100.000	28	160251	41957522	27	0.011
ptg000008l	100.000	28	160251	41957522	27	0.011
ptg000008l	100.000	28	160251	41957522	27	0.011
ptg000026l	92.439	2632	160251	136306	3	0.0
ptg000026l	81.670	551	160251	136306	3	2.60e-113
ptg000026l	74.016	889	160251	136306	3	1.63e-80
ptg000026l	73.903	889	160251	136306	3	7.61e-79
ptg000026l	77.925	453	160251	136306	3	1.01e-57
ptg000026l	91.111	90	160251	136306	3	8.22e-24
ptg000026l	91.111	90	160251	136306	3	8.22e-24
ptg000026l	100.000	43	160251	136306	3	5.02e-11
ptg000042l	99.823	1696	160251	140617	4	0.0
ptg000042l	99.823	1695	160251	140617	4	0.0
ptg000042l	99.509	1019	160251	140617	4	0.0
ptg000042l	94.810	501	160251	140617	4	0.0
ptg000042l	74.016	889	160251	140617	4	1.63e-80
ptg000042l	74.016	889	160251	140617	4	1.63e-80
ptg000042l	73.903	889	160251	140617	4	7.61e-79
ptg000042l	73.903	889	160251	140617	4	7.61e-79
ptg000006l	97.751	1334	160251	38521672	26	0.0
ptg000006l	96.811	878	160251	38521672	26	0.0
ptg000006l	87.853	955	160251	38521672	26	0.0
ptg000006l	94.940	672	160251	38521672	26	0.0
ptg000006l	94.792	672	160251	38521672	26	0.0
ptg000006l	86.181	796	160251	38521672	26	0.0
ptg000006l	88.123	682	160251	38521672	26	0.0
ptg000006l	87.612	670	160251	38521672	26	0.0
ptg000006l	87.612	670	160251	38521672	26	0.0
ptg000006l	97.303	445	160251	38521672	26	0.0
ptg000006l	99.017	407	160251	38521672	26	0.0
ptg000006l	99.017	407	160251	38521672	26	0.0
ptg000006l	93.014	501	160251	38521672	26	0.0
ptg000006l	95.739	399	160251	38521672	26	5.10e-180
ptg000006l	92.534	442	160251	38521672	26	3.07e-177
ptg000006l	99.135	347	160251	38521672	26	1.85e-174
ptg000006l	99.135	347	160251	38521672	26	1.85e-174
ptg000006l	91.648	443	160251	38521672	26	5.18e-170
ptg000006l	91.216	444	160251	38521672	26	6.70e-169
ptg000006l	92.995	414	160251	38521672	26	6.70e-169
ptg000006l	92.995	414	160251	38521672	26	6.70e-169
ptg000006l	95.039	383	160251	38521672	26	3.12e-167
ptg000006l	95.039	383	160251	38521672	26	1.12e-166
ptg000006l	97.812	320	160251	38521672	26	2.46e-153
ptg000006l	96.573	321	160251	38521672	26	4.15e-146
ptg000006l	98.299	294	160251	38521672	26	3.23e-142
ptg000006l	92.353	340	160251	38521672	26	4.24e-131
ptg000006l	98.162	272	160251	38521672	26	5.48e-130
ptg000006l	95.302	298	160251	38521672	26	7.09e-129
ptg000006l	90.730	356	160251	38521672	26	9.17e-128
ptg000006l	93.458	321	160251	38521672	26	1.19e-126
ptg000006l	93.458	321	160251	38521672	26	1.19e-126
ptg000006l	98.833	257	160251	38521672	26	5.52e-125
ptg000006l	84.177	474	160251	38521672	26	5.52e-125
ptg000006l	82.245	597	160251	38521672	26	3.32e-122
ptg000006l	94.737	285	160251	38521672	26	1.55e-120
ptg000006l	94.737	285	160251	38521672	26	1.55e-120
ptg000006l	99.583	240	160251	38521672	26	7.19e-119
ptg000006l	87.402	381	160251	38521672	26	2.59e-118
ptg000006l	96.552	261	160251	38521672	26	3.34e-117
ptg000006l	96.552	261	160251	38521672	26	3.34e-117
ptg000006l	99.167	240	160251	38521672	26	1.20e-116
ptg000006l	96.525	259	160251	38521672	26	4.33e-116
ptg000006l	93.056	288	160251	38521672	26	7.24e-114
ptg000006l	97.917	240	160251	38521672	26	1.21e-111
ptg000006l	89.634	328	160251	38521672	26	1.57e-110
ptg000006l	95.331	257	160251	38521672	26	7.29e-109
ptg000006l	79.431	598	160251	38521672	26	9.43e-108
ptg000006l	89.024	328	160251	38521672	26	1.22e-106
ptg000006l	83.117	462	160251	38521672	26	1.22e-106
ptg000006l	93.657	268	160251	38521672	26	1.58e-105
ptg000006l	97.778	225	160251	38521672	26	2.64e-103
ptg000006l	99.070	215	160251	38521672	26	2.64e-103
ptg000006l	97.333	225	160251	38521672	26	4.42e-101
ptg000006l	97.309	223	160251	38521672	26	1.59e-100
ptg000006l	92.969	256	160251	38521672	26	2.66e-98
ptg000006l	89.439	303	160251	38521672	26	3.44e-97
ptg000006l	95.946	222	160251	38521672	26	1.60e-95
ptg000006l	95.946	222	160251	38521672	26	1.60e-95
ptg000006l	94.348	230	160251	38521672	26	3.46e-92
ptg000006l	91.322	242	160251	38521672	26	1.26e-86
ptg000006l	90.588	255	160251	38521672	26	1.26e-86
ptg000006l	90.588	255	160251	38521672	26	1.26e-86
ptg000006l	94.419	215	160251	38521672	26	4.51e-86
ptg000006l	97.838	185	160251	38521672	26	9.77e-83
ptg000006l	97.838	185	160251	38521672	26	9.77e-83
ptg000006l	97.753	178	160251	38521672	26	2.11e-79
ptg000006l	90.456	241	160251	38521672	26	7.61e-79
ptg000006l	97.727	176	160251	38521672	26	2.74e-78
ptg000006l	88.672	256	160251	38521672	26	9.84e-78
ptg000006l	88.672	256	160251	38521672	26	9.84e-78
ptg000006l	90.086	232	160251	38521672	26	3.54e-77
ptg000006l	94.737	190	160251	38521672	26	2.13e-74
ptg000006l	95.135	185	160251	38521672	26	2.13e-74
ptg000006l	99.371	159	160251	38521672	26	7.66e-74
ptg000006l	93.717	191	160251	38521672	26	2.76e-73
ptg000006l	97.059	170	160251	38521672	26	2.76e-73
ptg000006l	96.407	167	160251	38521672	26	5.96e-70
ptg000006l	96.407	167	160251	38521672	26	5.96e-70
ptg000006l	84.965	286	160251	38521672	26	5.96e-70
ptg000006l	92.670	191	160251	38521672	26	7.72e-69
ptg000006l	96.835	158	160251	38521672	26	1.29e-66
ptg000006l	98.639	147	160251	38521672	26	1.67e-65
ptg000006l	89.806	206	160251	38521672	26	1.67e-65
ptg000006l	94.286	175	160251	38521672	26	1.67e-65
ptg000006l	97.403	154	160251	38521672	26	1.67e-65
ptg000006l	86.498	237	160251	38521672	26	6.01e-65
ptg000006l	87.783	221	160251	38521672	26	2.16e-64
ptg000006l	96.753	154	160251	38521672	26	7.77e-64
ptg000006l	94.048	168	160251	38521672	26	7.77e-64
ptg000006l	94.012	167	160251	38521672	26	2.79e-63
ptg000006l	91.713	181	160251	38521672	26	3.62e-62
ptg000006l	89.691	194	160251	38521672	26	4.68e-61
ptg000006l	99.248	133	160251	38521672	26	2.18e-59
ptg000006l	90.659	182	160251	38521672	26	7.83e-59
ptg000006l	97.794	136	160251	38521672	26	1.01e-57
ptg000006l	91.908	173	160251	38521672	26	1.01e-57
ptg000006l	91.908	173	160251	38521672	26	1.01e-57
ptg000006l	88.660	194	160251	38521672	26	3.64e-57
ptg000006l	94.040	151	160251	38521672	26	4.71e-56
ptg000006l	94.040	151	160251	38521672	26	4.71e-56
ptg000006l	93.038	158	160251	38521672	26	4.71e-56
ptg000006l	98.438	128	160251	38521672	26	6.09e-55
ptg000006l	98.438	128	160251	38521672	26	6.09e-55
ptg000006l	89.071	183	160251	38521672	26	6.09e-55
ptg000006l	91.925	161	160251	38521672	26	6.09e-55
ptg000006l	91.925	161	160251	38521672	26	6.09e-55
ptg000006l	91.925	161	160251	38521672	26	6.09e-55
ptg000006l	91.925	161	160251	38521672	26	6.09e-55
ptg000006l	94.483	145	160251	38521672	26	2.19e-54
ptg000006l	92.453	159	160251	38521672	26	2.19e-54
ptg000006l	88.172	186	160251	38521672	26	2.83e-53
ptg000006l	88.172	186	160251	38521672	26	2.83e-53
ptg000006l	96.970	132	160251	38521672	26	2.83e-53
ptg000006l	96.269	134	160251	38521672	26	1.02e-52
ptg000006l	96.269	134	160251	38521672	26	1.02e-52
ptg000006l	88.827	179	160251	38521672	26	1.02e-52
ptg000006l	97.561	123	160251	38521672	26	1.71e-50
ptg000006l	94.118	136	160251	38521672	26	2.21e-49
ptg000006l	94.118	136	160251	38521672	26	2.21e-49
ptg000006l	87.778	180	160251	38521672	26	2.21e-49
ptg000006l	87.778	180	160251	38521672	26	2.21e-49
ptg000006l	90.446	157	160251	38521672	26	2.21e-49
ptg000006l	90.446	157	160251	38521672	26	2.21e-49
ptg000006l	100.000	111	160251	38521672	26	7.94e-49
ptg000006l	78.963	328	160251	38521672	26	2.85e-48
ptg000006l	77.778	369	160251	38521672	26	1.03e-47
ptg000006l	92.199	141	160251	38521672	26	3.69e-47
ptg000006l	100.000	106	160251	38521672	26	4.78e-46
ptg000006l	92.029	138	160251	38521672	26	1.72e-45
ptg000006l	93.284	134	160251	38521672	26	6.18e-45
ptg000006l	93.284	134	160251	38521672	26	6.18e-45
ptg000006l	98.165	109	160251	38521672	26	2.22e-44
ptg000006l	99.057	106	160251	38521672	26	2.22e-44
ptg000006l	99.057	106	160251	38521672	26	2.22e-44
ptg000006l	95.690	116	160251	38521672	26	2.87e-43
ptg000006l	95.690	116	160251	38521672	26	2.87e-43
ptg000006l	88.535	157	160251	38521672	26	2.87e-43
ptg000006l	97.222	108	160251	38521672	26	3.72e-42
ptg000006l	97.222	108	160251	38521672	26	3.72e-42
ptg000006l	82.843	204	160251	38521672	26	1.34e-41
ptg000006l	99.000	100	160251	38521672	26	4.81e-41
ptg000006l	94.118	119	160251	38521672	26	1.73e-40
ptg000006l	97.143	105	160251	38521672	26	1.73e-40
ptg000006l	97.143	105	160251	38521672	26	1.73e-40
ptg000006l	100.000	95	160251	38521672	26	6.22e-40
ptg000006l	98.039	102	160251	38521672	26	6.22e-40
ptg000006l	81.452	248	160251	38521672	26	2.24e-39
ptg000006l	95.413	109	160251	38521672	26	2.24e-39
ptg000006l	95.413	109	160251	38521672	26	2.24e-39
ptg000006l	97.087	103	160251	38521672	26	8.05e-39
ptg000006l	97.087	103	160251	38521672	26	8.05e-39
ptg000006l	96.190	105	160251	38521672	26	8.05e-39
ptg000006l	98.947	95	160251	38521672	26	2.90e-38
ptg000006l	95.283	106	160251	38521672	26	3.75e-37
ptg000006l	94.444	108	160251	38521672	26	3.75e-37
ptg000006l	100.000	89	160251	38521672	26	1.35e-36
ptg000006l	100.000	89	160251	38521672	26	1.35e-36
ptg000006l	97.895	95	160251	38521672	26	1.35e-36
ptg000006l	95.238	105	160251	38521672	26	1.35e-36
ptg000006l	97.895	95	160251	38521672	26	4.84e-36
ptg000006l	92.857	112	160251	38521672	26	4.84e-36
ptg000006l	90.551	127	160251	38521672	26	4.84e-36
ptg000006l	98.864	88	160251	38521672	26	2.25e-34
ptg000006l	97.778	90	160251	38521672	26	8.11e-34
ptg000006l	91.892	111	160251	38521672	26	2.92e-33
ptg000006l	97.778	90	160251	38521672	26	2.92e-33
ptg000006l	83.333	174	160251	38521672	26	2.92e-33
ptg000006l	93.269	104	160251	38521672	26	2.92e-33
ptg000006l	94.000	100	160251	38521672	26	1.05e-32
ptg000006l	94.949	99	160251	38521672	26	1.05e-32
ptg000006l	91.071	112	160251	38521672	26	3.77e-32
ptg000006l	91.071	112	160251	38521672	26	3.77e-32
ptg000006l	90.991	111	160251	38521672	26	1.36e-31
ptg000006l	96.667	90	160251	38521672	26	1.36e-31
ptg000006l	92.157	102	160251	38521672	26	6.31e-30
ptg000006l	96.512	86	160251	38521672	26	6.31e-30
ptg000006l	100.000	77	160251	38521672	26	6.31e-30
ptg000006l	100.000	77	160251	38521672	26	6.31e-30
ptg000006l	98.765	81	160251	38521672	26	6.31e-30
ptg000006l	100.000	76	160251	38521672	26	2.27e-29
ptg000006l	100.000	76	160251	38521672	26	2.27e-29
ptg000006l	93.548	93	160251	38521672	26	8.16e-29
ptg000006l	93.548	93	160251	38521672	26	8.16e-29
ptg000006l	86.260	131	160251	38521672	26	8.16e-29
ptg000006l	98.718	78	160251	38521672	26	8.16e-29
ptg000006l	98.684	76	160251	38521672	26	1.06e-27
ptg000006l	95.294	85	160251	38521672	26	1.06e-27
ptg000006l	93.333	90	160251	38521672	26	3.80e-27
ptg000006l	96.203	79	160251	38521672	26	1.77e-25
ptg000006l	96.203	79	160251	38521672	26	1.77e-25
ptg000006l	90.625	96	160251	38521672	26	1.77e-25
ptg000006l	90.625	96	160251	38521672	26	1.77e-25
ptg000006l	98.611	72	160251	38521672	26	1.77e-25
ptg000006l	93.023	86	160251	38521672	26	6.36e-25
ptg000006l	96.154	78	160251	38521672	26	6.36e-25
ptg000006l	100.000	68	160251	38521672	26	6.36e-25
ptg000006l	100.000	68	160251	38521672	26	6.36e-25
ptg000006l	100.000	68	160251	38521672	26	6.36e-25
ptg000006l	97.297	74	160251	38521672	26	2.29e-24
ptg000006l	94.048	84	160251	38521672	26	2.29e-24
ptg000006l	98.551	69	160251	38521672	26	8.22e-24
ptg000006l	97.222	72	160251	38521672	26	2.96e-23
ptg000006l	100.000	65	160251	38521672	26	2.96e-23
ptg000006l	100.000	65	160251	38521672	26	2.96e-23
ptg000006l	98.507	67	160251	38521672	26	1.06e-22
ptg000006l	98.507	67	160251	38521672	26	1.06e-22
ptg000006l	88.119	101	160251	38521672	26	1.06e-22
ptg000006l	88.119	101	160251	38521672	26	1.06e-22
ptg000006l	95.946	74	160251	38521672	26	1.06e-22
ptg000006l	95.890	73	160251	38521672	26	3.83e-22
ptg000006l	97.101	69	160251	38521672	26	3.83e-22
ptg000006l	97.101	69	160251	38521672	26	3.83e-22
ptg000006l	100.000	63	160251	38521672	26	3.83e-22
ptg000006l	86.111	108	160251	38521672	26	1.38e-21
ptg000006l	86.111	108	160251	38521672	26	1.38e-21
ptg000006l	97.059	68	160251	38521672	26	1.38e-21
ptg000006l	89.773	88	160251	38521672	26	4.95e-21
ptg000006l	95.652	69	160251	38521672	26	6.40e-20
ptg000006l	95.652	69	160251	38521672	26	6.40e-20
ptg000006l	96.923	65	160251	38521672	26	6.40e-20
ptg000006l	96.923	65	160251	38521672	26	6.40e-20
ptg000006l	96.923	65	160251	38521672	26	6.40e-20
ptg000006l	98.387	62	160251	38521672	26	6.40e-20
ptg000006l	100.000	58	160251	38521672	26	2.30e-19
ptg000006l	98.361	61	160251	38521672	26	2.30e-19
ptg000006l	95.588	68	160251	38521672	26	2.30e-19
ptg000006l	86.598	97	160251	38521672	26	2.98e-18
ptg000006l	91.139	79	160251	38521672	26	2.98e-18
ptg000006l	91.139	79	160251	38521672	26	2.98e-18
ptg000006l	98.305	59	160251	38521672	26	2.98e-18
ptg000006l	98.305	59	160251	38521672	26	2.98e-18
ptg000006l	96.825	63	160251	38521672	26	2.98e-18
ptg000006l	100.000	55	160251	38521672	26	1.07e-17
ptg000006l	96.774	62	160251	38521672	26	1.07e-17
ptg000006l	81.481	135	160251	38521672	26	1.07e-17
ptg000006l	96.667	60	160251	38521672	26	3.85e-17
ptg000006l	94.030	67	160251	38521672	26	3.85e-17
ptg000006l	94.030	67	160251	38521672	26	3.85e-17
ptg000006l	87.952	83	160251	38521672	26	1.39e-16
ptg000006l	87.952	83	160251	38521672	26	1.39e-16
ptg000006l	95.161	62	160251	38521672	26	4.98e-16
ptg000006l	98.182	55	160251	38521672	26	1.79e-15
ptg000006l	98.148	54	160251	38521672	26	1.79e-15
ptg000006l	98.148	54	160251	38521672	26	1.79e-15
ptg000006l	95.000	60	160251	38521672	26	1.79e-15
ptg000006l	95.000	60	160251	38521672	26	1.79e-15
ptg000006l	96.491	57	160251	38521672	26	1.79e-15
ptg000006l	98.113	53	160251	38521672	26	6.45e-15
ptg000006l	98.113	53	160251	38521672	26	6.45e-15
ptg000006l	98.113	53	160251	38521672	26	6.45e-15
ptg000006l	98.113	53	160251	38521672	26	6.45e-15
ptg000006l	92.424	66	160251	38521672	26	6.45e-15
ptg000006l	98.077	52	160251	38521672	26	2.32e-14
ptg000006l	98.077	52	160251	38521672	26	2.32e-14
ptg000006l	91.045	67	160251	38521672	26	2.32e-14
ptg000006l	91.045	67	160251	38521672	26	2.32e-14
ptg000006l	100.000	49	160251	38521672	26	2.32e-14
ptg000006l	98.113	53	160251	38521672	26	2.32e-14
ptg000006l	98.113	53	160251	38521672	26	2.32e-14
ptg000006l	94.643	56	160251	38521672	26	3.00e-13
ptg000006l	100.000	47	160251	38521672	26	3.00e-13
ptg000006l	100.000	46	160251	38521672	26	1.08e-12
ptg000006l	98.000	50	160251	38521672	26	1.08e-12
ptg000006l	98.000	50	160251	38521672	26	1.08e-12
ptg000006l	100.000	45	160251	38521672	26	3.88e-12
ptg000006l	100.000	45	160251	38521672	26	3.88e-12
ptg000006l	94.340	53	160251	38521672	26	1.40e-11
ptg000006l	92.593	54	160251	38521672	26	1.81e-10
ptg000006l	97.826	46	160251	38521672	26	1.81e-10
ptg000006l	100.000	41	160251	38521672	26	6.49e-10
ptg000006l	100.000	41	160251	38521672	26	6.49e-10
ptg000006l	97.674	43	160251	38521672	26	2.34e-09
ptg000006l	97.561	41	160251	38521672	26	3.02e-08
ptg000006l	97.561	41	160251	38521672	26	3.02e-08
ptg000006l	100.000	38	160251	38521672	26	3.02e-08
ptg000006l	100.000	37	160251	38521672	26	1.09e-07
ptg000006l	100.000	37	160251	38521672	26	1.09e-07
ptg000006l	100.000	37	160251	38521672	26	1.09e-07
ptg000006l	87.500	64	160251	38521672	26	1.09e-07
ptg000006l	91.489	47	160251	38521672	26	1.41e-06
ptg000006l	95.122	41	160251	38521672	26	1.41e-06
ptg000006l	81.928	83	160251	38521672	26	1.41e-06
ptg000006l	81.928	83	160251	38521672	26	1.41e-06
ptg000006l	97.368	38	160251	38521672	26	1.41e-06
ptg000006l	93.182	44	160251	38521672	26	1.41e-06
ptg000006l	89.091	55	160251	38521672	26	5.05e-06
ptg000006l	95.000	40	160251	38521672	26	5.05e-06
ptg000006l	95.000	40	160251	38521672	26	5.05e-06
ptg000006l	100.000	32	160251	38521672	26	6.54e-05
ptg000006l	100.000	32	160251	38521672	26	6.54e-05
ptg000006l	94.872	39	160251	38521672	26	6.54e-05
ptg000006l	94.872	39	160251	38521672	26	6.54e-05
ptg000006l	100.000	31	160251	38521672	26	2.35e-04
ptg000006l	100.000	31	160251	38521672	26	2.35e-04
ptg000006l	100.000	31	160251	38521672	26	2.35e-04
ptg000006l	100.000	30	160251	38521672	26	8.46e-04
ptg000006l	100.000	30	160251	38521672	26	8.46e-04
ptg000006l	100.000	30	160251	38521672	26	8.46e-04
ptg000006l	100.000	29	160251	38521672	26	0.003
ptg000006l	100.000	28	160251	38521672	26	0.011
ptg000006l	100.000	28	160251	38521672	26	0.011
ptg000006l	100.000	28	160251	38521672	26	0.011
ptg000006l	100.000	28	160251	38521672	26	0.011
ptg000006l	100.000	28	160251	38521672	26	0.011
ptg000011l	98.074	1298	160251	33788408	20	0.0
ptg000011l	97.603	1210	160251	33788408	20	0.0
ptg000011l	99.299	856	160251	33788408	20	0.0
ptg000011l	99.038	728	160251	33788408	20	0.0
ptg000011l	99.038	728	160251	33788408	20	0.0
ptg000011l	96.119	773	160251	33788408	20	0.0
ptg000011l	90.889	889	160251	33788408	20	0.0
ptg000011l	98.331	599	160251	33788408	20	0.0
ptg000011l	95.390	564	160251	33788408	20	0.0
ptg000011l	97.534	446	160251	33788408	20	0.0
ptg000011l	95.089	448	160251	33788408	20	0.0
ptg000011l	95.089	448	160251	33788408	20	0.0
ptg000011l	98.458	389	160251	33788408	20	0.0
ptg000011l	98.458	389	160251	33788408	20	0.0
ptg000011l	99.731	372	160251	33788408	20	0.0
ptg000011l	89.201	463	160251	33788408	20	5.25e-160
ptg000011l	96.970	330	160251	33788408	20	6.84e-154
ptg000011l	96.970	330	160251	33788408	20	6.84e-154
ptg000011l	85.448	536	160251	33788408	20	4.12e-151
ptg000011l	92.079	404	160251	33788408	20	5.33e-150
ptg000011l	85.421	535	160251	33788408	20	1.92e-149
ptg000011l	98.065	310	160251	33788408	20	6.89e-149
ptg000011l	85.261	536	160251	33788408	20	6.89e-149
ptg000011l	85.417	528	160251	33788408	20	6.89e-149
ptg000011l	85.234	535	160251	33788408	20	8.91e-148
ptg000011l	85.389	527	160251	33788408	20	8.91e-148
ptg000011l	91.914	371	160251	33788408	20	3.23e-142
ptg000011l	91.914	371	160251	33788408	20	3.23e-142
ptg000011l	97.952	293	160251	33788408	20	1.94e-139
ptg000011l	98.936	282	160251	33788408	20	6.99e-139
ptg000011l	86.237	465	160251	33788408	20	5.44e-135
ptg000011l	96.939	294	160251	33788408	20	1.96e-134
ptg000011l	98.545	275	160251	33788408	20	2.53e-133
ptg000011l	96.271	295	160251	33788408	20	3.27e-132
ptg000011l	96.271	295	160251	33788408	20	3.27e-132
ptg000011l	98.182	275	160251	33788408	20	4.24e-131
ptg000011l	92.903	310	160251	33788408	20	4.30e-121
ptg000011l	92.903	310	160251	33788408	20	4.30e-121
ptg000011l	92.233	309	160251	33788408	20	9.30e-118
ptg000011l	87.661	389	160251	33788408	20	3.34e-117
ptg000011l	90.127	314	160251	33788408	20	2.03e-109
ptg000011l	90.541	296	160251	33788408	20	5.68e-105
ptg000011l	99.065	214	160251	33788408	20	9.50e-103
ptg000011l	94.694	245	160251	33788408	20	5.72e-100
ptg000011l	94.694	245	160251	33788408	20	5.72e-100
ptg000011l	92.400	250	160251	33788408	20	2.07e-94
ptg000011l	100.000	191	160251	33788408	20	2.68e-93
ptg000011l	95.556	225	160251	33788408	20	2.68e-93
ptg000011l	85.399	363	160251	33788408	20	3.46e-92
ptg000011l	99.476	191	160251	33788408	20	4.48e-91
ptg000011l	97.030	202	160251	33788408	20	2.09e-89
ptg000011l	92.887	239	160251	33788408	20	2.09e-89
ptg000011l	91.983	237	160251	33788408	20	4.51e-86
ptg000011l	95.567	203	160251	33788408	20	5.84e-85
ptg000011l	96.907	194	160251	33788408	20	5.84e-85
ptg000011l	96.907	194	160251	33788408	20	5.84e-85
ptg000011l	83.702	362	160251	33788408	20	2.10e-84
ptg000011l	98.370	184	160251	33788408	20	7.55e-84
ptg000011l	85.804	317	160251	33788408	20	9.77e-83
ptg000011l	86.513	304	160251	33788408	20	3.51e-82
ptg000011l	88.930	271	160251	33788408	20	1.26e-81
ptg000011l	87.037	270	160251	33788408	20	1.27e-76
ptg000011l	82.698	341	160251	33788408	20	5.92e-75
ptg000011l	95.109	184	160251	33788408	20	7.66e-74
ptg000011l	97.619	168	160251	33788408	20	2.76e-73
ptg000011l	97.059	170	160251	33788408	20	9.91e-73
ptg000011l	97.059	170	160251	33788408	20	9.91e-73
ptg000011l	99.359	156	160251	33788408	20	3.56e-72
ptg000011l	98.718	156	160251	33788408	20	5.96e-70
ptg000011l	94.350	177	160251	33788408	20	7.72e-69
ptg000011l	96.364	165	160251	33788408	20	2.77e-68
ptg000011l	94.318	176	160251	33788408	20	9.98e-68
ptg000011l	95.266	169	160251	33788408	20	9.98e-68
ptg000011l	94.675	169	160251	33788408	20	1.67e-65
ptg000011l	86.364	242	160251	33788408	20	6.01e-65
ptg000011l	95.152	165	160251	33788408	20	2.16e-64
ptg000011l	88.780	205	160251	33788408	20	3.62e-62
ptg000011l	100.000	134	160251	33788408	20	1.30e-61
ptg000011l	88.945	199	160251	33788408	20	1.68e-60
ptg000011l	82.877	292	160251	33788408	20	2.81e-58
ptg000011l	93.082	159	160251	33788408	20	3.64e-57
ptg000011l	87.264	212	160251	33788408	20	3.64e-57
ptg000011l	89.286	196	160251	33788408	20	1.31e-56
ptg000011l	95.804	143	160251	33788408	20	4.71e-56
ptg000011l	95.804	143	160251	33788408	20	4.71e-56
ptg000011l	82.482	274	160251	33788408	20	6.09e-55
ptg000011l	92.405	158	160251	33788408	20	6.09e-55
ptg000011l	89.831	177	160251	33788408	20	2.19e-54
ptg000011l	94.483	145	160251	33788408	20	1.02e-52
ptg000011l	91.304	161	160251	33788408	20	3.67e-52
ptg000011l	85.507	207	160251	33788408	20	6.14e-50
ptg000011l	83.193	238	160251	33788408	20	2.85e-48
ptg000011l	96.667	120	160251	33788408	20	3.69e-47
ptg000011l	88.957	163	160251	33788408	20	3.69e-47
ptg000011l	92.086	139	160251	33788408	20	1.72e-45
ptg000011l	97.321	112	160251	33788408	20	2.22e-44
ptg000011l	97.321	112	160251	33788408	20	2.22e-44
ptg000011l	92.969	128	160251	33788408	20	2.87e-43
ptg000011l	92.969	128	160251	33788408	20	2.87e-43
ptg000011l	95.652	115	160251	33788408	20	3.72e-42
ptg000011l	94.118	119	160251	33788408	20	1.34e-41
ptg000011l	90.278	144	160251	33788408	20	4.81e-41
ptg000011l	97.115	104	160251	33788408	20	2.24e-39
ptg000011l	97.115	104	160251	33788408	20	2.24e-39
ptg000011l	97.980	99	160251	33788408	20	8.05e-39
ptg000011l	97.980	99	160251	33788408	20	2.90e-38
ptg000011l	97.980	99	160251	33788408	20	2.90e-38
ptg000011l	88.811	143	160251	33788408	20	2.90e-38
ptg000011l	100.000	91	160251	33788408	20	1.04e-37
ptg000011l	86.391	169	160251	33788408	20	3.75e-37
ptg000011l	95.192	104	160251	33788408	20	1.35e-36
ptg000011l	95.192	104	160251	33788408	20	1.35e-36
ptg000011l	96.970	99	160251	33788408	20	1.35e-36
ptg000011l	87.162	148	160251	33788408	20	1.74e-35
ptg000011l	87.162	148	160251	33788408	20	1.74e-35
ptg000011l	80.822	219	160251	33788408	20	6.27e-35
ptg000011l	85.276	163	160251	33788408	20	2.25e-34
ptg000011l	93.396	106	160251	33788408	20	2.25e-34
ptg000011l	91.892	111	160251	33788408	20	1.05e-32
ptg000011l	80.365	219	160251	33788408	20	1.05e-32
ptg000011l	94.949	99	160251	33788408	20	1.05e-32
ptg000011l	93.000	100	160251	33788408	20	4.88e-31
ptg000011l	100.000	78	160251	33788408	20	1.75e-30
ptg000011l	100.000	78	160251	33788408	20	1.75e-30
ptg000011l	95.604	91	160251	33788408	20	1.75e-30
ptg000011l	95.604	91	160251	33788408	20	1.75e-30
ptg000011l	93.684	95	160251	33788408	20	6.31e-30
ptg000011l	98.765	81	160251	33788408	20	6.31e-30
ptg000011l	92.929	99	160251	33788408	20	6.31e-30
ptg000011l	92.929	99	160251	33788408	20	6.31e-30
ptg000011l	86.429	140	160251	33788408	20	8.16e-29
ptg000011l	94.382	89	160251	33788408	20	2.94e-28
ptg000011l	94.382	89	160251	33788408	20	2.94e-28
ptg000011l	98.701	77	160251	33788408	20	2.94e-28
ptg000011l	98.701	77	160251	33788408	20	2.94e-28
ptg000011l	100.000	72	160251	33788408	20	3.80e-27
ptg000011l	97.436	78	160251	33788408	20	3.80e-27
ptg000011l	92.473	93	160251	33788408	20	3.80e-27
ptg000011l	92.473	93	160251	33788408	20	3.80e-27
ptg000011l	96.250	80	160251	33788408	20	1.37e-26
ptg000011l	96.250	80	160251	33788408	20	1.37e-26
ptg000011l	96.250	80	160251	33788408	20	1.37e-26
ptg000011l	96.250	80	160251	33788408	20	1.37e-26
ptg000011l	93.258	89	160251	33788408	20	4.91e-26
ptg000011l	88.991	109	160251	33788408	20	4.91e-26
ptg000011l	98.611	72	160251	33788408	20	1.77e-25
ptg000011l	97.368	76	160251	33788408	20	1.77e-25
ptg000011l	93.976	83	160251	33788408	20	6.36e-25
ptg000011l	93.976	83	160251	33788408	20	6.36e-25
ptg000011l	98.571	70	160251	33788408	20	2.29e-24
ptg000011l	100.000	67	160251	33788408	20	2.29e-24
ptg000011l	100.000	66	160251	33788408	20	8.22e-24
ptg000011l	100.000	66	160251	33788408	20	8.22e-24
ptg000011l	96.000	75	160251	33788408	20	8.22e-24
ptg000011l	96.000	75	160251	33788408	20	8.22e-24
ptg000011l	91.954	87	160251	33788408	20	2.96e-23
ptg000011l	91.954	87	160251	33788408	20	2.96e-23
ptg000011l	98.529	68	160251	33788408	20	2.96e-23
ptg000011l	100.000	64	160251	33788408	20	1.06e-22
ptg000011l	97.183	71	160251	33788408	20	1.06e-22
ptg000011l	97.183	71	160251	33788408	20	1.06e-22
ptg000011l	98.438	64	160251	33788408	20	4.95e-21
ptg000011l	95.714	70	160251	33788408	20	4.95e-21
ptg000011l	96.970	66	160251	33788408	20	1.78e-20
ptg000011l	90.476	84	160251	33788408	20	1.78e-20
ptg000011l	92.405	79	160251	33788408	20	6.40e-20
ptg000011l	100.000	58	160251	33788408	20	2.30e-19
ptg000011l	95.522	67	160251	33788408	20	2.30e-19
ptg000011l	95.522	67	160251	33788408	20	8.28e-19
ptg000011l	98.333	60	160251	33788408	20	8.28e-19
ptg000011l	94.203	69	160251	33788408	20	8.28e-19
ptg000011l	94.203	69	160251	33788408	20	8.28e-19
ptg000011l	94.203	69	160251	33788408	20	8.28e-19
ptg000011l	98.276	58	160251	33788408	20	1.07e-17
ptg000011l	100.000	54	160251	33788408	20	3.85e-17
ptg000011l	100.000	54	160251	33788408	20	3.85e-17
ptg000011l	90.541	74	160251	33788408	20	1.39e-16
ptg000011l	100.000	52	160251	33788408	20	4.98e-16
ptg000011l	100.000	52	160251	33788408	20	4.98e-16
ptg000011l	91.429	70	160251	33788408	20	4.98e-16
ptg000011l	100.000	52	160251	33788408	20	4.98e-16
ptg000011l	95.000	60	160251	33788408	20	1.79e-15
ptg000011l	90.411	73	160251	33788408	20	6.45e-15
ptg000011l	100.000	49	160251	33788408	20	2.32e-14
ptg000011l	100.000	47	160251	33788408	20	3.00e-13
ptg000011l	100.000	46	160251	33788408	20	1.08e-12
ptg000011l	97.917	48	160251	33788408	20	3.88e-12
ptg000011l	97.917	48	160251	33788408	20	3.88e-12
ptg000011l	97.917	48	160251	33788408	20	1.40e-11
ptg000011l	97.826	46	160251	33788408	20	5.02e-11
ptg000011l	97.826	46	160251	33788408	20	5.02e-11
ptg000011l	90.476	63	160251	33788408	20	5.02e-11
ptg000011l	92.727	55	160251	33788408	20	1.81e-10
ptg000011l	92.727	55	160251	33788408	20	1.81e-10
ptg000011l	92.593	54	160251	33788408	20	1.81e-10
ptg000011l	92.593	54	160251	33788408	20	1.81e-10
ptg000011l	92.593	54	160251	33788408	20	1.81e-10
ptg000011l	97.727	44	160251	33788408	20	6.49e-10
ptg000011l	97.727	44	160251	33788408	20	6.49e-10
ptg000011l	94.000	50	160251	33788408	20	6.49e-10
ptg000011l	95.745	47	160251	33788408	20	6.49e-10
ptg000011l	97.778	45	160251	33788408	20	6.49e-10
ptg000011l	100.000	40	160251	33788408	20	2.34e-09
ptg000011l	97.727	44	160251	33788408	20	2.34e-09
ptg000011l	92.308	52	160251	33788408	20	2.34e-09
ptg000011l	92.308	52	160251	33788408	20	2.34e-09
ptg000011l	90.909	55	160251	33788408	20	8.40e-09
ptg000011l	97.619	42	160251	33788408	20	8.40e-09
ptg000011l	85.714	70	160251	33788408	20	8.40e-09
ptg000011l	85.714	70	160251	33788408	20	8.40e-09
ptg000011l	100.000	38	160251	33788408	20	3.02e-08
ptg000011l	100.000	38	160251	33788408	20	3.02e-08
ptg000011l	93.478	46	160251	33788408	20	1.09e-07
ptg000011l	93.478	46	160251	33788408	20	1.09e-07
ptg000011l	92.000	50	160251	33788408	20	1.09e-07
ptg000011l	100.000	37	160251	33788408	20	1.09e-07
ptg000011l	97.500	40	160251	33788408	20	1.09e-07
ptg000011l	97.500	40	160251	33788408	20	1.09e-07
ptg000011l	95.238	42	160251	33788408	20	3.91e-07
ptg000011l	100.000	36	160251	33788408	20	3.91e-07
ptg000011l	100.000	36	160251	33788408	20	3.91e-07
ptg000011l	100.000	36	160251	33788408	20	3.91e-07
ptg000011l	100.000	33	160251	33788408	20	1.82e-05
ptg000011l	94.737	38	160251	33788408	20	6.54e-05
ptg000011l	94.737	38	160251	33788408	20	6.54e-05
ptg000011l	100.000	31	160251	33788408	20	2.35e-04
ptg000011l	100.000	31	160251	33788408	20	2.35e-04
ptg000011l	94.595	37	160251	33788408	20	2.35e-04
ptg000011l	100.000	29	160251	33788408	20	0.003
ptg000011l	96.875	32	160251	33788408	20	0.003
ptg000011l	100.000	28	160251	33788408	20	0.011
ptg000011l	96.774	31	160251	33788408	20	0.011
ptg000011l	96.774	31	160251	33788408	20	0.011
ptg000009l	93.924	1218	160251	57093733	37	0.0
ptg000009l	94.859	778	160251	57093733	37	0.0
ptg000009l	90.981	754	160251	57093733	37	0.0
ptg000009l	97.405	578	160251	57093733	37	0.0
ptg000009l	91.353	717	160251	57093733	37	0.0
ptg000009l	91.341	716	160251	57093733	37	0.0
ptg000009l	92.760	663	160251	57093733	37	0.0
ptg000009l	89.943	696	160251	57093733	37	0.0
ptg000009l	93.322	584	160251	57093733	37	0.0
ptg000009l	97.166	494	160251	57093733	37	0.0
ptg000009l	97.166	494	160251	57093733	37	0.0
ptg000009l	95.148	474	160251	57093733	37	0.0
ptg000009l	96.171	444	160251	57093733	37	0.0
ptg000009l	92.412	514	160251	57093733	37	0.0
ptg000009l	99.478	383	160251	57093733	37	0.0
ptg000009l	91.532	496	160251	57093733	37	0.0
ptg000009l	94.457	433	160251	57093733	37	0.0
ptg000009l	94.457	433	160251	57093733	37	0.0
ptg000009l	91.182	499	160251	57093733	37	0.0
ptg000009l	95.761	401	160251	57093733	37	5.10e-180
ptg000009l	80.914	875	160251	57093733	37	1.84e-179
ptg000009l	97.333	375	160251	57093733	37	6.60e-179
ptg000009l	90.619	501	160251	57093733	37	6.60e-179
ptg000009l	92.841	447	160251	57093733	37	2.37e-178
ptg000009l	80.822	876	160251	57093733	37	2.37e-178
ptg000009l	95.466	397	160251	57093733	37	8.54e-178
ptg000009l	87.057	564	160251	57093733	37	1.10e-176
ptg000009l	87.057	564	160251	57093733	37	1.10e-176
ptg000009l	97.297	370	160251	57093733	37	1.43e-175
ptg000009l	94.581	406	160251	57093733	37	8.60e-173
ptg000009l	94.987	399	160251	57093733	37	3.09e-172
ptg000009l	87.657	559	160251	57093733	37	1.86e-169
ptg000009l	92.361	432	160251	57093733	37	8.66e-168
ptg000009l	94.974	378	160251	57093733	37	5.21e-165
ptg000009l	84.235	647	160251	57093733	37	6.74e-164
ptg000009l	97.248	327	160251	57093733	37	2.46e-153
ptg000009l	88.723	470	160251	57093733	37	8.85e-153
ptg000009l	89.013	446	160251	57093733	37	8.85e-153
ptg000009l	89.165	443	160251	57093733	37	8.85e-153
ptg000009l	88.565	446	160251	57093733	37	1.92e-149
ptg000009l	88.713	443	160251	57093733	37	1.92e-149
ptg000009l	93.393	333	160251	57093733	37	1.96e-134
ptg000009l	89.817	383	160251	57093733	37	7.04e-134
ptg000009l	89.556	383	160251	57093733	37	3.27e-132
ptg000009l	98.182	275	160251	57093733	37	1.52e-130
ptg000009l	93.987	316	160251	57093733	37	1.97e-129
ptg000009l	99.234	261	160251	57093733	37	7.09e-129
ptg000009l	97.818	275	160251	57093733	37	7.09e-129
ptg000009l	99.228	259	160251	57093733	37	3.30e-127
ptg000009l	98.134	268	160251	57093733	37	3.30e-127
ptg000009l	98.134	268	160251	57093733	37	3.30e-127
ptg000009l	96.703	273	160251	57093733	37	7.14e-124
ptg000009l	97.048	271	160251	57093733	37	7.14e-124
ptg000009l	97.048	271	160251	57093733	37	7.14e-124
ptg000009l	97.368	266	160251	57093733	37	2.57e-123
ptg000009l	97.368	266	160251	57093733	37	2.57e-123
ptg000009l	94.406	286	160251	57093733	37	2.00e-119
ptg000009l	94.406	286	160251	57093733	37	2.00e-119
ptg000009l	89.744	351	160251	57093733	37	2.59e-118
ptg000009l	95.255	274	160251	57093733	37	3.34e-117
ptg000009l	94.526	274	160251	57093733	37	7.24e-114
ptg000009l	94.161	274	160251	57093733	37	3.37e-112
ptg000009l	94.815	270	160251	57093733	37	1.21e-111
ptg000009l	98.701	231	160251	57093733	37	5.64e-110
ptg000009l	84.211	437	160251	57093733	37	2.62e-108
ptg000009l	97.458	236	160251	57093733	37	9.43e-108
ptg000009l	97.425	233	160251	57093733	37	1.22e-106
ptg000009l	86.059	373	160251	57093733	37	4.39e-106
ptg000009l	84.819	415	160251	57093733	37	4.39e-106
ptg000009l	98.655	223	160251	57093733	37	1.58e-105
ptg000009l	98.655	223	160251	57093733	37	1.58e-105
ptg000009l	99.091	220	160251	57093733	37	1.58e-105
ptg000009l	89.423	312	160251	57093733	37	1.58e-105
ptg000009l	89.423	312	160251	57093733	37	1.58e-105
ptg000009l	85.791	373	160251	57093733	37	7.34e-104
ptg000009l	94.779	249	160251	57093733	37	7.34e-104
ptg000009l	84.541	414	160251	57093733	37	7.34e-104
ptg000009l	82.646	461	160251	57093733	37	2.64e-103
ptg000009l	98.624	218	160251	57093733	37	9.50e-103
ptg000009l	82.289	463	160251	57093733	37	3.42e-102
ptg000009l	88.000	325	160251	57093733	37	1.23e-101
ptg000009l	93.822	259	160251	57093733	37	1.23e-101
ptg000009l	99.052	211	160251	57093733	37	4.42e-101
ptg000009l	99.052	211	160251	57093733	37	4.42e-101
ptg000009l	95.021	241	160251	57093733	37	4.42e-101
ptg000009l	96.507	229	160251	57093733	37	5.72e-100
ptg000009l	82.013	467	160251	57093733	37	5.72e-100
ptg000009l	93.976	249	160251	57093733	37	2.06e-99
ptg000009l	93.902	246	160251	57093733	37	7.39e-99
ptg000009l	89.967	299	160251	57093733	37	2.66e-98
ptg000009l	99.024	205	160251	57093733	37	9.57e-98
ptg000009l	87.975	316	160251	57093733	37	9.57e-98
ptg000009l	95.299	234	160251	57093733	37	3.44e-97
ptg000009l	93.173	249	160251	57093733	37	3.44e-97
ptg000009l	87.619	315	160251	57093733	37	1.60e-95
ptg000009l	99.492	197	160251	57093733	37	5.76e-95
ptg000009l	97.608	209	160251	57093733	37	5.76e-95
ptg000009l	97.608	209	160251	57093733	37	5.76e-95
ptg000009l	97.608	209	160251	57093733	37	5.76e-95
ptg000009l	98.990	198	160251	57093733	37	7.45e-94
ptg000009l	98.990	198	160251	57093733	37	7.45e-94
ptg000009l	97.573	206	160251	57093733	37	2.68e-93
ptg000009l	91.406	256	160251	57093733	37	3.46e-92
ptg000009l	97.101	207	160251	57093733	37	3.46e-92
ptg000009l	97.101	207	160251	57093733	37	3.46e-92
ptg000009l	97.087	206	160251	57093733	37	4.48e-91
ptg000009l	88.621	290	160251	57093733	37	4.48e-91
ptg000009l	88.621	290	160251	57093733	37	1.61e-90
ptg000009l	97.044	203	160251	57093733	37	5.80e-90
ptg000009l	89.046	283	160251	57093733	37	5.80e-90
ptg000009l	95.735	211	160251	57093733	37	2.09e-89
ptg000009l	88.462	286	160251	57093733	37	7.50e-89
ptg000009l	89.925	268	160251	57093733	37	9.70e-88
ptg000009l	96.098	205	160251	57093733	37	9.70e-88
ptg000009l	96.098	205	160251	57093733	37	9.70e-88
ptg000009l	94.860	214	160251	57093733	37	9.70e-88
ptg000009l	96.985	199	160251	57093733	37	9.70e-88
ptg000009l	99.451	182	160251	57093733	37	1.26e-86
ptg000009l	99.451	182	160251	57093733	37	1.26e-86
ptg000009l	95.261	211	160251	57093733	37	1.26e-86
ptg000009l	95.238	210	160251	57093733	37	1.26e-86
ptg000009l	97.917	192	160251	57093733	37	1.26e-86
ptg000009l	95.192	208	160251	57093733	37	4.51e-86
ptg000009l	94.393	214	160251	57093733	37	1.62e-85
ptg000009l	91.213	239	160251	57093733	37	5.84e-85
ptg000009l	91.213	239	160251	57093733	37	5.84e-85
ptg000009l	83.989	356	160251	57093733	37	2.10e-84
ptg000009l	96.429	196	160251	57093733	37	2.10e-84
ptg000009l	96.875	192	160251	57093733	37	7.55e-84
ptg000009l	96.875	192	160251	57093733	37	7.55e-84
ptg000009l	94.286	210	160251	57093733	37	2.72e-83
ptg000009l	90.417	240	160251	57093733	37	3.51e-82
ptg000009l	98.333	180	160251	57093733	37	1.26e-81
ptg000009l	89.958	239	160251	57093733	37	5.88e-80
ptg000009l	88.372	258	160251	57093733	37	7.61e-79
ptg000009l	92.823	209	160251	57093733	37	2.74e-78
ptg000009l	95.745	188	160251	57093733	37	2.74e-78
ptg000009l	96.721	183	160251	57093733	37	2.74e-78
ptg000009l	100.000	163	160251	57093733	37	9.84e-78
ptg000009l	100.000	163	160251	57093733	37	9.84e-78
ptg000009l	95.745	188	160251	57093733	37	9.84e-78
ptg000009l	96.667	180	160251	57093733	37	3.54e-77
ptg000009l	96.667	180	160251	57093733	37	3.54e-77
ptg000009l	100.000	162	160251	57093733	37	3.54e-77
ptg000009l	99.390	164	160251	57093733	37	1.27e-76
ptg000009l	99.390	164	160251	57093733	37	1.27e-76
ptg000009l	94.301	193	160251	57093733	37	4.58e-76
ptg000009l	94.301	193	160251	57093733	37	1.65e-75
ptg000009l	96.111	180	160251	57093733	37	5.92e-75
ptg000009l	94.681	188	160251	57093733	37	5.92e-75
ptg000009l	94.681	188	160251	57093733	37	5.92e-75
ptg000009l	96.610	177	160251	57093733	37	5.92e-75
ptg000009l	93.814	194	160251	57093733	37	2.13e-74
ptg000009l	93.333	195	160251	57093733	37	7.66e-74
ptg000009l	95.556	180	160251	57093733	37	2.76e-73
ptg000009l	100.000	154	160251	57093733	37	9.91e-73
ptg000009l	100.000	154	160251	57093733	37	9.91e-73
ptg000009l	98.726	157	160251	57093733	37	4.61e-71
ptg000009l	98.734	158	160251	57093733	37	4.61e-71
ptg000009l	98.089	157	160251	57093733	37	2.15e-69
ptg000009l	100.000	147	160251	57093733	37	7.72e-69
ptg000009l	95.833	168	160251	57093733	37	7.72e-69
ptg000009l	95.833	168	160251	57093733	37	7.72e-69
ptg000009l	99.329	149	160251	57093733	37	2.77e-68
ptg000009l	90.431	209	160251	57093733	37	2.77e-68
ptg000009l	90.431	209	160251	57093733	37	2.77e-68
ptg000009l	99.324	148	160251	57093733	37	9.98e-68
ptg000009l	98.675	151	160251	57093733	37	9.98e-68
ptg000009l	98.675	151	160251	57093733	37	9.98e-68
ptg000009l	96.855	159	160251	57093733	37	3.59e-67
ptg000009l	96.855	159	160251	57093733	37	3.59e-67
ptg000009l	91.414	198	160251	57093733	37	1.29e-66
ptg000009l	92.896	183	160251	57093733	37	1.29e-66
ptg000009l	94.675	169	160251	57093733	37	4.64e-66
ptg000009l	93.785	177	160251	57093733	37	4.64e-66
ptg000009l	96.815	157	160251	57093733	37	4.64e-66
ptg000009l	96.815	157	160251	57093733	37	4.64e-66
ptg000009l	98.649	148	160251	57093733	37	1.67e-65
ptg000009l	95.679	162	160251	57093733	37	1.67e-65
ptg000009l	95.679	162	160251	57093733	37	1.67e-65
ptg000009l	96.795	156	160251	57093733	37	6.01e-65
ptg000009l	91.892	185	160251	57093733	37	2.16e-64
ptg000009l	97.959	147	160251	57093733	37	7.77e-64
ptg000009l	90.196	204	160251	57093733	37	7.77e-64
ptg000009l	95.597	159	160251	57093733	37	7.77e-64
ptg000009l	77.391	460	160251	57093733	37	2.79e-63
ptg000009l	98.601	143	160251	57093733	37	2.79e-63
ptg000009l	91.803	183	160251	57093733	37	1.01e-62
ptg000009l	95.541	157	160251	57093733	37	1.01e-62
ptg000009l	95.541	157	160251	57093733	37	1.01e-62
ptg000009l	94.969	159	160251	57093733	37	3.62e-62
ptg000009l	95.484	155	160251	57093733	37	1.30e-61
ptg000009l	91.620	179	160251	57093733	37	1.30e-61
ptg000009l	93.865	163	160251	57093733	37	4.68e-61
ptg000009l	94.904	157	160251	57093733	37	4.68e-61
ptg000009l	98.551	138	160251	57093733	37	1.68e-60
ptg000009l	77.007	461	160251	57093733	37	6.05e-60
ptg000009l	95.395	152	160251	57093733	37	6.05e-60
ptg000009l	95.395	152	160251	57093733	37	6.05e-60
ptg000009l	97.203	143	160251	57093733	37	6.05e-60
ptg000009l	99.254	134	160251	57093733	37	6.05e-60
ptg000009l	95.973	149	160251	57093733	37	2.18e-59
ptg000009l	88.614	202	160251	57093733	37	2.18e-59
ptg000009l	93.168	161	160251	57093733	37	2.81e-58
ptg000009l	93.631	157	160251	57093733	37	1.01e-57
ptg000009l	100.000	127	160251	57093733	37	1.01e-57
ptg000009l	94.156	154	160251	57093733	37	1.01e-57
ptg000009l	88.660	194	160251	57093733	37	1.01e-57
ptg000009l	88.660	194	160251	57093733	37	1.01e-57
ptg000009l	88.442	199	160251	57093733	37	1.01e-57
ptg000009l	93.631	157	160251	57093733	37	3.64e-57
ptg000009l	95.890	146	160251	57093733	37	3.64e-57
ptg000009l	94.156	154	160251	57093733	37	3.64e-57
ptg000009l	92.547	161	160251	57093733	37	4.71e-56
ptg000009l	98.462	130	160251	57093733	37	4.71e-56
ptg000009l	85.202	223	160251	57093733	37	2.19e-54
ptg000009l	99.187	123	160251	57093733	37	7.88e-54
ptg000009l	92.357	157	160251	57093733	37	7.88e-54
ptg000009l	100.000	119	160251	57093733	37	2.83e-53
ptg000009l	100.000	119	160251	57093733	37	2.83e-53
ptg000009l	91.824	159	160251	57093733	37	2.83e-53
ptg000009l	91.772	158	160251	57093733	37	1.02e-52
ptg000009l	97.619	126	160251	57093733	37	3.67e-52
ptg000009l	100.000	115	160251	57093733	37	4.74e-51
ptg000009l	96.875	128	160251	57093733	37	4.74e-51
ptg000009l	96.875	128	160251	57093733	37	4.74e-51
ptg000009l	95.420	131	160251	57093733	37	6.14e-50
ptg000009l	100.000	113	160251	57093733	37	6.14e-50
ptg000009l	90.062	161	160251	57093733	37	2.21e-49
ptg000009l	90.062	161	160251	57093733	37	2.21e-49
ptg000009l	96.774	124	160251	57093733	37	7.94e-49
ptg000009l	96.774	124	160251	57093733	37	7.94e-49
ptg000009l	90.062	161	160251	57093733	37	7.94e-49
ptg000009l	90.062	161	160251	57093733	37	7.94e-49
ptg000009l	90.850	153	160251	57093733	37	7.94e-49
ptg000009l	90.850	153	160251	57093733	37	7.94e-49
ptg000009l	99.115	113	160251	57093733	37	2.85e-48
ptg000009l	99.115	113	160251	57093733	37	2.85e-48
ptg000009l	98.276	116	160251	57093733	37	2.85e-48
ptg000009l	98.276	116	160251	57093733	37	2.85e-48
ptg000009l	96.032	126	160251	57093733	37	2.85e-48
ptg000009l	98.276	116	160251	57093733	37	1.03e-47
ptg000009l	99.099	111	160251	57093733	37	3.69e-47
ptg000009l	93.985	133	160251	57093733	37	3.69e-47
ptg000009l	88.506	174	160251	57093733	37	1.33e-46
ptg000009l	97.414	116	160251	57093733	37	1.33e-46
ptg000009l	100.000	107	160251	57093733	37	1.33e-46
ptg000009l	100.000	106	160251	57093733	37	4.78e-46
ptg000009l	81.933	238	160251	57093733	37	1.72e-45
ptg000009l	89.172	157	160251	57093733	37	1.72e-45
ptg000009l	98.198	111	160251	57093733	37	6.18e-45
ptg000009l	95.798	119	160251	57093733	37	2.22e-44
ptg000009l	96.460	113	160251	57093733	37	2.87e-43
ptg000009l	96.460	113	160251	57093733	37	2.87e-43
ptg000009l	96.429	112	160251	57093733	37	1.03e-42
ptg000009l	87.975	158	160251	57093733	37	3.72e-42
ptg000009l	92.913	127	160251	57093733	37	1.34e-41
ptg000009l	92.481	133	160251	57093733	37	1.34e-41
ptg000009l	93.548	124	160251	57093733	37	1.34e-41
ptg000009l	98.058	103	160251	57093733	37	4.81e-41
ptg000009l	80.077	261	160251	57093733	37	1.73e-40
ptg000009l	94.828	116	160251	57093733	37	1.73e-40
ptg000009l	96.262	107	160251	57093733	37	6.22e-40
ptg000009l	96.262	107	160251	57093733	37	6.22e-40
ptg000009l	95.455	110	160251	57093733	37	6.22e-40
ptg000009l	96.262	107	160251	57093733	37	2.24e-39
ptg000009l	93.966	116	160251	57093733	37	2.24e-39
ptg000009l	93.966	116	160251	57093733	37	2.24e-39
ptg000009l	98.969	97	160251	57093733	37	8.05e-39
ptg000009l	98.969	97	160251	57093733	37	8.05e-39
ptg000009l	97.059	102	160251	57093733	37	8.05e-39
ptg000009l	97.087	103	160251	57093733	37	8.05e-39
ptg000009l	83.607	183	160251	57093733	37	2.90e-38
ptg000009l	83.607	183	160251	57093733	37	2.90e-38
ptg000009l	91.270	126	160251	57093733	37	2.90e-38
ptg000009l	91.200	125	160251	57093733	37	1.04e-37
ptg000009l	96.040	101	160251	57093733	37	1.35e-36
ptg000009l	93.636	110	160251	57093733	37	1.35e-36
ptg000009l	98.901	91	160251	57093733	37	4.84e-36
ptg000009l	96.907	97	160251	57093733	37	4.84e-36
ptg000009l	96.907	97	160251	57093733	37	4.84e-36
ptg000009l	93.636	110	160251	57093733	37	4.84e-36
ptg000009l	95.960	99	160251	57093733	37	1.74e-35
ptg000009l	95.050	101	160251	57093733	37	6.27e-35
ptg000009l	95.050	101	160251	57093733	37	6.27e-35
ptg000009l	95.960	99	160251	57093733	37	6.27e-35
ptg000009l	95.960	99	160251	57093733	37	6.27e-35
ptg000009l	92.857	112	160251	57093733	37	2.25e-34
ptg000009l	95.918	98	160251	57093733	37	2.25e-34
ptg000009l	96.809	94	160251	57093733	37	2.25e-34
ptg000009l	83.908	174	160251	57093733	37	2.25e-34
ptg000009l	90.598	117	160251	57093733	37	8.11e-34
ptg000009l	88.462	130	160251	57093733	37	2.92e-33
ptg000009l	90.517	116	160251	57093733	37	2.92e-33
ptg000009l	90.517	116	160251	57093733	37	2.92e-33
ptg000009l	94.949	99	160251	57093733	37	2.92e-33
ptg000009l	98.824	85	160251	57093733	37	1.05e-32
ptg000009l	94.059	101	160251	57093733	37	1.05e-32
ptg000009l	96.703	91	160251	57093733	37	1.05e-32
ptg000009l	96.703	91	160251	57093733	37	1.05e-32
ptg000009l	94.845	97	160251	57093733	37	1.05e-32
ptg000009l	94.845	97	160251	57093733	37	1.05e-32
ptg000009l	92.453	106	160251	57093733	37	3.77e-32
ptg000009l	85.517	145	160251	57093733	37	3.77e-32
ptg000009l	96.667	90	160251	57093733	37	3.77e-32
ptg000009l	100.000	80	160251	57093733	37	1.36e-31
ptg000009l	100.000	80	160251	57093733	37	1.36e-31
ptg000009l	100.000	80	160251	57093733	37	1.36e-31
ptg000009l	100.000	79	160251	57093733	37	4.88e-31
ptg000009l	97.647	85	160251	57093733	37	4.88e-31
ptg000009l	97.647	85	160251	57093733	37	4.88e-31
ptg000009l	100.000	79	160251	57093733	37	4.88e-31
ptg000009l	95.652	92	160251	57093733	37	4.88e-31
ptg000009l	96.552	87	160251	57093733	37	1.75e-30
ptg000009l	95.604	91	160251	57093733	37	1.75e-30
ptg000009l	84.828	145	160251	57093733	37	1.75e-30
ptg000009l	90.654	107	160251	57093733	37	2.27e-29
ptg000009l	98.718	78	160251	57093733	37	8.16e-29
ptg000009l	98.718	78	160251	57093733	37	8.16e-29
ptg000009l	97.561	82	160251	57093733	37	8.16e-29
ptg000009l	98.701	77	160251	57093733	37	2.94e-28
ptg000009l	93.548	93	160251	57093733	37	2.94e-28
ptg000009l	98.701	77	160251	57093733	37	2.94e-28
ptg000009l	98.701	77	160251	57093733	37	2.94e-28
ptg000009l	97.436	78	160251	57093733	37	3.80e-27
ptg000009l	97.436	78	160251	57093733	37	3.80e-27
ptg000009l	100.000	72	160251	57093733	37	3.80e-27
ptg000009l	98.667	75	160251	57093733	37	3.80e-27
ptg000009l	98.667	75	160251	57093733	37	3.80e-27
ptg000009l	86.047	129	160251	57093733	37	3.80e-27
ptg000009l	93.333	90	160251	57093733	37	3.80e-27
ptg000009l	100.000	72	160251	57093733	37	3.80e-27
ptg000009l	91.667	96	160251	57093733	37	3.80e-27
ptg000009l	91.667	96	160251	57093733	37	3.80e-27
ptg000009l	98.649	74	160251	57093733	37	1.37e-26
ptg000009l	100.000	70	160251	57093733	37	4.91e-26
ptg000009l	98.630	73	160251	57093733	37	4.91e-26
ptg000009l	98.630	73	160251	57093733	37	4.91e-26
ptg000009l	96.250	80	160251	57093733	37	4.91e-26
ptg000009l	97.333	75	160251	57093733	37	1.77e-25
ptg000009l	86.325	117	160251	57093733	37	1.77e-25
ptg000009l	89.320	103	160251	57093733	37	1.77e-25
ptg000009l	91.489	94	160251	57093733	37	6.36e-25
ptg000009l	83.459	133	160251	57093733	37	2.29e-24
ptg000009l	94.872	78	160251	57093733	37	8.22e-24
ptg000009l	94.872	78	160251	57093733	37	8.22e-24
ptg000009l	96.000	75	160251	57093733	37	8.22e-24
ptg000009l	96.000	75	160251	57093733	37	8.22e-24
ptg000009l	96.000	75	160251	57093733	37	8.22e-24
ptg000009l	98.529	68	160251	57093733	37	2.96e-23
ptg000009l	98.529	68	160251	57093733	37	2.96e-23
ptg000009l	97.183	71	160251	57093733	37	2.96e-23
ptg000009l	98.529	68	160251	57093733	37	2.96e-23
ptg000009l	98.507	67	160251	57093733	37	1.06e-22
ptg000009l	98.507	67	160251	57093733	37	1.06e-22
ptg000009l	100.000	63	160251	57093733	37	3.83e-22
ptg000009l	92.683	82	160251	57093733	37	1.38e-21
ptg000009l	95.775	71	160251	57093733	37	1.38e-21
ptg000009l	95.775	71	160251	57093733	37	1.38e-21
ptg000009l	95.833	72	160251	57093733	37	1.38e-21
ptg000009l	100.000	62	160251	57093733	37	1.38e-21
ptg000009l	100.000	62	160251	57093733	37	1.38e-21
ptg000009l	98.438	64	160251	57093733	37	4.95e-21
ptg000009l	98.438	64	160251	57093733	37	4.95e-21
ptg000009l	98.438	64	160251	57093733	37	4.95e-21
ptg000009l	100.000	60	160251	57093733	37	1.78e-20
ptg000009l	100.000	60	160251	57093733	37	1.78e-20
ptg000009l	91.566	83	160251	57093733	37	1.78e-20
ptg000009l	98.413	63	160251	57093733	37	1.78e-20
ptg000009l	98.413	63	160251	57093733	37	1.78e-20
ptg000009l	94.444	72	160251	57093733	37	1.78e-20
ptg000009l	94.444	72	160251	57093733	37	1.78e-20
ptg000009l	91.463	82	160251	57093733	37	1.78e-20
ptg000009l	92.308	78	160251	57093733	37	6.40e-20
ptg000009l	92.308	78	160251	57093733	37	6.40e-20
ptg000009l	92.308	78	160251	57093733	37	6.40e-20
ptg000009l	92.308	78	160251	57093733	37	6.40e-20
ptg000009l	92.308	78	160251	57093733	37	6.40e-20
ptg000009l	92.308	78	160251	57093733	37	6.40e-20
ptg000009l	95.652	69	160251	57093733	37	6.40e-20
ptg000009l	95.588	68	160251	57093733	37	6.40e-20
ptg000009l	98.361	61	160251	57093733	37	2.30e-19
ptg000009l	92.208	77	160251	57093733	37	2.30e-19
ptg000009l	88.636	88	160251	57093733	37	2.30e-19
ptg000009l	88.636	88	160251	57093733	37	2.30e-19
ptg000009l	90.361	83	160251	57093733	37	2.30e-19
ptg000009l	91.139	79	160251	57093733	37	8.28e-19
ptg000009l	95.455	66	160251	57093733	37	8.28e-19
ptg000009l	95.455	66	160251	57093733	37	8.28e-19
ptg000009l	89.157	83	160251	57093733	37	2.98e-18
ptg000009l	100.000	56	160251	57093733	37	2.98e-18
ptg000009l	98.276	58	160251	57093733	37	1.07e-17
ptg000009l	96.667	60	160251	57093733	37	3.85e-17
ptg000009l	98.246	57	160251	57093733	37	3.85e-17
ptg000009l	98.246	57	160251	57093733	37	3.85e-17
ptg000009l	100.000	53	160251	57093733	37	1.39e-16
ptg000009l	98.214	56	160251	57093733	37	1.39e-16
ptg000009l	93.846	65	160251	57093733	37	1.39e-16
ptg000009l	93.846	65	160251	57093733	37	1.39e-16
ptg000009l	93.846	65	160251	57093733	37	1.39e-16
ptg000009l	93.846	65	160251	57093733	37	1.39e-16
ptg000009l	93.846	65	160251	57093733	37	1.39e-16
ptg000009l	93.846	65	160251	57093733	37	1.39e-16
ptg000009l	95.161	62	160251	57093733	37	1.39e-16
ptg000009l	98.182	55	160251	57093733	37	4.98e-16
ptg000009l	96.552	58	160251	57093733	37	4.98e-16
ptg000009l	95.082	61	160251	57093733	37	4.98e-16
ptg000009l	95.082	61	160251	57093733	37	4.98e-16
ptg000009l	98.148	54	160251	57093733	37	1.79e-15
ptg000009l	96.491	57	160251	57093733	37	1.79e-15
ptg000009l	96.429	56	160251	57093733	37	6.45e-15
ptg000009l	94.915	59	160251	57093733	37	2.32e-14
ptg000009l	94.915	59	160251	57093733	37	2.32e-14
ptg000009l	92.188	64	160251	57093733	37	2.32e-14
ptg000009l	100.000	48	160251	57093733	37	8.34e-14
ptg000009l	100.000	48	160251	57093733	37	8.34e-14
ptg000009l	94.737	57	160251	57093733	37	8.34e-14
ptg000009l	94.828	58	160251	57093733	37	8.34e-14
ptg000009l	94.828	58	160251	57093733	37	8.34e-14
ptg000009l	98.000	50	160251	57093733	37	3.00e-13
ptg000009l	98.000	50	160251	57093733	37	3.00e-13
ptg000009l	94.643	56	160251	57093733	37	3.00e-13
ptg000009l	96.226	53	160251	57093733	37	3.00e-13
ptg000009l	96.226	53	160251	57093733	37	3.00e-13
ptg000009l	96.226	53	160251	57093733	37	3.00e-13
ptg000009l	96.154	52	160251	57093733	37	1.08e-12
ptg000009l	96.154	52	160251	57093733	37	1.08e-12
ptg000009l	94.643	56	160251	57093733	37	1.08e-12
ptg000009l	90.323	62	160251	57093733	37	1.40e-11
ptg000009l	90.323	62	160251	57093733	37	1.40e-11
ptg000009l	97.872	47	160251	57093733	37	1.40e-11
ptg000009l	100.000	44	160251	57093733	37	1.40e-11
ptg000009l	100.000	44	160251	57093733	37	1.40e-11
ptg000009l	92.982	57	160251	57093733	37	1.40e-11
ptg000009l	92.982	57	160251	57093733	37	1.40e-11
ptg000009l	84.091	88	160251	57093733	37	1.40e-11
ptg000009l	89.062	64	160251	57093733	37	5.02e-11
ptg000009l	100.000	43	160251	57093733	37	5.02e-11
ptg000009l	97.826	46	160251	57093733	37	5.02e-11
ptg000009l	97.778	45	160251	57093733	37	1.81e-10
ptg000009l	95.833	48	160251	57093733	37	1.81e-10
ptg000009l	94.231	52	160251	57093733	37	1.81e-10
ptg000009l	97.778	45	160251	57093733	37	6.49e-10
ptg000009l	97.778	45	160251	57093733	37	6.49e-10
ptg000009l	94.000	50	160251	57093733	37	6.49e-10
ptg000009l	94.000	50	160251	57093733	37	6.49e-10
ptg000009l	94.118	51	160251	57093733	37	6.49e-10
ptg000009l	94.118	51	160251	57093733	37	6.49e-10
ptg000009l	94.118	51	160251	57093733	37	6.49e-10
ptg000009l	94.118	51	160251	57093733	37	6.49e-10
ptg000009l	94.118	51	160251	57093733	37	6.49e-10
ptg000009l	94.118	51	160251	57093733	37	6.49e-10
ptg000009l	86.957	69	160251	57093733	37	2.34e-09
ptg000009l	86.957	69	160251	57093733	37	2.34e-09
ptg000009l	100.000	40	160251	57093733	37	2.34e-09
ptg000009l	97.674	43	160251	57093733	37	2.34e-09
ptg000009l	100.000	40	160251	57093733	37	2.34e-09
ptg000009l	100.000	39	160251	57093733	37	8.40e-09
ptg000009l	100.000	39	160251	57093733	37	8.40e-09
ptg000009l	89.474	57	160251	57093733	37	8.40e-09
ptg000009l	100.000	39	160251	57093733	37	8.40e-09
ptg000009l	95.455	44	160251	57093733	37	3.02e-08
ptg000009l	95.556	45	160251	57093733	37	3.02e-08
ptg000009l	95.455	44	160251	57093733	37	3.02e-08
ptg000009l	89.286	56	160251	57093733	37	3.02e-08
ptg000009l	100.000	37	160251	57093733	37	1.09e-07
ptg000009l	100.000	37	160251	57093733	37	1.09e-07
ptg000009l	97.436	39	160251	57093733	37	3.91e-07
ptg000009l	97.436	39	160251	57093733	37	3.91e-07
ptg000009l	97.436	39	160251	57093733	37	3.91e-07
ptg000009l	100.000	35	160251	57093733	37	1.41e-06
ptg000009l	97.368	38	160251	57093733	37	1.41e-06
ptg000009l	97.368	38	160251	57093733	37	1.41e-06
ptg000009l	97.297	37	160251	57093733	37	5.05e-06
ptg000009l	100.000	34	160251	57093733	37	5.05e-06
ptg000009l	100.000	34	160251	57093733	37	5.05e-06
ptg000009l	100.000	34	160251	57093733	37	5.05e-06
ptg000009l	100.000	34	160251	57093733	37	5.05e-06
ptg000009l	97.297	37	160251	57093733	37	5.05e-06
ptg000009l	100.000	34	160251	57093733	37	5.05e-06
ptg000009l	97.297	37	160251	57093733	37	1.82e-05
ptg000009l	100.000	32	160251	57093733	37	6.54e-05
ptg000009l	100.000	32	160251	57093733	37	6.54e-05
ptg000009l	100.000	31	160251	57093733	37	2.35e-04
ptg000009l	100.000	31	160251	57093733	37	2.35e-04
ptg000009l	100.000	31	160251	57093733	37	2.35e-04
ptg000009l	94.595	37	160251	57093733	37	2.35e-04
ptg000009l	100.000	31	160251	57093733	37	2.35e-04
ptg000009l	100.000	30	160251	57093733	37	8.46e-04
ptg000009l	94.444	36	160251	57093733	37	0.003
ptg000009l	94.444	36	160251	57093733	37	0.003
ptg000009l	96.970	33	160251	57093733	37	0.003
ptg000009l	100.000	29	160251	57093733	37	0.003
ptg000009l	96.875	32	160251	57093733	37	0.003
ptg000009l	96.875	32	160251	57093733	37	0.003
ptg000009l	96.875	32	160251	57093733	37	0.003
ptg000009l	96.875	32	160251	57093733	37	0.003
ptg000009l	96.875	32	160251	57093733	37	0.003
ptg000009l	96.875	32	160251	57093733	37	0.003
ptg000009l	92.105	38	160251	57093733	37	0.003
ptg000009l	100.000	28	160251	57093733	37	0.011
ptg000009l	100.000	28	160251	57093733	37	0.011
ptg000009l	100.000	28	160251	57093733	37	0.011
ptg000009l	100.000	28	160251	57093733	37	0.011
ptg000014l	95.148	474	160251	6725489	5	0.0
ptg000014l	88.827	537	160251	6725489	5	0.0
ptg000014l	88.641	537	160251	6725489	5	0.0
ptg000014l	93.919	296	160251	6725489	5	4.30e-121
ptg000014l	94.348	230	160251	6725489	5	2.68e-93
ptg000014l	94.180	189	160251	6725489	5	2.76e-73
ptg000014l	94.180	189	160251	6725489	5	2.76e-73
ptg000014l	93.367	196	160251	6725489	5	9.91e-73
ptg000014l	93.299	194	160251	6725489	5	3.56e-72
ptg000014l	92.347	196	160251	6725489	5	1.66e-70
ptg000014l	92.386	197	160251	6725489	5	1.66e-70
ptg000014l	90.952	210	160251	6725489	5	5.96e-70
ptg000014l	96.835	158	160251	6725489	5	1.29e-66
ptg000014l	96.203	158	160251	6725489	5	2.16e-64
ptg000014l	95.000	160	160251	6725489	5	1.01e-62
ptg000014l	95.000	160	160251	6725489	5	1.01e-62
ptg000014l	92.135	178	160251	6725489	5	3.62e-62
ptg000014l	97.857	140	160251	6725489	5	6.05e-60
ptg000014l	97.857	140	160251	6725489	5	6.05e-60
ptg000014l	99.248	133	160251	6725489	5	2.18e-59
ptg000014l	95.302	149	160251	6725489	5	2.81e-58
ptg000014l	93.631	157	160251	6725489	5	1.01e-57
ptg000014l	89.005	191	160251	6725489	5	3.64e-57
ptg000014l	97.674	129	160251	6725489	5	2.83e-53
ptg000014l	95.349	129	160251	6725489	5	1.03e-47
ptg000014l	99.038	104	160251	6725489	5	1.03e-42
ptg000014l	98.077	104	160251	6725489	5	4.81e-41
ptg000014l	100.000	95	160251	6725489	5	6.22e-40
ptg000014l	98.020	101	160251	6725489	5	2.24e-39
ptg000014l	93.103	116	160251	6725489	5	2.90e-38
ptg000014l	93.103	116	160251	6725489	5	2.90e-38
ptg000014l	97.872	94	160251	6725489	5	4.84e-36
ptg000014l	97.872	94	160251	6725489	5	4.84e-36
ptg000014l	93.548	93	160251	6725489	5	2.94e-28
ptg000014l	93.182	88	160251	6725489	5	4.91e-26
ptg000014l	95.000	80	160251	6725489	5	2.29e-24
ptg000014l	93.750	80	160251	6725489	5	2.96e-23
ptg000014l	91.566	83	160251	6725489	5	1.38e-21
ptg000014l	97.015	67	160251	6725489	5	4.95e-21
ptg000014l	98.182	55	160251	6725489	5	4.98e-16
ptg000014l	96.491	57	160251	6725489	5	1.79e-15
ptg000014l	75.102	245	160251	6725489	5	2.32e-14
ptg000014l	95.833	48	160251	6725489	5	1.81e-10
ptg000014l	95.833	48	160251	6725489	5	1.81e-10
ptg000014l	97.674	43	160251	6725489	5	2.34e-09
ptg000014l	97.619	42	160251	6725489	5	8.40e-09
ptg000014l	97.561	41	160251	6725489	5	3.02e-08
ptg000014l	95.349	43	160251	6725489	5	1.09e-07
ptg000014l	91.667	48	160251	6725489	5	3.91e-07
ptg000014l	91.667	48	160251	6725489	5	3.91e-07
ptg000014l	100.000	36	160251	6725489	5	3.91e-07
ptg000014l	100.000	36	160251	6725489	5	3.91e-07
ptg000014l	100.000	32	160251	6725489	5	6.54e-05
ptg000014l	100.000	32	160251	6725489	5	6.54e-05
ptg000045l	88.571	490	160251	118804	0	8.79e-158
ptg000045l	88.571	490	160251	118804	0	8.79e-158
ptg000045l	96.512	86	160251	118804	0	2.27e-29
ptg000045l	96.512	86	160251	118804	0	2.27e-29
ptg000045l	97.368	76	160251	118804	0	4.91e-26
ptg000045l	97.368	76	160251	118804	0	4.91e-26
ptg000045l	100.000	29	160251	118804	0	0.003
ptg000045l	100.000	29	160251	118804	0	0.003
ptg000045l	100.000	29	160251	118804	0	0.003
ptg000045l	100.000	29	160251	118804	0	0.003
ptg000054l	98.876	178	160251	62207	0	3.51e-82
ptg000054l	93.671	79	160251	62207	0	3.83e-22
ptg000036l	96.842	190	160251	55519	0	3.51e-82
ptg000036l	93.671	79	160251	55519	0	3.83e-22
ptg000018l	98.876	178	160251	64440	0	3.51e-82
ptg000018l	93.671	79	160251	64440	0	3.83e-22
ptg000055l	98.276	174	160251	110367	0	7.61e-79
ptg000055l	97.701	174	160251	110367	0	1.27e-76
ptg000055l	98.462	65	160251	110367	0	1.38e-21
# BLAST processed 1 queries
